date,hour,P_LD,P_PV,P1 (PV_LD),P2 (GR_LD),P3 (PV_BAT),P4 (BAT_LD),P5 (FC_BAT),P6 (BAT_EL),P7 (EL_FT),P8 (FT_FC),P9 (FC_WT),P10 (WT_EL)
15/05/2017,0,1.88,0,0,1.309721661,0,0.570278339,0,3.88E-26,0.045081584,0,0.039343928,0
15/05/2017,1,1.14,0,0,0.76826087,0,0.37173913,0,3.67E-14,7.78E-07,0,5.92E-07,0
15/05/2017,2,1.22,0,0,0.822173913,0,0.397826087,0,3.24E-14,7.59E-07,0,5.83E-07,0
15/05/2017,3,1.06,0,0,0.714347826,0,0.345652174,0,9.86E-14,1.29E-06,0,9.96E-07,0
15/05/2017,4,0.97,0,0,0.653695652,0,0.316304348,0,9.83E-14,1.14E-06,0,8.86E-07,0
15/05/2017,5,1.02,0,0,0.687391304,0,0.332608696,0,2.23E-14,5.86E-07,0,4.56E-07,0
15/05/2017,6,1.07,0,0,0.721086957,0,0.348913043,0,7.70E-14,1.16E-06,0,8.89E-07,0
15/05/2017,7,1.06,0,0,0.714347826,0,0.345652174,0,9.86E-14,1.29E-06,0,9.96E-07,0
15/05/2017,8,1.01,0.152678,0.152678,0.577760478,0,0.279561522,0,2.18E-14,5.29E-07,0,4.06E-07,0
15/05/2017,9,1.21,1.00908,0.971161893,0.160956116,0,0.077881991,0,2.92E-13,1.06E-06,0,7.95E-07,0
15/05/2017,10,0.6,0.34395,0.34395,0.172555435,0,0.083494565,0,9.13E-14,6.12E-07,0,4.71E-07,0
15/05/2017,11,0.42,0.344316,0.332056595,0.059266208,0,0.028677197,0,3.41E-13,7.10E-07,0,5.49E-07,0
15/05/2017,12,0.55,1.288437,0.55,3.76E-14,0.637583304,0,4.24E-14,0,0,4.94E-07,0,5.92E-07
15/05/2017,13,3.3,0.111511,0.111511,2.374442089,0,0.814046911,0,3.22E-19,0.237901976,0,0.207623542,0
15/05/2017,14,0.4,0.089999,0.089999,0.208913717,0,0.101087283,0,6.33E-14,5.75E-07,0,4.44E-07,0
15/05/2017,15,1.87,0.52317,0.52317,0.907646304,0,0.439183696,0,7.42E-14,1.29E-06,0,1.01E-06,0
15/05/2017,16,0.99,0,0,0.667173913,0,0.322826087,0,9.41E-14,1.15E-06,0,8.90E-07,0
15/05/2017,17,3.81,0,0,2.880166982,0,0.929833018,0,1.95E-27,0.329488526,0,0.287553623,0
15/05/2017,18,2.38,0,0,1.71657278,0,0.66342722,0,4.35E-16,0.118762139,0,0.103646958,0
15/05/2017,19,2.43,0,0,1.757257892,0,0.672742108,0,1.43E-16,0.126130195,0,0.110077261,0
15/05/2017,20,1.4,0,0,0.943478261,0,0.456521739,0,2.44E-14,7.34E-07,0,5.62E-07,0
15/05/2017,21,1.88,0,0,1.309721661,0,0.570278339,0,3.88E-26,0.045081584,0,0.039343928,0
15/05/2017,22,2.24,0,0,1.602654467,0,0.637345533,0,2.47E-25,0.098131584,0,0.085642109,0
15/05/2017,23,2.26,0,0,1.618928511,0,0.641071489,0,2.76E-26,0.101078806,0,0.088214231,0
16/05/2017,0,0.98,0,0,0.660434783,0,0.319565217,0,9.62E-14,1.15E-06,0,8.88E-07,0
16/05/2017,1,1.03,0,0,0.694130435,0,0.335869565,0,1.13E-13,1.35E-06,0,1.05E-06,0
16/05/2017,2,0.99,0,0,0.667173913,0,0.322826087,0,9.41E-14,1.15E-06,0,8.90E-07,0
16/05/2017,3,0.91,0,0,0.61326087,0,0.29673913,0,3.64E-14,6.61E-07,0,5.05E-07,0
16/05/2017,4,0.94,0,0,0.633478261,0,0.306521739,0,3.24E-14,6.36E-07,0,4.87E-07,0
16/05/2017,5,1.02,0,0,0.687391304,0,0.332608696,0,2.23E-14,5.86E-07,0,4.56E-07,0
16/05/2017,6,1.24,0,0,0.835652174,0,0.404347826,0,2.88E-14,7.23E-07,0,5.53E-07,0
16/05/2017,7,3.29,0,0,2.457041817,0,0.832958183,0,1.22E-19,0.252860749,0,0.220678472,0
16/05/2017,8,2.62,0.44952,0.44952,1.546085887,0,0.624394113,0,6.80E-16,0.087887039,0,0.076701416,0
16/05/2017,9,2.86,1.408163,1.408163,0.978411891,0,0.473425109,0,4.55E-14,1.05E-06,0,8.05E-07,0
16/05/2017,10,1.84,2.012219,1.475062115,0.364937885,0.537156885,0,3.21E-14,0,0,7.10E-07,0,6.16E-07
16/05/2017,11,2.09,2.238357,1.651460115,0.438539885,0.586896885,0,1.05E-14,0,0,4.09E-07,0,3.66E-07
16/05/2017,12,2.34,2.294772,2.169321057,0.115022766,0,0.055656177,0,2.17E-13,7.85E-07,0,6.07E-07,0
16/05/2017,13,1.31,2.117918,1.31,5.92E-14,0.754487679,0,1.83E-14,0,0,4.38E-07,0,4.93E-07
16/05/2017,14,0.27,1.643329,0.27,3.88E-15,1.125264375,0,6.64E-15,0,0,5.41E-07,0,4.49E-07
16/05/2017,15,0.24,0.856385,0.24,9.29E-15,0.514595089,0,1.39E-14,0,0,4.30E-07,0,3.90E-07
16/05/2017,16,0.42,0,0,0.283043478,0,0.136956522,0,3.20E-13,1.40E-06,0,1.09E-06,0
16/05/2017,17,0.31,0,0,0.208913043,0,0.101086957,0,8.52E-14,5.97E-07,0,4.59E-07,0
16/05/2017,18,0.32,0,0,0.215652174,0,0.104347826,0,7.97E-14,5.84E-07,0,4.49E-07,0
16/05/2017,19,0.73,0,0,0.491956522,0,0.238043478,0,5.13E-14,7.22E-07,0,5.65E-07,0
16/05/2017,20,1.07,0,0,0.721086957,0,0.348913043,0,7.70E-14,1.16E-06,0,8.89E-07,0
16/05/2017,21,1.47,0,0,0.990652174,0,0.479347826,0,2.66E-14,7.59E-07,0,5.81E-07,0
16/05/2017,22,1.85,0,0,1.285310594,0,0.564689406,0,6.81E-24,0.040660751,0,0.035485746,0
16/05/2017,23,2.13,0,0,1.51314722,0,0.61685278,0,5.83E-20,0.081921862,0,0.071495443,0
17/05/2017,0,1.28,0,0,0.862608696,0,0.417391304,0,2.74E-14,7.16E-07,0,5.49E-07,0
17/05/2017,1,1.14,0,0,0.76826087,0,0.37173913,0,3.67E-14,7.78E-07,0,5.92E-07,0
17/05/2017,2,1.15,0,0,0.775,0,0.375,0,4.69E-14,8.93E-07,0,6.89E-07,0
17/05/2017,3,1.18,0,0,0.795217391,0,0.384782609,0,5.49E-14,9.75E-07,0,7.45E-07,0
17/05/2017,4,0.8,0,0,0.539130435,0,0.260869565,0,2.95E-14,5.68E-07,0,4.40E-07,0
17/05/2017,5,0.36,0,0,0.242608696,0,0.117391304,0,2.18E-13,1.07E-06,0,8.27E-07,0
17/05/2017,6,0.42,0,0,0.283043478,0,0.136956522,0,3.20E-13,1.40E-06,0,1.09E-06,0
17/05/2017,7,1.63,0,0,1.106296101,0,0.523703899,0,1.11E-21,0.008241307,0,0.007192413,0
17/05/2017,8,0.42,0.485055,0.349782049,0.070217951,0.135272951,0,1.00E-13,0,0,5.19E-07,0,4.92E-07
17/05/2017,9,2.99,1.421604,1.421604,1.057054591,0,0.511341409,0,3.10E-17,9.71E-05,0,8.47E-05,0
17/05/2017,10,1.09,2.099172,1.09,1.07E-14,0.898531071,0,8.60E-15,0,0,6.41E-07,0,5.01E-07
17/05/2017,11,2.89,2.367157,2.283114112,0.408988316,0,0.197897572,0,3.27E-14,5.79E-07,0,4.54E-07,0
17/05/2017,12,2.2,2.40842,1.764934754,0.435065246,0.643485246,0,2.18E-14,0,0,6.55E-07,0,5.52E-07
17/05/2017,13,2.01,2.278684,1.652282033,0.357717967,0.626401967,0,2.00E-14,0,0,5.99E-07,0,5.09E-07
17/05/2017,14,0.3,1.736015,0.3,1.31E-14,1.178047768,0,2.23E-14,0,0,7.24E-07,0,7.64E-07
17/05/2017,15,0.33,1.011249,0.33,6.98E-15,0.573950089,0,9.76E-15,0,0,2.24E-07,0,2.83E-07
17/05/2017,16,0.26,0,0,0.175217391,0,0.084782609,0,1.03E-13,6.25E-07,0,4.83E-07,0
17/05/2017,17,0.32,0,0,0.215652174,0,0.104347826,0,7.97E-14,5.84E-07,0,4.49E-07,0
17/05/2017,18,0.41,0,0,0.276304348,0,0.133695652,0,9.39E-14,7.50E-07,0,5.84E-07,0
17/05/2017,19,0.94,0,0,0.633478261,0,0.306521739,0,3.24E-14,6.36E-07,0,4.87E-07,0
17/05/2017,20,1.22,0,0,0.822173913,0,0.397826087,0,3.24E-14,7.59E-07,0,5.83E-07,0
17/05/2017,21,1.32,0,0,0.889565217,0,0.430434783,0,3.24E-14,7.84E-07,0,5.96E-07,0
17/05/2017,22,1.44,0,0,0.970434783,0,0.469565217,0,2.60E-14,7.90E-07,0,6.06E-07,0
17/05/2017,23,1.54,0,0,1.037826087,0,0.502173913,0,2.01E-14,6.22E-07,0,4.73E-07,0
18/05/2017,0,1.41,0,0,0.950217391,0,0.459782609,0,2.32E-14,7.43E-07,0,5.72E-07,0
18/05/2017,1,1.16,0,0,0.78173913,0,0.37826087,0,4.43E-14,8.71E-07,0,6.72E-07,0
18/05/2017,2,1.22,0,0,0.822173913,0,0.397826087,0,3.24E-14,7.59E-07,0,5.83E-07,0
18/05/2017,3,1.16,0,0,0.78173913,0,0.37826087,0,4.43E-14,8.71E-07,0,6.72E-07,0
18/05/2017,4,1.1,0,0,0.741304348,0,0.358695652,0,8.04E-14,1.18E-06,0,9.02E-07,0
18/05/2017,5,1.11,0,0,0.748043478,0,0.361956522,0,8.00E-14,1.17E-06,0,8.99E-07,0
18/05/2017,6,1.12,0,0,0.754782609,0,0.365217391,0,7.40E-14,1.12E-06,0,8.62E-07,0
18/05/2017,7,0.86,0,0,0.579565217,0,0.280434783,0,3.12E-14,5.85E-07,0,4.46E-07,0
18/05/2017,8,1.6,0.462243,0.462243,0.766749283,0,0.371007717,0,1.76E-14,5.46E-07,0,4.15E-07,0
18/05/2017,9,0.41,1.256603,0.41,6.50E-15,0.713252411,0,9.09E-15,0,0,3.16E-07,0,3.16E-07
18/05/2017,10,3.33,2.067908,2.067908,0.850540261,0,0.411551739,0,2.05E-14,6.70E-07,0,5.04E-07,0
18/05/2017,11,0.4,2.452077,0.4,1.58E-13,1.640149413,0,2.58E-13,0,0,0.213759114,0,0.128255468
18/05/2017,12,0.4,2.446768,0.4,8.63E-15,1.636279876,0,1.41E-14,0,0,0.211690449,0,0.127014269
18/05/2017,13,0.44,2.191376,0.44,2.29E-17,1.423894846,0,3.70E-17,0,0,0.09814884,0,0.058889304
18/05/2017,14,0.47,1.643473,0.47,6.05E-15,0.980737232,0,9.01E-15,0,0,4.29E-07,0,4.01E-07
18/05/2017,15,0.53,0.919086,0.53,1.32E-13,0.355247679,0,7.13E-14,0,0,9.79E-07,0,8.12E-07
18/05/2017,16,0.58,0.035426,0.035426,0.366995522,0,0.177578478,0,1.22E-13,1.02E-06,0,7.88E-07,0
18/05/2017,17,0.62,0,0,0.417826087,0,0.202173913,0,7.85E-14,8.25E-07,0,6.43E-07,0
18/05/2017,18,0.58,0,0,0.390869565,0,0.189130435,0,8.14E-14,8.18E-07,0,6.47E-07,0
18/05/2017,19,0.45,0,0,0.30326087,0,0.14673913,0,1.90E-13,1.14E-06,0,8.86E-07,0
18/05/2017,20,1.63,0,0,1.106296101,0,0.523703899,0,1.11E-21,0.008241307,0,0.007192413,0
18/05/2017,21,0.41,0,0,0.276304348,0,0.133695652,0,9.39E-14,7.50E-07,0,5.84E-07,0
18/05/2017,22,0.37,0,0,0.249347826,0,0.120652174,0,6.10E-14,5.67E-07,0,4.41E-07,0
18/05/2017,23,0.35,0,0,0.235869565,0,0.114130435,0,1.79E-13,9.39E-07,0,7.27E-07,0
19/05/2017,0,0.42,0,0,0.283043478,0,0.136956522,0,3.20E-13,1.40E-06,0,1.09E-06,0
19/05/2017,1,0.39,0,0,0.262826087,0,0.127173913,0,3.46E-13,1.38E-06,0,1.08E-06,0
19/05/2017,2,0.32,0,0,0.215652174,0,0.104347826,0,7.97E-14,5.84E-07,0,4.49E-07,0
19/05/2017,3,0.34,0,0,0.229130435,0,0.110869565,0,6.68E-14,5.46E-07,0,4.22E-07,0
19/05/2017,4,0.36,0,0,0.242608696,0,0.117391304,0,2.18E-13,1.07E-06,0,8.27E-07,0
19/05/2017,5,0.28,0,0,0.188695652,0,0.091304348,0,8.01E-14,5.70E-07,0,4.40E-07,0
19/05/2017,6,0.28,0,0,0.188695652,0,0.091304348,0,8.01E-14,5.70E-07,0,4.40E-07,0
19/05/2017,7,0.48,0,0,0.323478261,0,0.156521739,0,1.16E-13,9.20E-07,0,7.15E-07,0
19/05/2017,8,0.36,0.503922,0.342487205,0.017512795,0.157245682,0,4.23E-14,0,0,2.53E-07,0,2.61E-07
19/05/2017,9,0.38,1.45679,0.38,1.44E-14,0.895813393,0,2.21E-14,0,0,5.14E-07,0,5.59E-07
19/05/2017,10,0.36,2.028117,0.36,2.42E-15,1.357379481,0,3.94E-15,0,0,0.062589547,0,0.037553728
19/05/2017,11,0.4,2.323488,0.4,1.50E-13,1.546425568,0,2.63E-13,0,0,0.163654094,0,0.098192456
19/05/2017,12,3.31,2.376465,2.331021328,0.659746497,0,0.319232176,0,3.07E-14,7.13E-07,0,5.45E-07,0
19/05/2017,13,0.26,2.114146,0.26,5.16E-17,1.485680616,0,8.97E-17,0,0,0.131179679,0,0.078707807
19/05/2017,14,0.26,1.469659,0.26,1.25E-14,0.992940268,0,2.12E-14,0,0,5.89E-07,0,5.96E-07
19/05/2017,15,0.31,1.027962,0.31,2.62E-14,0.601844464,0,3.81E-14,0,0,6.28E-07,0,6.69E-07
19/05/2017,16,0.27,0.05353,0.05353,0.145881957,0,0.070588043,0,2.94E-13,1.01E-06,0,7.81E-07,0
19/05/2017,17,0.35,0,0,0.235869565,0,0.114130435,0,1.79E-13,9.39E-07,0,7.27E-07,0
19/05/2017,18,0.38,0,0,0.256086957,0,0.123913043,0,3.49E-13,1.35E-06,0,1.06E-06,0
19/05/2017,19,0.44,0,0,0.296521739,0,0.143478261,0,2.73E-13,1.35E-06,0,1.06E-06,0
19/05/2017,20,0.45,0,0,0.30326087,0,0.14673913,0,1.90E-13,1.14E-06,0,8.86E-07,0
19/05/2017,21,0.35,0,0,0.235869565,0,0.114130435,0,1.79E-13,9.39E-07,0,7.27E-07,0
19/05/2017,22,0.46,0,0,0.31,0,0.15,0,2.00E-13,1.17E-06,0,9.06E-07,0
19/05/2017,23,0.43,0,0,0.289782609,0,0.140217391,0,1.24E-13,8.81E-07,0,6.85E-07,0
20/05/2017,0,0.37,0,0,0.249347826,0,0.120652174,0,6.10E-14,5.67E-07,0,4.41E-07,0
20/05/2017,1,0.38,0,0,0.256086957,0,0.123913043,0,3.49E-13,1.35E-06,0,1.06E-06,0
20/05/2017,2,0.45,0,0,0.30326087,0,0.14673913,0,1.90E-13,1.14E-06,0,8.86E-07,0
20/05/2017,3,0.39,0,0,0.262826087,0,0.127173913,0,3.46E-13,1.38E-06,0,1.08E-06,0
20/05/2017,4,0.36,0,0,0.242608696,0,0.117391304,0,2.18E-13,1.07E-06,0,8.27E-07,0
20/05/2017,5,0.32,0,0,0.215652174,0,0.104347826,0,7.97E-14,5.84E-07,0,4.49E-07,0
20/05/2017,6,0.35,0,0,0.235869565,0,0.114130435,0,1.79E-13,9.39E-07,0,7.27E-07,0
20/05/2017,7,0.55,0,0,0.370652174,0,0.179347826,0,8.40E-14,8.37E-07,0,6.49E-07,0
20/05/2017,8,0.31,0.024486,0.024486,0.192411609,0,0.093102391,0,2.01E-13,9.49E-07,0,7.36E-07,0
20/05/2017,9,0.37,0.192343,0.192343,0.11972537,0,0.05793163,0,5.04E-13,1.15E-06,0,8.99E-07,0
20/05/2017,10,0.32,0.245676,0.238864708,0.054678132,0,0.02645716,0,9.46E-13,1.21E-06,0,9.45E-07,0
20/05/2017,11,0.31,0.272034,0.260268543,0.033514677,0,0.016216779,0,8.70E-13,9.00E-07,0,7.07E-07,0
20/05/2017,12,0.36,0.249119,0.24559571,0.077098543,0,0.037305747,0,5.57E-13,1.10E-06,0,8.66E-07,0
20/05/2017,13,0.38,0.237523,0.237523,0.096017109,0,0.046459891,0,6.09E-13,1.24E-06,0,9.61E-07,0
20/05/2017,14,0.4,0.117588,0.117588,0.19032113,0,0.09209087,0,6.62E-14,5.58E-07,0,4.30E-07,0
20/05/2017,15,0.34,0.192685,0.192685,0.0992775,0,0.0480375,0,6.29E-13,1.16E-06,0,9.11E-07,0
20/05/2017,16,0.38,0,0,0.256086957,0,0.123913043,0,3.49E-13,1.35E-06,0,1.06E-06,0
20/05/2017,17,0.42,0,0,0.283043478,0,0.136956522,0,3.20E-13,1.40E-06,0,1.09E-06,0
20/05/2017,18,0.36,0,0,0.242608696,0,0.117391304,0,2.18E-13,1.07E-06,0,8.27E-07,0
20/05/2017,19,0.35,0,0,0.235869565,0,0.114130435,0,1.79E-13,9.39E-07,0,7.27E-07,0
20/05/2017,20,0.4,0,0,0.269565217,0,0.130434783,0,9.36E-14,7.27E-07,0,5.71E-07,0
20/05/2017,21,0.5,0,0,0.336956522,0,0.163043478,0,9.90E-14,8.94E-07,0,7.00E-07,0
20/05/2017,22,0.53,0,0,0.357173913,0,0.172826087,0,7.95E-14,8.04E-07,0,6.26E-07,0
20/05/2017,23,0.35,0,0,0.235869565,0,0.114130435,0,1.79E-13,9.39E-07,0,7.27E-07,0
21/05/2017,0,0.45,0,0,0.30326087,0,0.14673913,0,1.90E-13,1.14E-06,0,8.86E-07,0
21/05/2017,1,0.43,0,0,0.289782609,0,0.140217391,0,1.24E-13,8.81E-07,0,6.85E-07,0
21/05/2017,2,0.38,0,0,0.256086957,0,0.123913043,0,3.49E-13,1.35E-06,0,1.06E-06,0
21/05/2017,3,0.33,0,0,0.222391304,0,0.107608696,0,6.52E-14,5.31E-07,0,4.09E-07,0
21/05/2017,4,0.37,0,0,0.249347826,0,0.120652174,0,6.10E-14,5.67E-07,0,4.41E-07,0
21/05/2017,5,0.31,0,0,0.208913043,0,0.101086957,0,8.52E-14,5.97E-07,0,4.59E-07,0
21/05/2017,6,0.31,0,0,0.208913043,0,0.101086957,0,8.52E-14,5.97E-07,0,4.59E-07,0
21/05/2017,7,0.49,0,0,0.330217391,0,0.159782609,0,1.04E-13,8.89E-07,0,6.95E-07,0
21/05/2017,8,0.39,0.285655,0.279443085,0.074505747,0,0.036051168,0,4.01E-13,9.05E-07,0,7.07E-07,0
21/05/2017,9,0.32,0.170134,0.170134,0.100996652,0,0.048869348,0,1.13E-13,5.17E-07,0,3.98E-07,0
21/05/2017,10,0.32,0.146194,0.146194,0.11713013,0,0.05667587,0,1.05E-13,5.49E-07,0,4.23E-07,0
21/05/2017,11,1.75,0.364642,0.364642,0.933610826,0,0.451747174,0,3.82E-14,9.33E-07,0,7.17E-07,0
21/05/2017,12,0.55,0.223203,0.223203,0.220232761,0,0.106564239,0,1.79E-13,1.01E-06,0,7.81E-07,0
21/05/2017,13,4.13,0.659687,0.659687,2.603762909,0,0.866550091,0,2.93E-22,0.279431873,0,0.243867816,0
21/05/2017,14,0.5,0.840022,0.5,1.79E-13,0.313410536,0,7.92E-14,0,0,9.21E-07,0,7.89E-07
21/05/2017,15,0.36,0.499139,0.340214241,0.019785759,0.15504604,0,5.37E-14,0,0,2.55E-07,0,2.64E-07
21/05/2017,16,0.45,0,0,0.30326087,0,0.14673913,0,1.90E-13,1.14E-06,0,8.86E-07,0
21/05/2017,17,0.41,0,0,0.276304348,0,0.133695652,0,9.39E-14,7.50E-07,0,5.84E-07,0
21/05/2017,18,0.42,0,0,0.283043478,0,0.136956522,0,3.20E-13,1.40E-06,0,1.09E-06,0
21/05/2017,19,0.46,0,0,0.31,0,0.15,0,2.00E-13,1.17E-06,0,9.06E-07,0
21/05/2017,20,0.5,0,0,0.336956522,0,0.163043478,0,9.90E-14,8.94E-07,0,7.00E-07,0
21/05/2017,21,0.36,0,0,0.242608696,0,0.117391304,0,2.18E-13,1.07E-06,0,8.27E-07,0
21/05/2017,22,0.42,0,0,0.283043478,0,0.136956522,0,3.20E-13,1.40E-06,0,1.09E-06,0
21/05/2017,23,0.55,0,0,0.370652174,0,0.179347826,0,8.40E-14,8.37E-07,0,6.49E-07,0
22/05/2017,0,0.37,0,0,0.249347826,0,0.120652174,0,6.10E-14,5.67E-07,0,4.41E-07,0
22/05/2017,1,0.4,0,0,0.269565217,0,0.130434783,0,9.36E-14,7.27E-07,0,5.71E-07,0
22/05/2017,2,0.48,0,0,0.323478261,0,0.156521739,0,1.16E-13,9.20E-07,0,7.15E-07,0
22/05/2017,3,0.46,0,0,0.31,0,0.15,0,2.00E-13,1.17E-06,0,9.06E-07,0
22/05/2017,4,0.35,0,0,0.235869565,0,0.114130435,0,1.79E-13,9.39E-07,0,7.27E-07,0
22/05/2017,5,0.36,0,0,0.242608696,0,0.117391304,0,2.18E-13,1.07E-06,0,8.27E-07,0
22/05/2017,6,0.39,0,0,0.262826087,0,0.127173913,0,3.46E-13,1.38E-06,0,1.08E-06,0
22/05/2017,7,0.32,0,0,0.215652174,0,0.104347826,0,7.97E-14,5.84E-07,0,4.49E-07,0
22/05/2017,8,1.67,0.003716,0.003716,1.135820473,0,0.530463527,0,3.95E-24,0.013588157,0,0.011858755,0
22/05/2017,9,0.58,0.088468,0.088468,0.331249826,0,0.160282174,0,5.58E-14,6.42E-07,0,5.01E-07,0
22/05/2017,10,0.43,1.603001,0.43,1.10E-14,0.977143661,0,1.68E-14,0,0,5.67E-07,0,5.98E-07
22/05/2017,11,0.29,1.967017,0.29,6.18E-18,1.358764322,0,9.80E-18,0,0,0.063329886,0,0.037997932
22/05/2017,12,0.37,0.293008,0.283774456,0.058108519,0,0.028117025,0,4.72E-13,8.68E-07,0,6.78E-07,0
22/05/2017,13,1.15,1.174945,0.879890082,0.270109918,0.295054918,0,6.03E-14,0,0,4.19E-07,0,5.11E-07
22/05/2017,14,1.2,0.371835,0.371835,0.558111196,0,0.270053804,0,2.28E-14,5.58E-07,0,4.34E-07,0
22/05/2017,15,0.49,0.162206,0.162206,0.220904652,0,0.106889348,0,2.38E-13,1.07E-06,0,8.42E-07,0
22/05/2017,16,0.38,0,0,0.256086957,0,0.123913043,0,3.49E-13,1.35E-06,0,1.06E-06,0
22/05/2017,17,1.3,0,0,0.876086957,0,0.423913043,0,2.70E-14,7.12E-07,0,5.43E-07,0
22/05/2017,18,1.31,0,0,0.882826087,0,0.427173913,0,3.26E-14,7.85E-07,0,5.96E-07,0
22/05/2017,19,1.03,0,0,0.694130435,0,0.335869565,0,1.13E-13,1.35E-06,0,1.05E-06,0
22/05/2017,20,1.09,0,0,0.734565217,0,0.355434783,0,7.98E-14,1.17E-06,0,9.03E-07,0
22/05/2017,21,1.44,0,0,0.970434783,0,0.469565217,0,2.60E-14,7.90E-07,0,6.06E-07,0
22/05/2017,22,1.32,0,0,0.889565217,0,0.430434783,0,3.24E-14,7.84E-07,0,5.96E-07,0
22/05/2017,23,0.5,0,0,0.336956522,0,0.163043478,0,9.90E-14,8.94E-07,0,7.00E-07,0
23/05/2017,0,0.45,0,0,0.30326087,0,0.14673913,0,1.90E-13,1.14E-06,0,8.86E-07,0
23/05/2017,1,0.52,0,0,0.350434783,0,0.169565217,0,8.97E-14,8.49E-07,0,6.61E-07,0
23/05/2017,2,0.49,0,0,0.330217391,0,0.159782609,0,1.04E-13,8.89E-07,0,6.95E-07,0
23/05/2017,3,0.45,0,0,0.30326087,0,0.14673913,0,1.90E-13,1.14E-06,0,8.86E-07,0
23/05/2017,4,0.49,0,0,0.330217391,0,0.159782609,0,1.04E-13,8.89E-07,0,6.95E-07,0
23/05/2017,5,0.48,0,0,0.323478261,0,0.156521739,0,1.16E-13,9.20E-07,0,7.15E-07,0
23/05/2017,6,0.83,0,0,0.559347826,0,0.270652174,0,2.64E-14,5.25E-07,0,4.04E-07,0
23/05/2017,7,1.13,0,0,0.761521739,0,0.368478261,0,7.57E-14,1.14E-06,0,8.70E-07,0
23/05/2017,8,1.31,0.067434,0.067434,0.837381435,0,0.405184565,0,1.69E-14,5.77E-07,0,4.48E-07,0
23/05/2017,9,0.83,0.428699,0.428699,0.270441978,0,0.130859022,0,6.81E-14,6.69E-07,0,5.21E-07,0
23/05/2017,10,3.85,0.314628,0.314628,2.656701563,0,0.878670437,0,1.70E-22,0.28901904,0,0.252234798,0
23/05/2017,11,1.65,0.128507,0.128507,1.025353978,0,0.496139022,0,4.24E-14,9.96E-07,0,7.74E-07,0
23/05/2017,12,1.79,0.301823,0.301823,1.002901891,0,0.485275109,0,1.35E-14,5.48E-07,0,4.23E-07,0
23/05/2017,13,0.34,0.157247,0.157247,0.12315963,0,0.05959337,0,9.58E-14,5.28E-07,0,4.06E-07,0
23/05/2017,14,0.27,0.114825,0.114825,0.104574457,0,0.050600543,0,6.55E-13,1.33E-06,0,1.03E-06,0
23/05/2017,15,0.27,0.082334,0.082334,0.126470565,0,0.061195435,0,5.46E-13,1.26E-06,0,9.87E-07,0
23/05/2017,16,0.35,0,0,0.235869565,0,0.114130435,0,1.79E-13,9.39E-07,0,7.27E-07,0
23/05/2017,17,0.33,0,0,0.222391304,0,0.107608696,0,6.52E-14,5.31E-07,0,4.09E-07,0
23/05/2017,18,0.65,0,0,0.438043478,0,0.211956522,0,4.98E-14,6.79E-07,0,5.29E-07,0
23/05/2017,19,0.56,0,0,0.377391304,0,0.182608696,0,7.91E-14,8.14E-07,0,6.30E-07,0
23/05/2017,20,1.24,0,0,0.835652174,0,0.404347826,0,2.88E-14,7.23E-07,0,5.53E-07,0
23/05/2017,21,0.37,0,0,0.249347826,0,0.120652174,0,6.10E-14,5.67E-07,0,4.41E-07,0
23/05/2017,22,0.36,0,0,0.242608696,0,0.117391304,0,2.18E-13,1.07E-06,0,8.27E-07,0
23/05/2017,23,0.36,0,0,0.242608696,0,0.117391304,0,2.18E-13,1.07E-06,0,8.27E-07,0
24/05/2017,0,0.36,0,0,0.242608696,0,0.117391304,0,2.18E-13,1.07E-06,0,8.27E-07,0
24/05/2017,1,0.31,0,0,0.208913043,0,0.101086957,0,8.52E-14,5.97E-07,0,4.59E-07,0
24/05/2017,2,0.29,0,0,0.195434783,0,0.094565217,0,9.60E-14,6.28E-07,0,4.83E-07,0
24/05/2017,3,0.36,0,0,0.242608696,0,0.117391304,0,2.18E-13,1.07E-06,0,8.27E-07,0
24/05/2017,4,0.38,0,0,0.256086957,0,0.123913043,0,3.49E-13,1.35E-06,0,1.06E-06,0
24/05/2017,5,0.3,0,0,0.202173913,0,0.097826087,0,9.19E-14,6.14E-07,0,4.72E-07,0
24/05/2017,6,0.35,0,0,0.235869565,0,0.114130435,0,1.79E-13,9.39E-07,0,7.27E-07,0
24/05/2017,7,0.35,0,0,0.235869565,0,0.114130435,0,1.79E-13,9.39E-07,0,7.27E-07,0
24/05/2017,8,0.96,0,0,0.646956522,0,0.313043478,0,2.70E-14,5.99E-07,0,4.61E-07,0
24/05/2017,9,2,0.076204,0.076204,1.345358564,0,0.578437436,0,5.29E-15,0.051535411,0,0.044976359,0
24/05/2017,10,0.41,0.148327,0.148327,0.176344848,0,0.085328152,0,4.16E-13,1.31E-06,0,1.01E-06,0
24/05/2017,11,0.46,0.183499,0.183499,0.18633763,0,0.09016337,0,2.69E-13,1.05E-06,0,8.25E-07,0
24/05/2017,12,0.46,0.180185,0.180185,0.188570978,0,0.091244022,0,2.65E-13,1.04E-06,0,8.21E-07,0
24/05/2017,13,0.36,0.156582,0.156582,0.137086043,0,0.066331957,0,5.18E-13,1.29E-06,0,9.92E-07,0
24/05/2017,14,0.4,0.114356,0.114356,0.192499217,0,0.093144783,0,6.73E-14,5.67E-07,0,4.38E-07,0
24/05/2017,15,0.45,0.078664,0.078664,0.250248174,0,0.121087826,0,2.83E-13,1.31E-06,0,1.01E-06,0
24/05/2017,16,0.4,0,0,0.269565217,0,0.130434783,0,9.36E-14,7.27E-07,0,5.71E-07,0
24/05/2017,17,1.51,0,0,1.017608696,0,0.492391304,0,2.38E-14,6.87E-07,0,5.22E-07,0
24/05/2017,18,0.69,0,0,0.465,0,0.225,0,7.73E-14,8.62E-07,0,6.75E-07,0
24/05/2017,19,0.55,0,0,0.370652174,0,0.179347826,0,8.40E-14,8.37E-07,0,6.49E-07,0
24/05/2017,20,0.46,0,0,0.31,0,0.15,0,2.00E-13,1.17E-06,0,9.06E-07,0
24/05/2017,21,0.53,0,0,0.357173913,0,0.172826087,0,7.95E-14,8.04E-07,0,6.26E-07,0
24/05/2017,22,0.56,0,0,0.377391304,0,0.182608696,0,7.91E-14,8.14E-07,0,6.30E-07,0
24/05/2017,23,0.45,0,0,0.30326087,0,0.14673913,0,1.90E-13,1.14E-06,0,8.86E-07,0
25/05/2017,0,0.38,0,0,0.256086957,0,0.123913043,0,3.49E-13,1.35E-06,0,1.06E-06,0
25/05/2017,1,0.38,0,0,0.256086957,0,0.123913043,0,3.49E-13,1.35E-06,0,1.06E-06,0
25/05/2017,2,0.45,0,0,0.30326087,0,0.14673913,0,1.90E-13,1.14E-06,0,8.86E-07,0
25/05/2017,3,0.4,0,0,0.269565217,0,0.130434783,0,9.36E-14,7.27E-07,0,5.71E-07,0
25/05/2017,4,0.3,0,0,0.202173913,0,0.097826087,0,9.19E-14,6.14E-07,0,4.72E-07,0
25/05/2017,5,0.31,0,0,0.208913043,0,0.101086957,0,8.52E-14,5.97E-07,0,4.59E-07,0
25/05/2017,6,0.5,0,0,0.336956522,0,0.163043478,0,9.90E-14,8.94E-07,0,7.00E-07,0
25/05/2017,7,0.42,0,0,0.283043478,0,0.136956522,0,3.20E-13,1.40E-06,0,1.09E-06,0
25/05/2017,8,0.29,0,0,0.195434783,0,0.094565217,0,9.60E-14,6.28E-07,0,4.83E-07,0
25/05/2017,9,1.39,0.077927,0.077927,0.884223109,0,0.427849891,0,1.69E-14,5.94E-07,0,4.53E-07,0
25/05/2017,10,0.42,0.129971,0.129971,0.195454326,0,0.094574674,0,3.84E-13,1.35E-06,0,1.04E-06,0
25/05/2017,11,0.31,0.165503,0.165503,0.097378413,0,0.047118587,0,1.21E-13,5.26E-07,0,4.04E-07,0
25/05/2017,12,0.25,0.181109,0.177431112,0.04890512,0,0.023663768,0,2.30E-13,4.96E-07,0,3.81E-07,0
25/05/2017,13,0.3,0.180159,0.180159,0.080762413,0,0.039078587,0,1.38E-13,4.96E-07,0,3.82E-07,0
25/05/2017,14,0.32,0.141109,0.141109,0.120556978,0,0.058334022,0,1.07E-13,5.63E-07,0,4.34E-07,0
25/05/2017,15,0.25,0.075711,0.075711,0.11745563,0,0.05683337,0,3.09E-13,8.88E-07,0,6.99E-07,0
25/05/2017,16,0.23,0,0,0.155,0,0.075,0,1.34E-13,6.83E-07,0,5.31E-07,0
25/05/2017,17,0.34,0,0,0.229130435,0,0.110869565,0,6.68E-14,5.46E-07,0,4.22E-07,0
25/05/2017,18,0.57,0,0,0.384130435,0,0.185869565,0,7.42E-14,7.91E-07,0,6.10E-07,0
25/05/2017,19,0.32,0,0,0.215652174,0,0.104347826,0,7.97E-14,5.84E-07,0,4.49E-07,0
25/05/2017,20,0,0,0,0,0,0,5.02E-07,0,0,5.73E-07,0,3.80E-07
25/05/2017,21,0.76,0,0,0.512173913,0,0.247826087,0,1.64E-13,1.32E-06,0,1.03E-06,0
25/05/2017,22,0.53,0,0,0.357173913,0,0.172826087,0,7.95E-14,8.04E-07,0,6.26E-07,0
25/05/2017,23,3.35,0,0,2.505863952,0,0.844136048,0,6.47E-19,0.261702416,0,0.228394836,0
26/05/2017,0,0.45,0,0,0.30326087,0,0.14673913,0,1.90E-13,1.14E-06,0,8.86E-07,0
26/05/2017,1,0.47,0,0,0.31673913,0,0.15326087,0,1.52E-13,1.03E-06,0,7.99E-07,0
26/05/2017,2,0.39,0,0,0.262826087,0,0.127173913,0,3.46E-13,1.38E-06,0,1.08E-06,0
26/05/2017,3,0.31,0,0,0.208913043,0,0.101086957,0,8.52E-14,5.97E-07,0,4.59E-07,0
26/05/2017,4,0.34,0,0,0.229130435,0,0.110869565,0,6.68E-14,5.46E-07,0,4.22E-07,0
26/05/2017,5,0.38,0,0,0.256086957,0,0.123913043,0,3.49E-13,1.35E-06,0,1.06E-06,0
26/05/2017,6,0.35,0,0,0.235869565,0,0.114130435,0,1.79E-13,9.39E-07,0,7.27E-07,0
26/05/2017,7,0.31,0,0,0.208913043,0,0.101086957,0,8.52E-14,5.97E-07,0,4.59E-07,0
26/05/2017,8,1.07,0.019477,0.019477,0.707961152,0,0.342561848,0,2.97E-14,6.94E-07,0,5.33E-07,0
26/05/2017,9,0.44,0.147892,0.147892,0.196855391,0,0.095252609,0,3.51E-13,1.26E-06,0,9.73E-07,0
26/05/2017,10,0.72,0.283621,0.283621,0.2940815,0,0.1422975,0,7.52E-14,7.47E-07,0,5.78E-07,0
26/05/2017,11,2.12,0.309032,0.309032,1.253550168,0,0.557417832,0,1.01E-14,0.034908952,0,0.030465994,0
26/05/2017,12,0.49,0.318966,0.317223774,0.116436152,0,0.056340074,0,1.82E-13,7.32E-07,0,5.66E-07,0
26/05/2017,13,0.37,0.282403,0.274779435,0.064170381,0,0.031050184,0,4.88E-13,9.30E-07,0,7.27E-07,0
26/05/2017,14,0.26,0.197543,0.192322889,0.045608488,0,0.022068623,0,9.53E-13,1.12E-06,0,8.84E-07,0
26/05/2017,15,0.27,0.130158,0.130158,0.094241348,0,0.045600652,0,2.13E-13,7.15E-07,0,5.51E-07,0
26/05/2017,16,0.46,0,0,0.31,0,0.15,0,2.00E-13,1.17E-06,0,9.06E-07,0
26/05/2017,17,1.2,0,0,0.808695652,0,0.391304348,0,4.60E-14,8.90E-07,0,6.81E-07,0
26/05/2017,18,0.97,0,0,0.653695652,0,0.316304348,0,9.83E-14,1.14E-06,0,8.86E-07,0
26/05/2017,19,0.39,0,0,0.262826087,0,0.127173913,0,3.46E-13,1.38E-06,0,1.08E-06,0
26/05/2017,20,0.47,0,0,0.31673913,0,0.15326087,0,1.52E-13,1.03E-06,0,7.99E-07,0
26/05/2017,21,0.45,0,0,0.30326087,0,0.14673913,0,1.90E-13,1.14E-06,0,8.86E-07,0
26/05/2017,22,0.35,0,0,0.235869565,0,0.114130435,0,1.79E-13,9.39E-07,0,7.27E-07,0
26/05/2017,23,0.4,0,0,0.269565217,0,0.130434783,0,9.36E-14,7.27E-07,0,5.71E-07,0
27/05/2017,0,0.45,0,0,0.30326087,0,0.14673913,0,1.90E-13,1.14E-06,0,8.86E-07,0
27/05/2017,1,0.41,0,0,0.276304348,0,0.133695652,0,9.39E-14,7.50E-07,0,5.84E-07,0
27/05/2017,2,0.4,0,0,0.269565217,0,0.130434783,0,9.36E-14,7.27E-07,0,5.71E-07,0
27/05/2017,3,0.41,0,0,0.276304348,0,0.133695652,0,9.39E-14,7.50E-07,0,5.84E-07,0
27/05/2017,4,0.43,0,0,0.289782609,0,0.140217391,0,1.24E-13,8.81E-07,0,6.85E-07,0
27/05/2017,5,0.3,0,0,0.202173913,0,0.097826087,0,9.19E-14,6.14E-07,0,4.72E-07,0
27/05/2017,6,0.41,0,0,0.276304348,0,0.133695652,0,9.39E-14,7.50E-07,0,5.84E-07,0
27/05/2017,7,0.56,0,0,0.377391304,0,0.182608696,0,7.91E-14,8.14E-07,0,6.30E-07,0
27/05/2017,8,0.47,0.000706,0.000706,0.316263348,0,0.153030652,0,5.40E-14,6.28E-07,0,4.81E-07,0
27/05/2017,9,0.55,0.089775,0.089775,0.31015163,0,0.15007337,0,5.32E-14,6.03E-07,0,4.73E-07,0
27/05/2017,10,0.38,0.180607,0.180607,0.134373543,0,0.065019457,0,4.95E-13,1.22E-06,0,9.47E-07,0
27/05/2017,11,1.57,0.268063,0.268063,0.877392326,0,0.424544674,0,7.00E-14,1.22E-06,0,9.46E-07,0
27/05/2017,12,0.48,0.270226,0.270226,0.141369435,0,0.068404565,0,2.91E-13,1.05E-06,0,8.24E-07,0
27/05/2017,13,0.81,0.257956,0.257956,0.372029652,0,0.180014348,0,5.20E-14,6.89E-07,0,5.30E-07,0
27/05/2017,14,1.51,0.164541,0.164541,0.90672237,0,0.43873663,0,2.85E-14,8.17E-07,0,6.33E-07,0
27/05/2017,15,1.38,0.126468,0.126468,0.844771565,0,0.408760435,0,4.01E-14,9.04E-07,0,6.99E-07,0
27/05/2017,16,1.33,0,0,0.896304348,0,0.433695652,0,5.62E-14,1.11E-06,0,8.47E-07,0
27/05/2017,17,1.27,0,0,0.855869565,0,0.414130435,0,2.81E-14,7.21E-07,0,5.52E-07,0
27/05/2017,18,1.33,0,0,0.896304348,0,0.433695652,0,5.62E-14,1.11E-06,0,8.47E-07,0
27/05/2017,19,1.34,0,0,0.903043478,0,0.436956522,0,2.04E-14,6.78E-07,0,5.19E-07,0
27/05/2017,20,1.21,0,0,0.815434783,0,0.394565217,0,3.42E-14,7.77E-07,0,5.95E-07,0
27/05/2017,21,1.24,0,0,0.835652174,0,0.404347826,0,2.88E-14,7.23E-07,0,5.53E-07,0
27/05/2017,22,1.26,0,0,0.849130435,0,0.410869565,0,2.77E-14,7.14E-07,0,5.47E-07,0
27/05/2017,23,0.58,0,0,0.390869565,0,0.189130435,0,8.14E-14,8.18E-07,0,6.47E-07,0
28/05/2017,0,0.44,0,0,0.296521739,0,0.143478261,0,2.73E-13,1.35E-06,0,1.06E-06,0
28/05/2017,1,0.41,0,0,0.276304348,0,0.133695652,0,9.39E-14,7.50E-07,0,5.84E-07,0
28/05/2017,2,0.45,0,0,0.30326087,0,0.14673913,0,1.90E-13,1.14E-06,0,8.86E-07,0
28/05/2017,3,0.49,0,0,0.330217391,0,0.159782609,0,1.04E-13,8.89E-07,0,6.95E-07,0
28/05/2017,4,0.4,0,0,0.269565217,0,0.130434783,0,9.36E-14,7.27E-07,0,5.71E-07,0
28/05/2017,5,0.33,0,0,0.222391304,0,0.107608696,0,6.52E-14,5.31E-07,0,4.09E-07,0
28/05/2017,6,0.39,0,0,0.262826087,0,0.127173913,0,3.46E-13,1.38E-06,0,1.08E-06,0
28/05/2017,7,0.43,0,0,0.289782609,0,0.140217391,0,1.24E-13,8.81E-07,0,6.85E-07,0
28/05/2017,8,0.51,0.000947,0.000947,0.343057457,0,0.165995543,0,1.84E-13,1.21E-06,0,9.28E-07,0
28/05/2017,9,0.36,0.063768,0.063768,0.199634609,0,0.096597391,0,1.37E-13,8.02E-07,0,6.19E-07,0
28/05/2017,10,0.43,0.112977,0.112977,0.213645935,0,0.103377065,0,5.26E-14,5.25E-07,0,4.05E-07,0
28/05/2017,11,0.47,0.148467,0.148467,0.216685283,0,0.104847717,0,2.57E-13,1.11E-06,0,8.56E-07,0
28/05/2017,12,0.48,0.161418,0.161418,0.214696565,0,0.103885435,0,2.75E-13,1.14E-06,0,8.95E-07,0
28/05/2017,13,0.29,0.133889,0.133889,0.105205239,0,0.050905761,0,1.36E-13,6.01E-07,0,4.64E-07,0
28/05/2017,14,0.46,0.1371,0.1371,0.217606522,0,0.105293478,0,3.18E-13,1.28E-06,0,9.85E-07,0
28/05/2017,15,0.89,0.068885,0.068885,0.553360109,0,0.267754891,0,2.22E-14,5.47E-07,0,4.22E-07,0
28/05/2017,16,4.17,0,0,3.173099788,0,0.996900212,0,1.20E-27,0.382538526,0,0.333851805,0
28/05/2017,17,1.29,0,0,0.869347826,0,0.420652174,0,3.66E-14,8.29E-07,0,6.31E-07,0
28/05/2017,18,1.42,0,0,0.956956522,0,0.463043478,0,2.39E-14,7.61E-07,0,5.86E-07,0
28/05/2017,19,1.36,0,0,0.916521739,0,0.443478261,0,8.64E-14,1.37E-06,0,1.06E-06,0
28/05/2017,20,1.28,0,0,0.862608696,0,0.417391304,0,2.74E-14,7.16E-07,0,5.49E-07,0
28/05/2017,21,1.22,0,0,0.822173913,0,0.397826087,0,3.24E-14,7.59E-07,0,5.83E-07,0
28/05/2017,22,1.38,0,0,0.93,0,0.45,0,2.17E-14,6.91E-07,0,5.29E-07,0
28/05/2017,23,1.28,0,0,0.862608696,0,0.417391304,0,2.74E-14,7.16E-07,0,5.49E-07,0
29/05/2017,0,1.14,0,0,0.76826087,0,0.37173913,0,3.67E-14,7.78E-07,0,5.92E-07,0
29/05/2017,1,1.16,0,0,0.78173913,0,0.37826087,0,4.43E-14,8.71E-07,0,6.72E-07,0
29/05/2017,2,0.42,0,0,0.283043478,0,0.136956522,0,3.20E-13,1.40E-06,0,1.09E-06,0
29/05/2017,3,0.3,0,0,0.202173913,0,0.097826087,0,9.19E-14,6.14E-07,0,4.72E-07,0
29/05/2017,4,0.27,0,0,0.181956522,0,0.088043478,0,8.93E-14,5.93E-07,0,4.58E-07,0
29/05/2017,5,0.4,0,0,0.269565217,0,0.130434783,0,9.36E-14,7.27E-07,0,5.71E-07,0
29/05/2017,6,1.31,0,0,0.882826087,0,0.427173913,0,3.26E-14,7.85E-07,0,5.96E-07,0
29/05/2017,7,1.2,0,0,0.808695652,0,0.391304348,0,4.60E-14,8.90E-07,0,6.81E-07,0
29/05/2017,8,1.08,0.014796,0.014796,0.71785487,0,0.34734913,0,2.48E-14,6.43E-07,0,4.93E-07,0
29/05/2017,9,1.14,0.120241,0.120241,0.687228891,0,0.332530109,0,1.87E-14,5.61E-07,0,4.37E-07,0
29/05/2017,10,1.19,0.221234,0.221234,0.652864043,0,0.315901957,0,3.95E-14,7.86E-07,0,6.12E-07,0
29/05/2017,11,1.16,0.292604,0.292604,0.584549478,0,0.282846522,0,6.41E-14,9.29E-07,0,7.21E-07,0
29/05/2017,12,1.68,0.322702,0.322702,0.914700826,0,0.442597174,0,5.54E-14,1.13E-06,0,8.81E-07,0
29/05/2017,13,0.24,0.284057,0.20337323,0.03662677,0.08068377,0,7.74E-14,0,0,2.89E-07,0,2.68E-07
29/05/2017,14,0.22,0.230752,0.17136577,0.04863423,0.05938623,0,1.75E-13,0,0,4.44E-07,0,4.97E-07
29/05/2017,15,0.16,0.116947,0.114435685,0.030706386,0,0.014857929,0,9.99E-13,8.70E-07,0,6.79E-07,0
29/05/2017,16,0.24,0,0,0.16173913,0,0.07826087,0,1.70E-13,7.88E-07,0,6.12E-07,0
29/05/2017,17,1.13,0,0,0.761521739,0,0.368478261,0,7.57E-14,1.14E-06,0,8.70E-07,0
29/05/2017,18,1.45,0,0,0.977173913,0,0.472826087,0,2.58E-14,7.82E-07,0,5.97E-07,0
29/05/2017,19,1.15,0,0,0.775,0,0.375,0,4.69E-14,8.93E-07,0,6.89E-07,0
29/05/2017,20,1.14,0,0,0.76826087,0,0.37173913,0,3.67E-14,7.78E-07,0,5.92E-07,0
29/05/2017,21,1.35,0,0,0.909782609,0,0.440217391,0,2.28E-14,7.14E-07,0,5.47E-07,0
29/05/2017,22,1.28,0,0,0.862608696,0,0.417391304,0,2.74E-14,7.16E-07,0,5.49E-07,0
29/05/2017,23,0.49,0,0,0.330217391,0,0.159782609,0,1.04E-13,8.89E-07,0,6.95E-07,0
30/05/2017,0,0.27,0,0,0.181956522,0,0.088043478,0,8.93E-14,5.93E-07,0,4.58E-07,0
30/05/2017,1,0.36,0,0,0.242608696,0,0.117391304,0,2.18E-13,1.07E-06,0,8.27E-07,0
30/05/2017,2,0.34,0,0,0.229130435,0,0.110869565,0,6.68E-14,5.46E-07,0,4.22E-07,0
30/05/2017,3,0.3,0,0,0.202173913,0,0.097826087,0,9.19E-14,6.14E-07,0,4.72E-07,0
30/05/2017,4,0.27,0,0,0.181956522,0,0.088043478,0,8.93E-14,5.93E-07,0,4.58E-07,0
30/05/2017,5,0.27,0,0,0.181956522,0,0.088043478,0,8.93E-14,5.93E-07,0,4.58E-07,0
30/05/2017,6,0.42,0,0,0.283043478,0,0.136956522,0,3.20E-13,1.40E-06,0,1.09E-06,0
30/05/2017,7,0.78,0,0,0.525652174,0,0.254347826,0,3.72E-14,6.31E-07,0,4.91E-07,0
30/05/2017,8,0.68,0.000567,0.000567,0.457878761,0,0.221554239,0,4.96E-14,7.24E-07,0,5.62E-07,0
30/05/2017,9,1.31,0.062426,0.062426,0.840756391,0,0.406817609,0,4.16E-14,8.79E-07,0,6.80E-07,0
30/05/2017,10,1,0.111122,0.111122,0.599026478,0,0.289851522,0,2.93E-14,6.62E-07,0,5.11E-07,0
30/05/2017,11,0.37,0.146164,0.146164,0.150846,0,0.07299,0,7.93E-14,5.33E-07,0,4.10E-07,0
30/05/2017,12,0.29,0.158281,0.158281,0.088767152,0,0.042951848,0,1.51E-13,5.66E-07,0,4.35E-07,0
30/05/2017,13,0.34,0.132475,0.132475,0.139853804,0,0.067671196,0,8.43E-14,5.40E-07,0,4.16E-07,0
30/05/2017,14,0.29,0.106685,0.106685,0.12353837,0,0.05977663,0,2.07E-13,8.13E-07,0,6.31E-07,0
30/05/2017,15,0.26,0.064921,0.064921,0.131466283,0,0.063612717,0,3.99E-13,1.12E-06,0,8.71E-07,0
30/05/2017,16,0.37,0,0,0.249347826,0,0.120652174,0,6.10E-14,5.67E-07,0,4.41E-07,0
30/05/2017,17,0.29,0,0,0.195434783,0,0.094565217,0,9.60E-14,6.28E-07,0,4.83E-07,0
30/05/2017,18,0.27,0,0,0.181956522,0,0.088043478,0,8.93E-14,5.93E-07,0,4.58E-07,0
30/05/2017,19,0.34,0,0,0.229130435,0,0.110869565,0,6.68E-14,5.46E-07,0,4.22E-07,0
30/05/2017,20,0.37,0,0,0.249347826,0,0.120652174,0,6.10E-14,5.67E-07,0,4.41E-07,0
30/05/2017,21,0.48,0,0,0.323478261,0,0.156521739,0,1.16E-13,9.20E-07,0,7.15E-07,0
30/05/2017,22,0.29,0,0,0.195434783,0,0.094565217,0,9.60E-14,6.28E-07,0,4.83E-07,0
30/05/2017,23,0.28,0,0,0.188695652,0,0.091304348,0,8.01E-14,5.70E-07,0,4.40E-07,0
31/05/2017,0,0.38,0,0,0.256086957,0,0.123913043,0,3.49E-13,1.35E-06,0,1.06E-06,0
31/05/2017,1,0.35,0,0,0.235869565,0,0.114130435,0,1.79E-13,9.39E-07,0,7.27E-07,0
31/05/2017,2,0.3,0,0,0.202173913,0,0.097826087,0,9.19E-14,6.14E-07,0,4.72E-07,0
31/05/2017,3,0.24,0,0,0.16173913,0,0.07826087,0,1.70E-13,7.88E-07,0,6.12E-07,0
31/05/2017,4,0.29,0,0,0.195434783,0,0.094565217,0,9.60E-14,6.28E-07,0,4.83E-07,0
31/05/2017,5,0.24,0,0,0.16173913,0,0.07826087,0,1.70E-13,7.88E-07,0,6.12E-07,0
31/05/2017,6,0.18,0,0,0.121304348,0,0.058695652,0,6.27E-13,1.23E-06,0,9.69E-07,0
31/05/2017,7,0.36,0,0,0.242608696,0,0.117391304,0,2.18E-13,1.07E-06,0,8.27E-07,0
31/05/2017,8,0.28,0.006747,0.006747,0.184148761,0,0.089104239,0,6.15E-14,5.00E-07,0,3.84E-07,0
31/05/2017,9,2.2,0.103663,0.103663,1.485755562,0,0.610581438,0,1.94E-13,0.076961245,0,0.067166177,0
31/05/2017,10,1.85,0.17694,0.17694,1.141334119,0,0.531725881,0,1.14E-14,0.014586676,0,0.01273019,0
31/05/2017,11,2.41,0.217235,0.217235,1.564219241,0,0.628545759,0,4.35E-17,0.091170982,0,0.079567402,0
31/05/2017,12,1.21,0.2422,0.2422,0.652213043,0,0.315586957,0,1.15E-13,1.36E-06,0,1.05E-06,0
31/05/2017,13,1,1.929662,1,3.81E-14,0.827406964,0,3.06E-14,0,0,8.24E-07,0,7.67E-07
31/05/2017,14,0.3,1.90399,0.3,1.23E-13,1.306266461,0,2.07E-13,0,0,0.035264389,0,0.021158633
31/05/2017,15,0.24,1.18297,0.24,9.90E-15,0.777029464,0,1.63E-14,0,0,5.21E-07,0,5.33E-07
31/05/2017,16,0.23,0.23547,0.176222459,0.053777541,0.059247541,0,1.68E-13,0,0,4.43E-07,0,4.65E-07
31/05/2017,17,0.29,0,0,0.195434783,0,0.094565217,0,9.60E-14,6.28E-07,0,4.83E-07,0
31/05/2017,18,0.39,0,0,0.262826087,0,0.127173913,0,3.46E-13,1.38E-06,0,1.08E-06,0
31/05/2017,19,0.33,0,0,0.222391304,0,0.107608696,0,6.52E-14,5.31E-07,0,4.09E-07,0
31/05/2017,20,0.34,0,0,0.229130435,0,0.110869565,0,6.68E-14,5.46E-07,0,4.22E-07,0
31/05/2017,21,0.24,0,0,0.16173913,0,0.07826087,0,1.70E-13,7.88E-07,0,6.12E-07,0
31/05/2017,22,0.26,0,0,0.175217391,0,0.084782609,0,1.03E-13,6.25E-07,0,4.83E-07,0
31/05/2017,23,0.35,0,0,0.235869565,0,0.114130435,0,1.79E-13,9.39E-07,0,7.27E-07,0
01/06/2017,0,0.32,0,0,0.215652174,0,0.104347826,0,7.97E-14,5.84E-07,0,4.49E-07,0
01/06/2017,1,0.27,0,0,0.181956522,0,0.088043478,0,8.93E-14,5.93E-07,0,4.58E-07,0
01/06/2017,2,0.3,0,0,0.202173913,0,0.097826087,0,9.19E-14,6.14E-07,0,4.72E-07,0
01/06/2017,3,0.36,0,0,0.242608696,0,0.117391304,0,2.18E-13,1.07E-06,0,8.27E-07,0
01/06/2017,4,0.34,0,0,0.229130435,0,0.110869565,0,6.68E-14,5.46E-07,0,4.22E-07,0
01/06/2017,5,0.28,0,0,0.188695652,0,0.091304348,0,8.01E-14,5.70E-07,0,4.40E-07,0
01/06/2017,6,0.47,0,0,0.31673913,0,0.15326087,0,1.52E-13,1.03E-06,0,7.99E-07,0
01/06/2017,7,0.45,0,0,0.30326087,0,0.14673913,0,1.90E-13,1.14E-06,0,8.86E-07,0
01/06/2017,8,1.89,0.340791,0.340791,1.044032152,0,0.505176848,0,1.34E-14,5.64E-07,0,4.33E-07,0
01/06/2017,9,0.5,1.220363,0.5,6.38E-15,0.619041696,0,7.53E-15,0,0,1.87E-07,0,2.29E-07
01/06/2017,10,1.97,0.107961,0.107961,1.295106755,0,0.566932245,0,5.79E-17,0.042434831,0,0.037034034,0
01/06/2017,11,2.6,0.231443,0.231443,1.707261585,0,0.661295415,0,3.59E-16,0.117075886,0,0.102175319,0
01/06/2017,12,2.08,2.147245,1.602698279,0.477301721,0.544546721,0,2.22E-14,0,0,6.68E-07,0,5.53E-07
01/06/2017,13,0.26,2.266655,0.26,4.63E-27,1.596838879,0,8.24E-27,0,0,0.190605185,0,0.114363111
01/06/2017,14,0.31,1.522632,0.31,1.00E-14,0.999347143,0,1.65E-14,0,0,5.58E-07,0,5.80E-07
01/06/2017,15,0.36,1.047476,0.36,9.65E-15,0.581364643,0,1.31E-14,0,0,3.41E-07,0,3.25E-07
01/06/2017,16,0.29,0.212424,0.207802778,0.05539378,0,0.026803442,0,1.20E-12,1.33E-06,0,1.04E-06,0
01/06/2017,17,0.18,0,0,0.121304348,0,0.058695652,0,6.27E-13,1.23E-06,0,9.69E-07,0
01/06/2017,18,0.3,0,0,0.202173913,0,0.097826087,0,9.19E-14,6.14E-07,0,4.72E-07,0
01/06/2017,19,0.44,0,0,0.296521739,0,0.143478261,0,2.73E-13,1.35E-06,0,1.06E-06,0
01/06/2017,20,0.27,0,0,0.181956522,0,0.088043478,0,8.93E-14,5.93E-07,0,4.58E-07,0
01/06/2017,21,1.51,0,0,1.017608696,0,0.492391304,0,2.38E-14,6.87E-07,0,5.22E-07,0
01/06/2017,22,0.35,0,0,0.235869565,0,0.114130435,0,1.79E-13,9.39E-07,0,7.27E-07,0
01/06/2017,23,0.46,0,0,0.31,0,0.15,0,2.00E-13,1.17E-06,0,9.06E-07,0
02/06/2017,0,0.32,0,0,0.215652174,0,0.104347826,0,7.97E-14,5.84E-07,0,4.49E-07,0
02/06/2017,1,0.3,0,0,0.202173913,0,0.097826087,0,9.19E-14,6.14E-07,0,4.72E-07,0
02/06/2017,2,0.36,0,0,0.242608696,0,0.117391304,0,2.18E-13,1.07E-06,0,8.27E-07,0
02/06/2017,3,0.36,0,0,0.242608696,0,0.117391304,0,2.18E-13,1.07E-06,0,8.27E-07,0
02/06/2017,4,0.29,0,0,0.195434783,0,0.094565217,0,9.60E-14,6.28E-07,0,4.83E-07,0
02/06/2017,5,0.29,0,0,0.195434783,0,0.094565217,0,9.60E-14,6.28E-07,0,4.83E-07,0
02/06/2017,6,0.47,0,0,0.31673913,0,0.15326087,0,1.52E-13,1.03E-06,0,7.99E-07,0
02/06/2017,7,0.61,0,0,0.411086957,0,0.198913043,0,7.71E-14,8.10E-07,0,6.32E-07,0
02/06/2017,8,0.31,0.397915,0.277803245,0.032196755,0.11884185,0,2.06E-13,0,0,5.42E-07,0,5.65E-07
02/06/2017,9,0.28,1.315122,0.28,3.88E-15,0.854294464,0,6.32E-15,0,0,2.80E-07,0,2.91E-07
02/06/2017,10,0.37,1.846974,0.37,3.38E-15,1.21658625,0,5.59E-15,0,0,4.16E-07,0,4.12E-07
02/06/2017,11,0.19,2.376118,0.19,1.76E-25,1.722540887,0,3.23E-25,0,0,0.257805817,0,0.15468349
02/06/2017,12,0.14,2.275304,0.14,1.62E-24,1.681860092,0,2.79E-24,0,0,0.236057755,0,0.141634653
02/06/2017,13,0.17,2.121705,0.17,1.09E-17,1.55022805,0,1.88E-17,0,0,0.165686911,0,0.099412147
02/06/2017,14,0.22,1.875378,0.22,1.12E-13,1.337890396,0,1.93E-13,0,0,0.052170629,0,0.031302378
02/06/2017,15,0.28,1.123559,0.28,1.24E-14,0.700359911,0,1.94E-14,0,0,5.06E-07,0,5.55E-07
02/06/2017,16,0.36,0.249032,0.245521918,0.077148273,0,0.037329809,0,5.58E-13,1.10E-06,0,8.67E-07,0
02/06/2017,17,0.32,0,0,0.215652174,0,0.104347826,0,7.97E-14,5.84E-07,0,4.49E-07,0
02/06/2017,18,0.34,0,0,0.229130435,0,0.110869565,0,6.68E-14,5.46E-07,0,4.22E-07,0
02/06/2017,19,0.28,0,0,0.188695652,0,0.091304348,0,8.01E-14,5.70E-07,0,4.40E-07,0
02/06/2017,20,0.29,0,0,0.195434783,0,0.094565217,0,9.60E-14,6.28E-07,0,4.83E-07,0
02/06/2017,21,0.3,0,0,0.202173913,0,0.097826087,0,9.19E-14,6.14E-07,0,4.72E-07,0
02/06/2017,22,0.37,0,0,0.249347826,0,0.120652174,0,6.10E-14,5.67E-07,0,4.41E-07,0
02/06/2017,23,0.33,0,0,0.222391304,0,0.107608696,0,6.52E-14,5.31E-07,0,4.09E-07,0
03/06/2017,0,0.31,0,0,0.208913043,0,0.101086957,0,8.52E-14,5.97E-07,0,4.59E-07,0
03/06/2017,1,0.39,0,0,0.262826087,0,0.127173913,0,3.46E-13,1.38E-06,0,1.08E-06,0
03/06/2017,2,0.4,0,0,0.269565217,0,0.130434783,0,9.36E-14,7.27E-07,0,5.71E-07,0
03/06/2017,3,0.29,0,0,0.195434783,0,0.094565217,0,9.60E-14,6.28E-07,0,4.83E-07,0
03/06/2017,4,0.27,0,0,0.181956522,0,0.088043478,0,8.93E-14,5.93E-07,0,4.58E-07,0
03/06/2017,5,0.35,0,0,0.235869565,0,0.114130435,0,1.79E-13,9.39E-07,0,7.27E-07,0
03/06/2017,6,0.33,0,0,0.222391304,0,0.107608696,0,6.52E-14,5.31E-07,0,4.09E-07,0
03/06/2017,7,0.39,0,0,0.262826087,0,0.127173913,0,3.46E-13,1.38E-06,0,1.08E-06,0
03/06/2017,8,2.5,0.322392,0.322392,1.551885957,0,0.625722043,0,9.56E-15,0.088937429,0,0.07761812,0
03/06/2017,9,1.31,1.251732,1.186502864,0.083226331,0,0.040270805,0,5.24E-13,1.05E-06,0,8.24E-07,0
03/06/2017,10,0.25,0.156469,0.156469,0.063031761,0,0.030499239,0,2.00E-13,5.56E-07,0,4.28E-07,0
03/06/2017,11,2.7,1.373843,1.373843,0.8937145,0,0.4324425,0,3.01E-14,8.50E-07,0,6.51E-07,0
03/06/2017,12,3.02,2.264168,2.208144954,0.547119705,0,0.264735341,0,5.47E-14,8.49E-07,0,6.45E-07,0
03/06/2017,13,0.39,0.212983,0.212983,0.119294065,0,0.057722935,0,4.52E-13,1.13E-06,0,8.86E-07,0
03/06/2017,14,0.3,1.663644,0.3,3.81E-15,1.1198925,0,6.42E-15,0,0,5.23E-07,0,4.36E-07
03/06/2017,15,0.23,1.20753,0.23,5.01E-15,0.803997321,0,8.36E-15,0,0,3.14E-07,0,3.43E-07
03/06/2017,16,0.32,0.287119,0.274016116,0.03098914,0,0.014994745,0,7.68E-13,8.08E-07,0,6.31E-07,0
03/06/2017,17,0.34,0,0,0.229130435,0,0.110869565,0,6.68E-14,5.46E-07,0,4.22E-07,0
03/06/2017,18,0.29,0,0,0.195434783,0,0.094565217,0,9.60E-14,6.28E-07,0,4.83E-07,0
03/06/2017,19,0.23,0,0,0.155,0,0.075,0,1.34E-13,6.83E-07,0,5.31E-07,0
03/06/2017,20,0.35,0,0,0.235869565,0,0.114130435,0,1.79E-13,9.39E-07,0,7.27E-07,0
03/06/2017,21,0.32,0,0,0.215652174,0,0.104347826,0,7.97E-14,5.84E-07,0,4.49E-07,0
03/06/2017,22,0.27,0,0,0.181956522,0,0.088043478,0,8.93E-14,5.93E-07,0,4.58E-07,0
03/06/2017,23,0.18,0,0,0.121304348,0,0.058695652,0,6.27E-13,1.23E-06,0,9.69E-07,0
04/06/2017,0,0.23,0,0,0.155,0,0.075,0,1.34E-13,6.83E-07,0,5.31E-07,0
04/06/2017,1,0.26,0,0,0.175217391,0,0.084782609,0,1.03E-13,6.25E-07,0,4.83E-07,0
04/06/2017,2,0.19,0,0,0.128043478,0,0.061956522,0,6.55E-13,1.31E-06,0,1.04E-06,0
04/06/2017,3,0.18,0,0,0.121304348,0,0.058695652,0,6.27E-13,1.23E-06,0,9.69E-07,0
04/06/2017,4,0.26,0,0,0.175217391,0,0.084782609,0,1.03E-13,6.25E-07,0,4.83E-07,0
04/06/2017,5,0.26,0,0,0.175217391,0,0.084782609,0,1.03E-13,6.25E-07,0,4.83E-07,0
04/06/2017,6,0.26,0,0,0.175217391,0,0.084782609,0,1.03E-13,6.25E-07,0,4.83E-07,0
04/06/2017,7,0.44,0,0,0.296521739,0,0.143478261,0,2.73E-13,1.35E-06,0,1.06E-06,0
04/06/2017,8,1.66,0.538715,0.538715,0.755648587,0,0.365636413,0,1.53E-14,5.31E-07,0,4.09E-07,0
04/06/2017,9,0.38,1.378355,0.38,1.91E-14,0.832785268,0,2.88E-14,0,0,4.81E-07,0,5.55E-07
04/06/2017,10,0.19,2.024163,0.19,6.33E-17,1.466013689,0,1.04E-16,0,0,0.120665687,0,0.072399412
04/06/2017,11,0.26,2.435967,0.26,9.37E-23,1.720244237,0,2.34E-22,0,0,0.256578022,0,0.153946813
04/06/2017,12,0.33,2.550629,0.33,3.43E-20,1.75789879,0,6.35E-20,0,0,0.276708247,0,0.166024948
04/06/2017,13,0.35,2.381193,0.35,2.40E-26,1.621283507,0,4.69E-26,0,0,0.20367335,0,0.12220401
04/06/2017,14,0.25,1.942072,0.25,9.32E-23,1.366821909,0,1.83E-22,0,0,0.067637494,0,0.040582497
04/06/2017,15,0.27,1.22045,0.27,4.35E-15,0.785450893,0,7.02E-15,0,0,2.76E-07,0,3.00E-07
04/06/2017,16,0.31,0.301787,0.285504647,0.016507738,0,0.007987615,0,1.53E-12,8.33E-07,0,6.51E-07,0
04/06/2017,17,0.28,0,0,0.188695652,0,0.091304348,0,8.01E-14,5.70E-07,0,4.40E-07,0
04/06/2017,18,0.25,0,0,0.168478261,0,0.081521739,0,1.63E-13,7.79E-07,0,6.03E-07,0
04/06/2017,19,0.27,0,0,0.181956522,0,0.088043478,0,8.93E-14,5.93E-07,0,4.58E-07,0
04/06/2017,20,0.32,0,0,0.215652174,0,0.104347826,0,7.97E-14,5.84E-07,0,4.49E-07,0
04/06/2017,21,0.25,0,0,0.168478261,0,0.081521739,0,1.63E-13,7.79E-07,0,6.03E-07,0
04/06/2017,22,0.25,0,0,0.168478261,0,0.081521739,0,1.63E-13,7.79E-07,0,6.03E-07,0
04/06/2017,23,0.3,0,0,0.202173913,0,0.097826087,0,9.19E-14,6.14E-07,0,4.72E-07,0
05/06/2017,0,0.3,0,0,0.202173913,0,0.097826087,0,9.19E-14,6.14E-07,0,4.72E-07,0
05/06/2017,1,0.27,0,0,0.181956522,0,0.088043478,0,8.93E-14,5.93E-07,0,4.58E-07,0
05/06/2017,2,0.21,0,0,0.141521739,0,0.068478261,0,3.88E-13,1.11E-06,0,8.60E-07,0
05/06/2017,3,0.26,0,0,0.175217391,0,0.084782609,0,1.03E-13,6.25E-07,0,4.83E-07,0
05/06/2017,4,0.22,0,0,0.14826087,0,0.07173913,0,2.71E-13,9.78E-07,0,7.67E-07,0
05/06/2017,5,0.18,0,0,0.121304348,0,0.058695652,0,6.27E-13,1.23E-06,0,9.69E-07,0
05/06/2017,6,0.37,0,0,0.249347826,0,0.120652174,0,6.10E-14,5.67E-07,0,4.41E-07,0
05/06/2017,7,0.42,0,0,0.283043478,0,0.136956522,0,3.20E-13,1.40E-06,0,1.09E-06,0
05/06/2017,8,0.28,0.441884,0.28,7.25E-13,0.152585357,0,1.57E-13,0,0,4.49E-07,0,5.28E-07
05/06/2017,9,0.31,0.532154,0.31,8.47E-14,0.203427321,0,4.31E-14,0,0,4.19E-07,0,4.04E-07
05/06/2017,10,0.39,0.231475,0.231475,0.106832065,0,0.051692935,0,4.62E-13,1.13E-06,0,8.82E-07,0
05/06/2017,11,0.31,0.253913,0.244898549,0.043872717,0,0.021228734,0,1.04E-12,1.14E-06,0,8.96E-07,0
05/06/2017,12,0.28,0.301573,0.222110869,0.057889131,0.079462131,0,3.52E-13,0,0,6.32E-07,0,6.80E-07
05/06/2017,13,0.14,0.287178,0.14,1.12E-13,0.129518036,0,1.04E-13,0,0,5.20E-07,0,5.08E-07
05/06/2017,14,0.19,0.685825,0.19,1.21E-14,0.413698661,0,1.82E-14,0,0,2.99E-07,0,3.59E-07
05/06/2017,15,0.29,1.011549,0.29,1.31E-14,0.603119732,0,1.95E-14,0,0,5.02E-07,0,4.71E-07
05/06/2017,16,0.24,0.219606,0.209131088,0.020802963,0,0.01006595,0,9.23E-13,6.88E-07,0,5.38E-07,0
05/06/2017,17,0.15,0,0,0.101086957,0,0.048913043,0,1.32E-13,5.14E-07,0,3.96E-07,0
05/06/2017,18,0.27,0,0,0.181956522,0,0.088043478,0,8.93E-14,5.93E-07,0,4.58E-07,0
05/06/2017,19,0.32,0,0,0.215652174,0,0.104347826,0,7.97E-14,5.84E-07,0,4.49E-07,0
05/06/2017,20,0.28,0,0,0.188695652,0,0.091304348,0,8.01E-14,5.70E-07,0,4.40E-07,0
05/06/2017,21,0.27,0,0,0.181956522,0,0.088043478,0,8.93E-14,5.93E-07,0,4.58E-07,0
05/06/2017,22,0.44,0,0,0.296521739,0,0.143478261,0,2.73E-13,1.35E-06,0,1.06E-06,0
05/06/2017,23,0.32,0,0,0.215652174,0,0.104347826,0,7.97E-14,5.84E-07,0,4.49E-07,0
06/06/2017,0,0.29,0,0,0.195434783,0,0.094565217,0,9.60E-14,6.28E-07,0,4.83E-07,0
06/06/2017,1,0.33,0,0,0.222391304,0,0.107608696,0,6.52E-14,5.31E-07,0,4.09E-07,0
06/06/2017,2,0.35,0,0,0.235869565,0,0.114130435,0,1.79E-13,9.39E-07,0,7.27E-07,0
06/06/2017,3,0.25,0,0,0.168478261,0,0.081521739,0,1.63E-13,7.79E-07,0,6.03E-07,0
06/06/2017,4,0.24,0,0,0.16173913,0,0.07826087,0,1.70E-13,7.88E-07,0,6.12E-07,0
06/06/2017,5,0.24,0,0,0.16173913,0,0.07826087,0,1.70E-13,7.88E-07,0,6.12E-07,0
06/06/2017,6,0.28,0,0,0.188695652,0,0.091304348,0,8.01E-14,5.70E-07,0,4.40E-07,0
06/06/2017,7,0.46,0,0,0.31,0,0.15,0,2.00E-13,1.17E-06,0,9.06E-07,0
06/06/2017,8,0.39,0.121414,0.121414,0.181003609,0,0.087582391,0,6.93E-14,5.56E-07,0,4.29E-07,0
06/06/2017,9,2.71,0.423612,0.423612,1.640400486,0,0.645987514,0,3.39E-20,0.104967371,0,0.091607887,0
06/06/2017,10,2.18,0.501309,0.501309,1.145916077,0,0.532774923,0,1.37E-14,0.015416466,0,0.013454371,0
06/06/2017,11,0.37,0.253767,0.250490756,0.080538838,0,0.038970406,0,6.03E-13,1.16E-06,0,9.19E-07,0
06/06/2017,12,0.3,0.322148,0.237485049,0.062514951,0.084662951,0,2.59E-13,0,0,4.26E-07,0,4.69E-07
06/06/2017,13,0.34,0.186056,0.186056,0.10374487,0,0.05019913,0,6.28E-13,1.19E-06,0,9.24E-07,0
06/06/2017,14,0.37,1.726298,0.37,1.69E-14,1.119614464,0,2.76E-14,0,0,1.02E-06,0,8.73E-07
06/06/2017,15,0.32,1.219255,0.32,6.19E-15,0.748329911,0,9.51E-15,0,0,2.22E-07,0,3.32E-07
06/06/2017,16,0.29,0.339118,0.243650131,0.046349869,0.095467869,0,6.60E-14,0,0,2.81E-07,0,2.80E-07
06/06/2017,17,0.38,0,0,0.256086957,0,0.123913043,0,3.49E-13,1.35E-06,0,1.06E-06,0
06/06/2017,18,1.25,0,0,0.842391304,0,0.407608696,0,2.82E-14,7.17E-07,0,5.49E-07,0
06/06/2017,19,1.31,0,0,0.882826087,0,0.427173913,0,3.26E-14,7.85E-07,0,5.96E-07,0
06/06/2017,20,1.08,0,0,0.727826087,0,0.352173913,0,7.98E-14,1.17E-06,0,9.01E-07,0
06/06/2017,21,1.24,0,0,0.835652174,0,0.404347826,0,2.88E-14,7.23E-07,0,5.53E-07,0
06/06/2017,22,1.22,0,0,0.822173913,0,0.397826087,0,3.24E-14,7.59E-07,0,5.83E-07,0
06/06/2017,23,1.16,0,0,0.78173913,0,0.37826087,0,4.43E-14,8.71E-07,0,6.72E-07,0
07/06/2017,0,0.49,0,0,0.330217391,0,0.159782609,0,1.04E-13,8.89E-07,0,6.95E-07,0
07/06/2017,1,0.32,0,0,0.215652174,0,0.104347826,0,7.97E-14,5.84E-07,0,4.49E-07,0
07/06/2017,2,0.29,0,0,0.195434783,0,0.094565217,0,9.60E-14,6.28E-07,0,4.83E-07,0
07/06/2017,3,0.22,0,0,0.14826087,0,0.07173913,0,2.71E-13,9.78E-07,0,7.67E-07,0
07/06/2017,4,0.22,0,0,0.14826087,0,0.07173913,0,2.71E-13,9.78E-07,0,7.67E-07,0
07/06/2017,5,0.27,0,0,0.181956522,0,0.088043478,0,8.93E-14,5.93E-07,0,4.58E-07,0
07/06/2017,6,0.93,0,0,0.62673913,0,0.30326087,0,7.38E-14,9.64E-07,0,7.40E-07,0
07/06/2017,7,0.92,0,0,0.62,0,0.3,0,4.39E-14,7.38E-07,0,5.66E-07,0
07/06/2017,8,0.38,0.513341,0.352686321,0.027313679,0.157438375,0,4.80E-14,0,0,2.88E-07,0,2.93E-07
07/06/2017,9,0.31,1.495642,0.31,1.08E-14,0.97765875,0,1.76E-14,0,0,5.41E-07,0,5.70E-07
07/06/2017,10,0.42,2.096667,0.42,3.05E-22,1.367984446,0,4.71E-22,0,0,0.06825899,0,0.040955394
07/06/2017,11,0.28,2.260429,0.28,1.03E-21,1.579181429,0,1.74E-21,0,0,0.181165465,0,0.108699279
07/06/2017,12,0.15,2.494088,0.15,1.34E-20,1.834764019,0,2.74E-20,0,0,0.317800606,0,0.190680363
07/06/2017,13,0.27,2.378347,0.27,7.37E-25,1.671687342,0,2.17E-24,0,0,0.230619376,0,0.138371625
07/06/2017,14,0.23,1.91291,0.23,2.91E-16,1.358686333,0,5.04E-16,0,0,0.063288194,0,0.037972916
07/06/2017,15,0.19,1.224467,0.19,9.55E-15,0.846535982,0,1.65E-14,0,0,5.72E-07,0,5.52E-07
07/06/2017,16,0.47,0.349418,0.341147412,0.086835439,0,0.042017148,0,2.00E-13,6.51E-07,0,5.01E-07,0
07/06/2017,17,1.15,0,0,0.775,0,0.375,0,4.69E-14,8.93E-07,0,6.89E-07,0
07/06/2017,18,1.23,0,0,0.828913043,0,0.401086957,0,2.88E-14,7.20E-07,0,5.55E-07,0
07/06/2017,19,1.21,0,0,0.815434783,0,0.394565217,0,3.42E-14,7.77E-07,0,5.95E-07,0
07/06/2017,20,1.46,0,0,0.983913043,0,0.476086957,0,2.86E-14,7.97E-07,0,6.09E-07,0
07/06/2017,21,1.31,0,0,0.882826087,0,0.427173913,0,3.26E-14,7.85E-07,0,5.96E-07,0
07/06/2017,22,1.12,0,0,0.754782609,0,0.365217391,0,7.40E-14,1.12E-06,0,8.62E-07,0
07/06/2017,23,0.31,0,0,0.208913043,0,0.101086957,0,8.52E-14,5.97E-07,0,4.59E-07,0
08/06/2017,0,0.29,0,0,0.195434783,0,0.094565217,0,9.60E-14,6.28E-07,0,4.83E-07,0
08/06/2017,1,0.33,0,0,0.222391304,0,0.107608696,0,6.52E-14,5.31E-07,0,4.09E-07,0
08/06/2017,2,0.4,0,0,0.269565217,0,0.130434783,0,9.36E-14,7.27E-07,0,5.71E-07,0
08/06/2017,3,0.3,0,0,0.202173913,0,0.097826087,0,9.19E-14,6.14E-07,0,4.72E-07,0
08/06/2017,4,0.28,0,0,0.188695652,0,0.091304348,0,8.01E-14,5.70E-07,0,4.40E-07,0
08/06/2017,5,0.26,0,0,0.175217391,0,0.084782609,0,1.03E-13,6.25E-07,0,4.83E-07,0
08/06/2017,6,0.41,0,0,0.276304348,0,0.133695652,0,9.39E-14,7.50E-07,0,5.84E-07,0
08/06/2017,7,0.34,0,0,0.229130435,0,0.110869565,0,6.68E-14,5.46E-07,0,4.22E-07,0
08/06/2017,8,0.37,0.495225,0.341215764,0.028784236,0.151176546,0,6.57E-14,0,0,4.16E-07,0,4.11E-07
08/06/2017,9,0.31,1.128936,0.31,7.39E-15,0.682984286,0,1.12E-14,0,0,2.55E-07,0,3.60E-07
08/06/2017,10,1.76,0.127564,0.127564,1.10827828,0,0.52415772,0,6.17E-19,0.008600278,0,0.007505697,0
08/06/2017,11,0.57,0.615396,0.452906164,0.117093836,0.162489836,0,3.30E-14,0,0,2.18E-07,0,2.34E-07
08/06/2017,12,0.44,2.306749,0.44,6.09E-14,1.50798603,0,7.91E-14,0,0,0.143104213,0,0.085862528
08/06/2017,13,3.39,0.794326,0.794326,1.892067197,0,0.703606803,0,1.15E-13,0.150544099,0,0.131383941,0
08/06/2017,14,0.41,1.635584,0.41,9.42E-15,1.017790714,0,1.47E-14,0,0,5.52E-07,0,5.62E-07
08/06/2017,15,0.34,1.241828,0.34,4.33E-15,0.752004643,0,6.55E-15,0,0,2.43E-07,0,2.65E-07
08/06/2017,16,1.42,0.374159,0.374159,0.704805891,0,0.341035109,0,2.65E-14,6.69E-07,0,5.12E-07,0
08/06/2017,17,0.32,0,0,0.215652174,0,0.104347826,0,7.97E-14,5.84E-07,0,4.49E-07,0
08/06/2017,18,0.34,0,0,0.229130435,0,0.110869565,0,6.68E-14,5.46E-07,0,4.22E-07,0
08/06/2017,19,0.27,0,0,0.181956522,0,0.088043478,0,8.93E-14,5.93E-07,0,4.58E-07,0
08/06/2017,20,0.25,0,0,0.168478261,0,0.081521739,0,1.63E-13,7.79E-07,0,6.03E-07,0
08/06/2017,21,0.43,0,0,0.289782609,0,0.140217391,0,1.24E-13,8.81E-07,0,6.85E-07,0
08/06/2017,22,0.31,0,0,0.208913043,0,0.101086957,0,8.52E-14,5.97E-07,0,4.59E-07,0
08/06/2017,23,0.19,0,0,0.128043478,0,0.061956522,0,6.55E-13,1.31E-06,0,1.04E-06,0
09/06/2017,0,0.18,0,0,0.121304348,0,0.058695652,0,6.27E-13,1.23E-06,0,9.69E-07,0
09/06/2017,1,0.25,0,0,0.168478261,0,0.081521739,0,1.63E-13,7.79E-07,0,6.03E-07,0
09/06/2017,2,0.23,0,0,0.155,0,0.075,0,1.34E-13,6.83E-07,0,5.31E-07,0
09/06/2017,3,0.2,0,0,0.134782609,0,0.065217391,0,6.50E-13,1.38E-06,0,1.08E-06,0
09/06/2017,4,0.29,0,0,0.195434783,0,0.094565217,0,9.60E-14,6.28E-07,0,4.83E-07,0
09/06/2017,5,0.36,0,0,0.242608696,0,0.117391304,0,2.18E-13,1.07E-06,0,8.27E-07,0
09/06/2017,6,0.49,0,0,0.330217391,0,0.159782609,0,1.04E-13,8.89E-07,0,6.95E-07,0
09/06/2017,7,1,0,0,0.673913043,0,0.326086957,0,9.32E-14,1.16E-06,0,8.99E-07,0
09/06/2017,8,0.28,0.05864,0.05864,0.149177391,0,0.072182609,0,3.00E-13,1.03E-06,0,8.04E-07,0
09/06/2017,9,0.49,0.224487,0.224487,0.178932674,0,0.086580326,0,2.53E-13,1.08E-06,0,8.38E-07,0
09/06/2017,10,1.34,0.143976,0.143976,0.806016174,0,0.390007826,0,3.28E-14,8.30E-07,0,6.44E-07,0
09/06/2017,11,0.18,0.299401,0.18,1.46E-13,0.110411518,0,5.96E-14,0,0,2.77E-07,0,3.51E-07
09/06/2017,12,0.23,0.326259,0.220858901,0.009141099,0.102444098,0,6.71E-14,0,0,2.90E-07,0,2.94E-07
09/06/2017,13,0.28,1.774716,0.28,5.50E-15,1.223611071,0,9.48E-15,0,0,6.71E-07,0,5.61E-07
09/06/2017,14,0.23,1.731356,0.23,6.53E-15,1.224928929,0,1.15E-14,0,0,3.61E-07,0,4.81E-07
09/06/2017,15,0.18,0.081096,0.081096,0.066652696,0,0.032251304,0,7.71E-13,1.11E-06,0,8.64E-07,0
09/06/2017,16,0.22,0,0,0.14826087,0,0.07173913,0,2.71E-13,9.78E-07,0,7.67E-07,0
09/06/2017,17,0.27,0,0,0.181956522,0,0.088043478,0,8.93E-14,5.93E-07,0,4.58E-07,0
09/06/2017,18,0.27,0,0,0.181956522,0,0.088043478,0,8.93E-14,5.93E-07,0,4.58E-07,0
09/06/2017,19,0.17,0,0,0.114565217,0,0.055434783,0,7.31E-13,1.29E-06,0,1.01E-06,0
09/06/2017,20,0.36,0,0,0.242608696,0,0.117391304,0,2.18E-13,1.07E-06,0,8.27E-07,0
09/06/2017,21,0.42,0,0,0.283043478,0,0.136956522,0,3.20E-13,1.40E-06,0,1.09E-06,0
09/06/2017,22,0.29,0,0,0.195434783,0,0.094565217,0,9.60E-14,6.28E-07,0,4.83E-07,0
09/06/2017,23,0.25,0,0,0.168478261,0,0.081521739,0,1.63E-13,7.79E-07,0,6.03E-07,0
10/06/2017,0,0.33,0,0,0.222391304,0,0.107608696,0,6.52E-14,5.31E-07,0,4.09E-07,0
10/06/2017,1,0.37,0,0,0.249347826,0,0.120652174,0,6.10E-14,5.67E-07,0,4.41E-07,0
10/06/2017,2,0.31,0,0,0.208913043,0,0.101086957,0,8.52E-14,5.97E-07,0,4.59E-07,0
10/06/2017,3,0.3,0,0,0.202173913,0,0.097826087,0,9.19E-14,6.14E-07,0,4.72E-07,0
10/06/2017,4,0.35,0,0,0.235869565,0,0.114130435,0,1.79E-13,9.39E-07,0,7.27E-07,0
10/06/2017,5,0.37,0,0,0.249347826,0,0.120652174,0,6.10E-14,5.67E-07,0,4.41E-07,0
10/06/2017,6,0.29,0,0,0.195434783,0,0.094565217,0,9.60E-14,6.28E-07,0,4.83E-07,0
10/06/2017,7,0.18,0,0,0.121304348,0,0.058695652,0,6.27E-13,1.23E-06,0,9.69E-07,0
10/06/2017,8,0.4,0.013201,0.013201,0.260668891,0,0.126130109,0,6.70E-14,6.22E-07,0,4.86E-07,0
10/06/2017,9,0.42,1.158781,0.42,6.62E-15,0.627413304,0,8.67E-15,0,0,1.89E-07,0,2.48E-07
10/06/2017,10,0.25,1.415403,0.25,1.62E-14,0.956573839,0,2.74E-14,0,0,6.20E-07,0,6.29E-07
10/06/2017,11,0.37,0.209403,0.209403,0.108228413,0,0.052368587,0,4.56E-13,1.07E-06,0,8.39E-07,0
10/06/2017,12,0.21,2.332034,0.21,4.35E-13,1.677290117,0,7.94E-13,0,0,0.233614634,0,0.14016878
10/06/2017,13,0.23,1.266491,0.23,5.46E-15,0.851376696,0,9.19E-15,0,0,4.34E-07,0,3.97E-07
10/06/2017,14,0.16,1.388799,0.16,3.19E-15,1.000284911,0,5.69E-15,0,0,2.92E-07,0,3.19E-07
10/06/2017,15,0.15,1.190039,0.15,1.05E-14,0.847799196,0,1.87E-14,0,0,6.55E-07,0,6.18E-07
10/06/2017,16,0.28,0,0,0.188695652,0,0.091304348,0,8.01E-14,5.70E-07,0,4.40E-07,0
10/06/2017,17,0.29,0,0,0.195434783,0,0.094565217,0,9.60E-14,6.28E-07,0,4.83E-07,0
10/06/2017,18,0.25,0,0,0.168478261,0,0.081521739,0,1.63E-13,7.79E-07,0,6.03E-07,0
10/06/2017,19,0.31,0,0,0.208913043,0,0.101086957,0,8.52E-14,5.97E-07,0,4.59E-07,0
10/06/2017,20,0.35,0,0,0.235869565,0,0.114130435,0,1.79E-13,9.39E-07,0,7.27E-07,0
10/06/2017,21,0.37,0,0,0.249347826,0,0.120652174,0,6.10E-14,5.67E-07,0,4.41E-07,0
10/06/2017,22,0.43,0,0,0.289782609,0,0.140217391,0,1.24E-13,8.81E-07,0,6.85E-07,0
10/06/2017,23,3.67,0,0,2.766248668,0,0.903751332,0,4.20E-20,0.308857971,0,0.269548775,0
11/06/2017,0,0.32,0,0,0.215652174,0,0.104347826,0,7.97E-14,5.84E-07,0,4.49E-07,0
11/06/2017,1,0.32,0,0,0.215652174,0,0.104347826,0,7.97E-14,5.84E-07,0,4.49E-07,0
11/06/2017,2,0.27,0,0,0.181956522,0,0.088043478,0,8.93E-14,5.93E-07,0,4.58E-07,0
11/06/2017,3,0.38,0,0,0.256086957,0,0.123913043,0,3.49E-13,1.35E-06,0,1.06E-06,0
11/06/2017,4,0.35,0,0,0.235869565,0,0.114130435,0,1.79E-13,9.39E-07,0,7.27E-07,0
11/06/2017,5,0.3,0,0,0.202173913,0,0.097826087,0,9.19E-14,6.14E-07,0,4.72E-07,0
11/06/2017,6,0.27,0,0,0.181956522,0,0.088043478,0,8.93E-14,5.93E-07,0,4.58E-07,0
11/06/2017,7,0.43,0,0,0.289782609,0,0.140217391,0,1.24E-13,8.81E-07,0,6.85E-07,0
11/06/2017,8,1.84,0.406084,0.406084,0.966334696,0,0.467581304,0,1.58E-14,5.88E-07,0,4.47E-07,0
11/06/2017,9,0.31,0.299925,0.283925323,0.017572065,0,0.008502612,0,1.43E-12,8.31E-07,0,6.49E-07,0
11/06/2017,10,0.77,0.294515,0.294515,0.320435543,0,0.155049457,0,5.97E-14,6.84E-07,0,5.27E-07,0
11/06/2017,11,0.26,0.233001,0.222397898,0.025340547,0,0.012261555,0,2.42E-12,1.30E-06,0,1.02E-06,0
11/06/2017,12,0.26,0.280382,0.206423639,0.053576361,0.073958361,0,1.22E-13,0,0,3.59E-07,0,3.65E-07
11/06/2017,13,0.19,1.480617,0.19,1.21E-14,1.052370804,0,2.15E-14,0,0,6.60E-07,0,6.40E-07
11/06/2017,14,0.17,0.410259,0.17,2.77E-14,0.206725982,0,3.24E-14,0,0,2.63E-07,0,3.17E-07
11/06/2017,15,0.24,0.988513,0.24,1.67E-14,0.620769375,0,2.63E-14,0,0,6.35E-07,0,6.00E-07
11/06/2017,16,0.24,0,0,0.16173913,0,0.07826087,0,1.70E-13,7.88E-07,0,6.12E-07,0
11/06/2017,17,0.18,0,0,0.121304348,0,0.058695652,0,6.27E-13,1.23E-06,0,9.69E-07,0
11/06/2017,18,0.42,0,0,0.283043478,0,0.136956522,0,3.20E-13,1.40E-06,0,1.09E-06,0
11/06/2017,19,0.33,0,0,0.222391304,0,0.107608696,0,6.52E-14,5.31E-07,0,4.09E-07,0
11/06/2017,20,0.49,0,0,0.330217391,0,0.159782609,0,1.04E-13,8.89E-07,0,6.95E-07,0
11/06/2017,21,0.37,0,0,0.249347826,0,0.120652174,0,6.10E-14,5.67E-07,0,4.41E-07,0
11/06/2017,22,0.28,0,0,0.188695652,0,0.091304348,0,8.01E-14,5.70E-07,0,4.40E-07,0
11/06/2017,23,0.36,0,0,0.242608696,0,0.117391304,0,2.18E-13,1.07E-06,0,8.27E-07,0
12/06/2017,0,0.39,0,0,0.262826087,0,0.127173913,0,3.46E-13,1.38E-06,0,1.08E-06,0
12/06/2017,1,0.31,0,0,0.208913043,0,0.101086957,0,8.52E-14,5.97E-07,0,4.59E-07,0
12/06/2017,2,0.3,0,0,0.202173913,0,0.097826087,0,9.19E-14,6.14E-07,0,4.72E-07,0
12/06/2017,3,0.39,0,0,0.262826087,0,0.127173913,0,3.46E-13,1.38E-06,0,1.08E-06,0
12/06/2017,4,0.33,0,0,0.222391304,0,0.107608696,0,6.52E-14,5.31E-07,0,4.09E-07,0
12/06/2017,5,0.21,0,0,0.141521739,0,0.068478261,0,3.88E-13,1.11E-06,0,8.60E-07,0
12/06/2017,6,0.22,0,0,0.14826087,0,0.07173913,0,2.71E-13,9.78E-07,0,7.67E-07,0
12/06/2017,7,0.39,0,0,0.262826087,0,0.127173913,0,3.46E-13,1.38E-06,0,1.08E-06,0
12/06/2017,8,0.4,0.31349,0.30400504,0.064692256,0,0.031302704,0,4.12E-13,8.36E-07,0,6.50E-07,0
12/06/2017,9,0.88,0.319494,0.319494,0.377732304,0,0.182773696,0,5.32E-14,6.87E-07,0,5.28E-07,0
12/06/2017,10,0.26,0.540607,0.26,1.06E-13,0.246380625,0,1.01E-13,0,0,5.30E-07,0,5.65E-07
12/06/2017,11,0.35,0.452278,0.315083567,0.034916433,0.135564742,0,1.06E-13,0,0,5.93E-07,0,5.56E-07
12/06/2017,12,0.35,0.347345,0.327957037,0.01485504,0,0.007187923,0,1.51E-12,7.68E-07,0,5.97E-07,0
12/06/2017,13,0.17,0.638909,0.17,4.43E-14,0.390462589,0,6.78E-14,0,0,5.59E-07,0,5.77E-07
12/06/2017,14,0.2,0.928288,0.2,5.54E-15,0.601302857,0,9.01E-15,0,0,3.74E-07,0,3.28E-07
12/06/2017,15,0.26,1.113959,0.26,1.26E-14,0.707109911,0,2.01E-14,0,0,5.25E-07,0,5.59E-07
12/06/2017,16,0.23,0,0,0.155,0,0.075,0,1.34E-13,6.83E-07,0,5.31E-07,0
12/06/2017,17,1.73,0,0,1.187666325,0,0.542333675,0,6.40E-23,0.022977418,0,0.020053019,0
12/06/2017,18,3,0,0,2.221068168,0,0.778931832,0,1.51E-27,0.210126027,0,0.183382715,0
12/06/2017,19,1.02,0,0,0.687391304,0,0.332608696,0,2.23E-14,5.86E-07,0,4.56E-07,0
12/06/2017,20,0.64,0,0,0.431304348,0,0.208695652,0,4.80E-14,6.62E-07,0,5.15E-07,0
12/06/2017,21,0.38,0,0,0.256086957,0,0.123913043,0,3.49E-13,1.35E-06,0,1.06E-06,0
12/06/2017,22,0.39,0,0,0.262826087,0,0.127173913,0,3.46E-13,1.38E-06,0,1.08E-06,0
12/06/2017,23,0.42,0,0,0.283043478,0,0.136956522,0,3.20E-13,1.40E-06,0,1.09E-06,0
13/06/2017,0,0.33,0,0,0.222391304,0,0.107608696,0,6.52E-14,5.31E-07,0,4.09E-07,0
13/06/2017,1,0.28,0,0,0.188695652,0,0.091304348,0,8.01E-14,5.70E-07,0,4.40E-07,0
13/06/2017,2,0.29,0,0,0.195434783,0,0.094565217,0,9.60E-14,6.28E-07,0,4.83E-07,0
13/06/2017,3,0.31,0,0,0.208913043,0,0.101086957,0,8.52E-14,5.97E-07,0,4.59E-07,0
13/06/2017,4,0.25,0,0,0.168478261,0,0.081521739,0,1.63E-13,7.79E-07,0,6.03E-07,0
13/06/2017,5,0.28,0,0,0.188695652,0,0.091304348,0,8.01E-14,5.70E-07,0,4.40E-07,0
13/06/2017,6,0.26,0,0,0.175217391,0,0.084782609,0,1.03E-13,6.25E-07,0,4.83E-07,0
13/06/2017,7,0.41,0,0,0.276304348,0,0.133695652,0,9.39E-14,7.50E-07,0,5.84E-07,0
13/06/2017,8,0.26,0.016256,0.016256,0.164262261,0,0.079481739,0,6.75E-14,5.17E-07,0,3.98E-07,0
13/06/2017,9,1.7,0.186839,0.186839,1.019738935,0,0.493422065,0,2.58E-14,8.07E-07,0,6.23E-07,0
13/06/2017,10,0.24,0.622327,0.24,1.58E-14,0.326512768,0,1.97E-14,0,0,2.72E-07,0,3.31E-07
13/06/2017,11,0.25,1.143968,0.25,1.15E-14,0.738456429,0,1.87E-14,0,0,5.43E-07,0,5.70E-07
13/06/2017,12,0.19,0.439164,0.19,2.38E-14,0.215488929,0,2.65E-14,0,0,2.49E-07,0,2.79E-07
13/06/2017,13,0.19,0.807597,0.19,8.20E-15,0.511551161,0,1.30E-14,0,0,3.69E-07,0,3.36E-07
13/06/2017,14,0.23,0.735796,0.23,2.38E-14,0.424925357,0,3.40E-14,0,0,5.32E-07,0,5.25E-07
13/06/2017,15,0.25,1.180588,0.25,1.03E-14,0.767883214,0,1.68E-14,0,0,5.29E-07,0,5.42E-07
13/06/2017,16,0.18,0,0,0.121304348,0,0.058695652,0,6.27E-13,1.23E-06,0,9.69E-07,0
13/06/2017,17,0.17,0,0,0.114565217,0,0.055434783,0,7.31E-13,1.29E-06,0,1.01E-06,0
13/06/2017,18,0.22,0,0,0.14826087,0,0.07173913,0,2.71E-13,9.78E-07,0,7.67E-07,0
13/06/2017,19,0.6,0,0,0.404347826,0,0.195652174,0,4.03E-14,5.74E-07,0,4.48E-07,0
13/06/2017,20,0.73,0,0,0.491956522,0,0.238043478,0,5.13E-14,7.22E-07,0,5.65E-07,0
13/06/2017,21,0.49,0,0,0.330217391,0,0.159782609,0,1.04E-13,8.89E-07,0,6.95E-07,0
13/06/2017,22,0.32,0,0,0.215652174,0,0.104347826,0,7.97E-14,5.84E-07,0,4.49E-07,0
13/06/2017,23,0.31,0,0,0.208913043,0,0.101086957,0,8.52E-14,5.97E-07,0,4.59E-07,0
14/06/2017,0,0.28,0,0,0.188695652,0,0.091304348,0,8.01E-14,5.70E-07,0,4.40E-07,0
14/06/2017,1,0.27,0,0,0.181956522,0,0.088043478,0,8.93E-14,5.93E-07,0,4.58E-07,0
14/06/2017,2,0.32,0,0,0.215652174,0,0.104347826,0,7.97E-14,5.84E-07,0,4.49E-07,0
14/06/2017,3,0.29,0,0,0.195434783,0,0.094565217,0,9.60E-14,6.28E-07,0,4.83E-07,0
14/06/2017,4,0.23,0,0,0.155,0,0.075,0,1.34E-13,6.83E-07,0,5.31E-07,0
14/06/2017,5,0.23,0,0,0.155,0,0.075,0,1.34E-13,6.83E-07,0,5.31E-07,0
14/06/2017,6,0.29,0,0,0.195434783,0,0.094565217,0,9.60E-14,6.28E-07,0,4.83E-07,0
14/06/2017,7,0.44,0,0,0.296521739,0,0.143478261,0,2.73E-13,1.35E-06,0,1.06E-06,0
14/06/2017,8,0.37,0.679669,0.37,2.81E-14,0.278573304,0,1.95E-14,0,0,2.67E-07,0,2.94E-07
14/06/2017,9,0.31,1.479189,0.31,1.12E-14,0.964437589,0,1.83E-14,0,0,5.29E-07,0,5.62E-07
14/06/2017,10,0.98,2.161742,0.98,1.96E-14,1.028364107,0,2.05E-14,0,0,3.21E-07,0,5.74E-07
14/06/2017,11,0.55,2.687536,0.55,9.49E-28,1.713370324,0,1.46E-27,0,0,0.25290321,0,0.151741926
14/06/2017,12,0.53,2.716653,0.53,6.15E-17,1.747712192,0,9.28E-17,0,0,0.271262465,0,0.162757479
14/06/2017,13,0.35,2.33483,0.35,1.89E-27,1.587491203,0,6.55E-27,0,0,0.185607893,0,0.111364736
14/06/2017,14,0.26,0.925261,0.26,2.09E-14,0.555477589,0,3.13E-14,0,0,6.17E-07,0,5.95E-07
14/06/2017,15,0.22,0.925818,0.22,1.45E-14,0.58485375,0,2.29E-14,0,0,5.68E-07,0,5.34E-07
14/06/2017,16,0.19,0,0,0.128043478,0,0.061956522,0,6.55E-13,1.31E-06,0,1.04E-06,0
14/06/2017,17,0.2,0,0,0.134782609,0,0.065217391,0,6.50E-13,1.38E-06,0,1.08E-06,0
14/06/2017,18,0.25,0,0,0.168478261,0,0.081521739,0,1.63E-13,7.79E-07,0,6.03E-07,0
14/06/2017,19,0.28,0,0,0.188695652,0,0.091304348,0,8.01E-14,5.70E-07,0,4.40E-07,0
14/06/2017,20,0.26,0,0,0.175217391,0,0.084782609,0,1.03E-13,6.25E-07,0,4.83E-07,0
14/06/2017,21,0.41,0,0,0.276304348,0,0.133695652,0,9.39E-14,7.50E-07,0,5.84E-07,0
14/06/2017,22,0.37,0,0,0.249347826,0,0.120652174,0,6.10E-14,5.67E-07,0,4.41E-07,0
14/06/2017,23,0.36,0,0,0.242608696,0,0.117391304,0,2.18E-13,1.07E-06,0,8.27E-07,0
15/06/2017,0,0.39,0,0,0.262826087,0,0.127173913,0,3.46E-13,1.38E-06,0,1.08E-06,0
15/06/2017,1,0.34,0,0,0.229130435,0,0.110869565,0,6.68E-14,5.46E-07,0,4.22E-07,0
15/06/2017,2,0.38,0,0,0.256086957,0,0.123913043,0,3.49E-13,1.35E-06,0,1.06E-06,0
15/06/2017,3,0.26,0,0,0.175217391,0,0.084782609,0,1.03E-13,6.25E-07,0,4.83E-07,0
15/06/2017,4,0.22,0,0,0.14826087,0,0.07173913,0,2.71E-13,9.78E-07,0,7.67E-07,0
15/06/2017,5,0.26,0,0,0.175217391,0,0.084782609,0,1.03E-13,6.25E-07,0,4.83E-07,0
15/06/2017,6,0.29,0,0,0.195434783,0,0.094565217,0,9.60E-14,6.28E-07,0,4.83E-07,0
15/06/2017,7,0.44,0,0,0.296521739,0,0.143478261,0,2.73E-13,1.35E-06,0,1.06E-06,0
15/06/2017,8,0.29,0.705324,0.29,2.24E-14,0.357046071,0,2.64E-14,0,0,4.33E-07,0,4.34E-07
15/06/2017,9,0.38,0.900265,0.38,3.40E-14,0.448605804,0,3.89E-14,0,0,7.93E-07,0,6.72E-07
15/06/2017,10,0.57,1.197044,0.57,2.21E-14,0.549678214,0,2.14E-14,0,0,6.44E-07,0,5.22E-07
15/06/2017,11,0.45,1.621273,0.45,5.79E-15,0.977362232,0,8.71E-15,0,0,4.11E-07,0,3.90E-07
15/06/2017,12,0.52,0.411325,0.398419484,0.081934696,0,0.039645821,0,8.44E-13,1.27E-06,0,9.88E-07,0
15/06/2017,13,0.38,0.380921,0.287025426,0.092974574,0.093895574,0,2.79E-13,0,0,8.14E-07,0,7.45E-07
15/06/2017,14,0.36,1.879388,0.36,7.62E-15,1.248976322,0,1.27E-14,0,0,0.004636926,0,0.002782156
15/06/2017,15,0.24,0.759159,0.24,1.85E-14,0.436467054,0,2.63E-14,0,0,5.16E-07,0,4.87E-07
15/06/2017,16,0.21,0,0,0.141521739,0,0.068478261,0,3.88E-13,1.11E-06,0,8.60E-07,0
15/06/2017,17,0.32,0,0,0.215652174,0,0.104347826,0,7.97E-14,5.84E-07,0,4.49E-07,0
15/06/2017,18,0.61,0,0,0.411086957,0,0.198913043,0,7.71E-14,8.10E-07,0,6.32E-07,0
15/06/2017,19,1.36,0,0,0.916521739,0,0.443478261,0,8.64E-14,1.37E-06,0,1.06E-06,0
15/06/2017,20,0.41,0,0,0.276304348,0,0.133695652,0,9.39E-14,7.50E-07,0,5.84E-07,0
15/06/2017,21,0.59,0,0,0.397608696,0,0.192391304,0,8.91E-14,8.65E-07,0,6.80E-07,0
15/06/2017,22,0.43,0,0,0.289782609,0,0.140217391,0,1.24E-13,8.81E-07,0,6.85E-07,0
15/06/2017,23,1.68,0,0,1.146981213,0,0.533018787,0,2.21E-15,0.015609362,0,0.013622716,0
16/06/2017,0,2.67,0,0,1.952546429,0,0.717453571,0,1.07E-23,0.161496861,0,0.140942715,0
16/06/2017,1,0.32,0,0,0.215652174,0,0.104347826,0,7.97E-14,5.84E-07,0,4.49E-07,0
16/06/2017,2,0.29,0,0,0.195434783,0,0.094565217,0,9.60E-14,6.28E-07,0,4.83E-07,0
16/06/2017,3,0.22,0,0,0.14826087,0,0.07173913,0,2.71E-13,9.78E-07,0,7.67E-07,0
16/06/2017,4,0.22,0,0,0.14826087,0,0.07173913,0,2.71E-13,9.78E-07,0,7.67E-07,0
16/06/2017,5,0.29,0,0,0.195434783,0,0.094565217,0,9.60E-14,6.28E-07,0,4.83E-07,0
16/06/2017,6,0.27,0,0,0.181956522,0,0.088043478,0,8.93E-14,5.93E-07,0,4.58E-07,0
16/06/2017,7,0.33,0,0,0.222391304,0,0.107608696,0,6.52E-14,5.31E-07,0,4.09E-07,0
16/06/2017,8,1.27,0.844158,0.836993264,0.291808888,0,0.141197849,0,1.07E-13,8.67E-07,0,6.62E-07,0
16/06/2017,9,0.82,1.754727,0.82,2.59E-14,0.817012768,0,2.59E-14,0,0,3.31E-07,0,5.54E-07
16/06/2017,10,0.54,2.188061,0.54,8.59E-16,1.355880937,0,1.32E-15,0,0,0.061788421,0,0.037073053
16/06/2017,11,0.24,1.411083,0.24,1.58E-14,0.960334554,0,2.68E-14,0,0,6.10E-07,0,6.21E-07
16/06/2017,12,0.31,1.830711,0.31,6.85E-17,1.246296291,0,1.16E-16,0,0,0.003204174,0,0.001922505
16/06/2017,13,0.49,0.824718,0.49,4.79E-14,0.308344821,0,2.15E-14,0,0,3.48E-07,0,3.50E-07
16/06/2017,14,0.28,0.540156,0.28,3.09E-14,0.231553929,0,2.48E-14,0,0,3.09E-07,0,3.01E-07
16/06/2017,15,0.23,0.81634,0.23,9.83E-15,0.489648214,0,1.47E-14,0,0,4.24E-07,0,3.92E-07
16/06/2017,16,0.22,0,0,0.14826087,0,0.07173913,0,2.71E-13,9.78E-07,0,7.67E-07,0
16/06/2017,17,0.28,0,0,0.188695652,0,0.091304348,0,8.01E-14,5.70E-07,0,4.40E-07,0
16/06/2017,18,0.21,0,0,0.141521739,0,0.068478261,0,3.88E-13,1.11E-06,0,8.60E-07,0
16/06/2017,19,0.17,0,0,0.114565217,0,0.055434783,0,7.31E-13,1.29E-06,0,1.01E-06,0
16/06/2017,20,0.34,0,0,0.229130435,0,0.110869565,0,6.68E-14,5.46E-07,0,4.22E-07,0
16/06/2017,21,0.42,0,0,0.283043478,0,0.136956522,0,3.20E-13,1.40E-06,0,1.09E-06,0
16/06/2017,22,0.34,0,0,0.229130435,0,0.110869565,0,6.68E-14,5.46E-07,0,4.22E-07,0
16/06/2017,23,0.27,0,0,0.181956522,0,0.088043478,0,8.93E-14,5.93E-07,0,4.58E-07,0
17/06/2017,0,0.27,0,0,0.181956522,0,0.088043478,0,8.93E-14,5.93E-07,0,4.58E-07,0
17/06/2017,1,0.29,0,0,0.195434783,0,0.094565217,0,9.60E-14,6.28E-07,0,4.83E-07,0
17/06/2017,2,0.25,0,0,0.168478261,0,0.081521739,0,1.63E-13,7.79E-07,0,6.03E-07,0
17/06/2017,3,0.24,0,0,0.16173913,0,0.07826087,0,1.70E-13,7.88E-07,0,6.12E-07,0
17/06/2017,4,0.28,0,0,0.188695652,0,0.091304348,0,8.01E-14,5.70E-07,0,4.40E-07,0
17/06/2017,5,0.29,0,0,0.195434783,0,0.094565217,0,9.60E-14,6.28E-07,0,4.83E-07,0
17/06/2017,6,0.21,0,0,0.141521739,0,0.068478261,0,3.88E-13,1.11E-06,0,8.60E-07,0
17/06/2017,7,0.41,0,0,0.276304348,0,0.133695652,0,9.39E-14,7.50E-07,0,5.84E-07,0
17/06/2017,8,0.36,0.72656,0.36,1.96E-14,0.323485714,0,1.75E-14,0,0,2.91E-07,0,2.99E-07
17/06/2017,9,0.4,0.769257,0.4,3.92E-14,0.328867232,0,3.12E-14,0,0,4.76E-07,0,4.76E-07
17/06/2017,10,0.27,2.144625,0.27,3.35E-22,1.501335878,0,8.59E-22,0,0,0.139549024,0,0.083729414
17/06/2017,11,0.35,0.507877,0.341505166,0.008494834,0.161134032,0,5.44E-14,0,0,3.24E-07,0,3.47E-07
17/06/2017,12,3.17,2.591038,2.499681893,0.451736116,0,0.218581991,0,2.93E-14,6.28E-07,0,4.86E-07,0
17/06/2017,13,1.15,1.750244,1.15,3.08E-13,0.574749643,0,1.90E-14,0,0,5.63E-07,0,5.16E-07
17/06/2017,14,0.36,1.07137,0.36,9.28E-15,0.600565179,0,1.28E-14,0,0,3.36E-07,0,3.21E-07
17/06/2017,15,0.23,1.380808,0.23,3.12E-15,0.943238571,0,5.33E-15,0,0,3.13E-07,0,2.97E-07
17/06/2017,16,0.37,0,0,0.249347826,0,0.120652174,0,6.10E-14,5.67E-07,0,4.41E-07,0
17/06/2017,17,0.2,0,0,0.134782609,0,0.065217391,0,6.50E-13,1.38E-06,0,1.08E-06,0
17/06/2017,18,0.22,0,0,0.14826087,0,0.07173913,0,2.71E-13,9.78E-07,0,7.67E-07,0
17/06/2017,19,0.2,0,0,0.134782609,0,0.065217391,0,6.50E-13,1.38E-06,0,1.08E-06,0
17/06/2017,20,1.17,0,0,0.788478261,0,0.381521739,0,4.26E-14,8.57E-07,0,6.61E-07,0
17/06/2017,21,0.27,0,0,0.181956522,0,0.088043478,0,8.93E-14,5.93E-07,0,4.58E-07,0
17/06/2017,22,0.23,0,0,0.155,0,0.075,0,1.34E-13,6.83E-07,0,5.31E-07,0
17/06/2017,23,0.27,0,0,0.181956522,0,0.088043478,0,8.93E-14,5.93E-07,0,4.58E-07,0
18/06/2017,0,0.26,0,0,0.175217391,0,0.084782609,0,1.03E-13,6.25E-07,0,4.83E-07,0
18/06/2017,1,0.21,0,0,0.141521739,0,0.068478261,0,3.88E-13,1.11E-06,0,8.60E-07,0
18/06/2017,2,0.21,0,0,0.141521739,0,0.068478261,0,3.88E-13,1.11E-06,0,8.60E-07,0
18/06/2017,3,0.27,0,0,0.181956522,0,0.088043478,0,8.93E-14,5.93E-07,0,4.58E-07,0
18/06/2017,4,0.25,0,0,0.168478261,0,0.081521739,0,1.63E-13,7.79E-07,0,6.03E-07,0
18/06/2017,5,0.18,0,0,0.121304348,0,0.058695652,0,6.27E-13,1.23E-06,0,9.69E-07,0
18/06/2017,6,0.17,0,0,0.114565217,0,0.055434783,0,7.31E-13,1.29E-06,0,1.01E-06,0
18/06/2017,7,0.23,0,0,0.155,0,0.075,0,1.34E-13,6.83E-07,0,5.31E-07,0
18/06/2017,8,0.4,0.903769,0.4,3.38E-14,0.436957232,0,3.65E-14,0,0,7.40E-07,0,6.44E-07
18/06/2017,9,0.85,1.757123,0.85,6.68E-15,0.797241696,0,6.26E-15,0,0,2.86E-07,0,3.20E-07
18/06/2017,10,0.39,2.308871,0.39,5.49E-16,1.542331541,0,8.55E-16,0,0,0.161465416,0,0.09687925
18/06/2017,11,0.36,2.010113,0.36,7.41E-15,1.34425702,0,1.20E-14,0,0,0.055574244,0,0.033344546
18/06/2017,12,0.32,0.20865,0.207459742,0.075842348,0,0.03669791,0,7.86E-13,1.16E-06,0,9.12E-07,0
18/06/2017,13,0.45,0.184971,0.184971,0.1786065,0,0.0864225,0,2.83E-13,1.05E-06,0,8.30E-07,0
18/06/2017,14,0.27,1.830681,0.27,3.68E-15,1.272513515,0,6.53E-15,0,0,0.017219973,0,0.010331984
18/06/2017,15,0.33,0.490803,0.327668263,0.002331737,0.157420899,0,6.73E-14,0,0,4.36E-07,0,4.26E-07
18/06/2017,16,0.37,0,0,0.249347826,0,0.120652174,0,6.10E-14,5.67E-07,0,4.41E-07,0
18/06/2017,17,0.23,0,0,0.155,0,0.075,0,1.34E-13,6.83E-07,0,5.31E-07,0
18/06/2017,18,0.23,0,0,0.155,0,0.075,0,1.34E-13,6.83E-07,0,5.31E-07,0
18/06/2017,19,0.4,0,0,0.269565217,0,0.130434783,0,9.36E-14,7.27E-07,0,5.71E-07,0
18/06/2017,20,0.27,0,0,0.181956522,0,0.088043478,0,8.93E-14,5.93E-07,0,4.58E-07,0
18/06/2017,21,0.23,0,0,0.155,0,0.075,0,1.34E-13,6.83E-07,0,5.31E-07,0
18/06/2017,22,0.26,0,0,0.175217391,0,0.084782609,0,1.03E-13,6.25E-07,0,4.83E-07,0
18/06/2017,23,0.32,0,0,0.215652174,0,0.104347826,0,7.97E-14,5.84E-07,0,4.49E-07,0
19/06/2017,0,0.23,0,0,0.155,0,0.075,0,1.34E-13,6.83E-07,0,5.31E-07,0
19/06/2017,1,0.15,0,0,0.101086957,0,0.048913043,0,1.32E-13,5.14E-07,0,3.96E-07,0
19/06/2017,2,0.17,0,0,0.114565217,0,0.055434783,0,7.31E-13,1.29E-06,0,1.01E-06,0
19/06/2017,3,0.22,0,0,0.14826087,0,0.07173913,0,2.71E-13,9.78E-07,0,7.67E-07,0
19/06/2017,4,0.16,0,0,0.107826087,0,0.052173913,0,7.27E-13,1.27E-06,0,9.81E-07,0
19/06/2017,5,0.14,0,0,0.094347826,0,0.045652174,0,1.84E-13,5.97E-07,0,4.59E-07,0
19/06/2017,6,0.18,0,0,0.121304348,0,0.058695652,0,6.27E-13,1.23E-06,0,9.69E-07,0
19/06/2017,7,0.37,0,0,0.249347826,0,0.120652174,0,6.10E-14,5.67E-07,0,4.41E-07,0
19/06/2017,8,0.26,0.038458,0.038458,0.149300043,0,0.072241957,0,4.43E-13,1.25E-06,0,9.59E-07,0
19/06/2017,9,0.25,0.11078,0.11078,0.093822174,0,0.045397826,0,2.84E-13,8.41E-07,0,6.54E-07,0
19/06/2017,10,0.42,0.161515,0.161515,0.174196413,0,0.084288587,0,3.83E-13,1.22E-06,0,9.46E-07,0
19/06/2017,11,0.26,0.197305,0.19212102,0.04574453,0,0.02213445,0,9.64E-13,1.13E-06,0,8.93E-07,0
19/06/2017,12,0.18,0.2121,0.15205082,0.02794918,0.06004918,0,3.41E-13,0,0,6.47E-07,0,6.75E-07
19/06/2017,13,0.18,0.185833,0.138702016,0.041297984,0.047130984,0,1.53E-13,0,0,4.67E-07,0,4.34E-07
19/06/2017,14,0.37,0.483207,0.335504604,0.034495396,0.145649617,0,4.13E-14,0,0,4.08E-07,0,3.69E-07
19/06/2017,15,0.37,0.322621,0.308891813,0.041181604,0,0.019926583,0,6.49E-13,8.34E-07,0,6.48E-07,0
19/06/2017,16,0.26,0,0,0.175217391,0,0.084782609,0,1.03E-13,6.25E-07,0,4.83E-07,0
19/06/2017,17,0.18,0,0,0.121304348,0,0.058695652,0,6.27E-13,1.23E-06,0,9.69E-07,0
19/06/2017,18,1.02,0,0,0.687391304,0,0.332608696,0,2.23E-14,5.86E-07,0,4.56E-07,0
19/06/2017,19,0.84,0,0,0.566086957,0,0.273913043,0,2.93E-14,5.61E-07,0,4.28E-07,0
19/06/2017,20,1.48,0,0,0.997391304,0,0.482608696,0,2.21E-14,6.85E-07,0,5.25E-07,0
19/06/2017,21,3.19,0,0,2.375671594,0,0.814328406,0,7.10E-21,0.238124638,0,0.207817866,0
19/06/2017,22,0.44,0,0,0.296521739,0,0.143478261,0,2.73E-13,1.35E-06,0,1.06E-06,0
19/06/2017,23,0.35,0,0,0.235869565,0,0.114130435,0,1.79E-13,9.39E-07,0,7.27E-07,0
20/06/2017,0,0.25,0,0,0.168478261,0,0.081521739,0,1.63E-13,7.79E-07,0,6.03E-07,0
20/06/2017,1,0.24,0,0,0.16173913,0,0.07826087,0,1.70E-13,7.88E-07,0,6.12E-07,0
20/06/2017,2,0.29,0,0,0.195434783,0,0.094565217,0,9.60E-14,6.28E-07,0,4.83E-07,0
20/06/2017,3,0.28,0,0,0.188695652,0,0.091304348,0,8.01E-14,5.70E-07,0,4.40E-07,0
20/06/2017,4,0.22,0,0,0.14826087,0,0.07173913,0,2.71E-13,9.78E-07,0,7.67E-07,0
20/06/2017,5,0.24,0,0,0.16173913,0,0.07826087,0,1.70E-13,7.88E-07,0,6.12E-07,0
20/06/2017,6,0.33,0,0,0.222391304,0,0.107608696,0,6.52E-14,5.31E-07,0,4.09E-07,0
20/06/2017,7,0.37,0,0,0.249347826,0,0.120652174,0,6.10E-14,5.67E-07,0,4.41E-07,0
20/06/2017,8,0.42,0.028432,0.028432,0.263882783,0,0.127685217,0,2.14E-13,1.15E-06,0,8.89E-07,0
20/06/2017,9,0.33,0.154354,0.154354,0.11837013,0,0.05727587,0,1.06E-13,5.45E-07,0,4.19E-07,0
20/06/2017,10,2.73,0.229807,0.229807,1.814374093,0,0.685818907,0,9.45E-24,0.136473913,0,0.119104506,0
20/06/2017,11,1.06,0.21211,0.21211,0.57140413,0,0.27648587,0,2.30E-14,5.58E-07,0,4.33E-07,0
20/06/2017,12,0.31,0.314827,0.236223557,0.073776443,0.078603443,0,1.10E-13,0,0,3.42E-07,0,3.38E-07
20/06/2017,13,0.19,0.298432,0.19,6.94E-13,0.102400714,0,1.37E-13,0,0,3.47E-07,0,4.92E-07
20/06/2017,14,0.25,0.210701,0.202530658,0.031990209,0,0.015479133,0,1.80E-12,1.24E-06,0,9.63E-07,0
20/06/2017,15,0.24,0.1253,0.1253,0.077297826,0,0.037402174,0,3.96E-13,8.83E-07,0,6.85E-07,0
20/06/2017,16,0.2,0,0,0.134782609,0,0.065217391,0,6.50E-13,1.38E-06,0,1.08E-06,0
20/06/2017,17,0.19,0,0,0.128043478,0,0.061956522,0,6.55E-13,1.31E-06,0,1.04E-06,0
20/06/2017,18,0.36,0,0,0.242608696,0,0.117391304,0,2.18E-13,1.07E-06,0,8.27E-07,0
20/06/2017,19,0.27,0,0,0.181956522,0,0.088043478,0,8.93E-14,5.93E-07,0,4.58E-07,0
20/06/2017,20,0.27,0,0,0.181956522,0,0.088043478,0,8.93E-14,5.93E-07,0,4.58E-07,0
20/06/2017,21,0.26,0,0,0.175217391,0,0.084782609,0,1.03E-13,6.25E-07,0,4.83E-07,0
20/06/2017,22,0.36,0,0,0.242608696,0,0.117391304,0,2.18E-13,1.07E-06,0,8.27E-07,0
20/06/2017,23,0.31,0,0,0.208913043,0,0.101086957,0,8.52E-14,5.97E-07,0,4.59E-07,0
21/06/2017,0,0.17,0,0,0.114565217,0,0.055434783,0,7.31E-13,1.29E-06,0,1.01E-06,0
21/06/2017,1,0.2,0,0,0.134782609,0,0.065217391,0,6.50E-13,1.38E-06,0,1.08E-06,0
21/06/2017,2,0.28,0,0,0.188695652,0,0.091304348,0,8.01E-14,5.70E-07,0,4.40E-07,0
21/06/2017,3,0.2,0,0,0.134782609,0,0.065217391,0,6.50E-13,1.38E-06,0,1.08E-06,0
21/06/2017,4,0.17,0,0,0.114565217,0,0.055434783,0,7.31E-13,1.29E-06,0,1.01E-06,0
21/06/2017,5,0.31,0,0,0.208913043,0,0.101086957,0,8.52E-14,5.97E-07,0,4.59E-07,0
21/06/2017,6,0.31,0,0,0.208913043,0,0.101086957,0,8.52E-14,5.97E-07,0,4.59E-07,0
21/06/2017,7,0.35,0.015464,0.015464,0.225448174,0,0.109087826,0,2.64E-13,1.16E-06,0,8.95E-07,0
21/06/2017,8,0.26,0.082578,0.082578,0.119567,0,0.057855,0,3.07E-13,9.00E-07,0,7.09E-07,0
21/06/2017,9,0.33,0.932931,0.33,2.21E-14,0.511015982,0,2.94E-14,0,0,5.05E-07,0,5.45E-07
21/06/2017,10,0.3,0.309623,0.231119885,0.068880115,0.078503115,0,2.44E-13,0,0,4.52E-07,0,5.31E-07
21/06/2017,11,1.44,0.378472,0.378472,0.715377565,0,0.346150435,0,2.51E-14,6.53E-07,0,4.98E-07,0
21/06/2017,12,1.66,0.429292,0.429292,0.829390174,0,0.401317826,0,1.47E-14,5.19E-07,0,3.98E-07,0
21/06/2017,13,1.17,0.251059,0.251059,0.619286326,0,0.299654674,0,1.09E-13,1.30E-06,0,1.02E-06,0
21/06/2017,14,0.2,0.320214,0.2,3.53E-13,0.112671964,0,9.65E-14,0,0,3.45E-07,0,3.67E-07
21/06/2017,15,0.21,0.35076,0.21,1.34E-13,0.129985714,0,5.67E-14,0,0,2.64E-07,0,3.25E-07
21/06/2017,16,0.32,0,0,0.215652174,0,0.104347826,0,7.97E-14,5.84E-07,0,4.49E-07,0
21/06/2017,17,0.31,0,0,0.208913043,0,0.101086957,0,8.52E-14,5.97E-07,0,4.59E-07,0
21/06/2017,18,0.31,0,0,0.208913043,0,0.101086957,0,8.52E-14,5.97E-07,0,4.59E-07,0
21/06/2017,19,0.24,0,0,0.16173913,0,0.07826087,0,1.70E-13,7.88E-07,0,6.12E-07,0
21/06/2017,20,0.28,0,0,0.188695652,0,0.091304348,0,8.01E-14,5.70E-07,0,4.40E-07,0
21/06/2017,21,0.33,0,0,0.222391304,0,0.107608696,0,6.52E-14,5.31E-07,0,4.09E-07,0
21/06/2017,22,0.3,0,0,0.202173913,0,0.097826087,0,9.19E-14,6.14E-07,0,4.72E-07,0
21/06/2017,23,0.21,0,0,0.141521739,0,0.068478261,0,3.88E-13,1.11E-06,0,8.60E-07,0
22/06/2017,0,0.2,0,0,0.134782609,0,0.065217391,0,6.50E-13,1.38E-06,0,1.08E-06,0
22/06/2017,1,0.27,0,0,0.181956522,0,0.088043478,0,8.93E-14,5.93E-07,0,4.58E-07,0
22/06/2017,2,0.23,0,0,0.155,0,0.075,0,1.34E-13,6.83E-07,0,5.31E-07,0
22/06/2017,3,0.19,0,0,0.128043478,0,0.061956522,0,6.55E-13,1.31E-06,0,1.04E-06,0
22/06/2017,4,0.21,0,0,0.141521739,0,0.068478261,0,3.88E-13,1.11E-06,0,8.60E-07,0
22/06/2017,5,0.26,0,0,0.175217391,0,0.084782609,0,1.03E-13,6.25E-07,0,4.83E-07,0
22/06/2017,6,0.3,0,0,0.202173913,0,0.097826087,0,9.19E-14,6.14E-07,0,4.72E-07,0
22/06/2017,7,1.44,0.06385,0.06385,0.927405435,0,0.448744565,0,2.43E-14,7.61E-07,0,5.90E-07,0
22/06/2017,8,0.47,0.774841,0.47,5.99E-14,0.282729375,0,2.27E-14,0,0,3.25E-07,0,3.34E-07
22/06/2017,9,0.31,0.599111,0.31,5.04E-14,0.257232054,0,4.07E-14,0,0,4.03E-07,0,4.22E-07
22/06/2017,10,0.24,0.215548,0.205689146,0.023122532,0,0.011188322,0,6.37E-13,5.91E-07,0,4.62E-07,0
22/06/2017,11,0.37,0.250719,0.247905482,0.082281088,0,0.03981343,0,4.92E-13,1.03E-06,0,8.00E-07,0
22/06/2017,12,0.32,0.228863,0.224604143,0.064288513,0,0.031107345,0,9.45E-13,1.27E-06,0,9.84E-07,0
22/06/2017,13,0.23,2.1872,0.23,1.37E-14,1.558606337,0,2.30E-14,0,0,0.170165966,0,0.10209958
22/06/2017,14,0.45,2.333682,0.45,1.49E-21,1.521056741,0,2.35E-21,0,0,0.150091851,0,0.09005511
22/06/2017,15,0.23,1.680747,0.23,9.60E-15,1.184260982,0,1.69E-14,0,0,6.41E-07,0,7.01E-07
22/06/2017,16,0.36,0,0,0.242608696,0,0.117391304,0,2.18E-13,1.07E-06,0,8.27E-07,0
22/06/2017,17,0.29,0,0,0.195434783,0,0.094565217,0,9.60E-14,6.28E-07,0,4.83E-07,0
22/06/2017,18,0.26,0,0,0.175217391,0,0.084782609,0,1.03E-13,6.25E-07,0,4.83E-07,0
22/06/2017,19,0.17,0,0,0.114565217,0,0.055434783,0,7.31E-13,1.29E-06,0,1.01E-06,0
22/06/2017,20,0.3,0,0,0.202173913,0,0.097826087,0,9.19E-14,6.14E-07,0,4.72E-07,0
22/06/2017,21,0.54,0,0,0.363913043,0,0.176086957,0,8.84E-14,8.55E-07,0,6.64E-07,0
22/06/2017,22,0.31,0,0,0.208913043,0,0.101086957,0,8.52E-14,5.97E-07,0,4.59E-07,0
22/06/2017,23,0.27,0,0,0.181956522,0,0.088043478,0,8.93E-14,5.93E-07,0,4.58E-07,0
23/06/2017,0,0.34,0,0,0.229130435,0,0.110869565,0,6.68E-14,5.46E-07,0,4.22E-07,0
23/06/2017,1,0.25,0,0,0.168478261,0,0.081521739,0,1.63E-13,7.79E-07,0,6.03E-07,0
23/06/2017,2,0.17,0,0,0.114565217,0,0.055434783,0,7.31E-13,1.29E-06,0,1.01E-06,0
23/06/2017,3,0.18,0,0,0.121304348,0,0.058695652,0,6.27E-13,1.23E-06,0,9.69E-07,0
23/06/2017,4,0.25,0,0,0.168478261,0,0.081521739,0,1.63E-13,7.79E-07,0,6.03E-07,0
23/06/2017,5,0.23,0,0,0.155,0,0.075,0,1.34E-13,6.83E-07,0,5.31E-07,0
23/06/2017,6,0.36,0,0,0.242608696,0,0.117391304,0,2.18E-13,1.07E-06,0,8.27E-07,0
23/06/2017,7,0.36,0,0,0.242608696,0,0.117391304,0,2.18E-13,1.07E-06,0,8.27E-07,0
23/06/2017,8,0.35,0.170116,0.170116,0.121226174,0,0.058657826,0,5.70E-13,1.26E-06,0,9.69E-07,0
23/06/2017,9,0.22,0.246612,0.17942577,0.04057423,0.06718623,0,1.19E-13,0,0,3.70E-07,0,3.83E-07
23/06/2017,10,0.14,0.762043,0.14,3.74E-14,0.511105982,0,6.29E-14,0,0,5.63E-07,0,6.70E-07
23/06/2017,11,0.19,0.896043,0.19,6.49E-15,0.582623839,0,1.06E-14,0,0,3.82E-07,0,3.37E-07
23/06/2017,12,0.24,1.924797,0.24,7.83E-25,1.360790562,0,1.42E-24,0,0,0.06441312,0,0.038647872
23/06/2017,13,0.17,2.472383,0.17,3.64E-21,1.805824489,0,7.96E-21,0,0,0.302329455,0,0.181397673
23/06/2017,14,0.14,0.600582,0.14,4.27E-14,0.381360536,0,6.81E-14,0,0,3.84E-07,0,5.02E-07
23/06/2017,15,0.19,1.447198,0.19,1.44E-14,1.02551625,0,2.55E-14,0,0,7.25E-07,0,6.80E-07
23/06/2017,16,0.27,0.905651,0.27,2.24E-14,0.532487411,0,3.27E-14,0,0,6.14E-07,0,5.93E-07
23/06/2017,17,0.32,0,0,0.215652174,0,0.104347826,0,7.97E-14,5.84E-07,0,4.49E-07,0
23/06/2017,18,0.27,0,0,0.181956522,0,0.088043478,0,8.93E-14,5.93E-07,0,4.58E-07,0
23/06/2017,19,0.44,0,0,0.296521739,0,0.143478261,0,2.73E-13,1.35E-06,0,1.06E-06,0
23/06/2017,20,0.37,0,0,0.249347826,0,0.120652174,0,6.10E-14,5.67E-07,0,4.41E-07,0
23/06/2017,21,0.26,0,0,0.175217391,0,0.084782609,0,1.03E-13,6.25E-07,0,4.83E-07,0
23/06/2017,22,0.25,0,0,0.168478261,0,0.081521739,0,1.63E-13,7.79E-07,0,6.03E-07,0
23/06/2017,23,0.25,0,0,0.168478261,0,0.081521739,0,1.63E-13,7.79E-07,0,6.03E-07,0
24/06/2017,0,0.25,0,0,0.168478261,0,0.081521739,0,1.63E-13,7.79E-07,0,6.03E-07,0
24/06/2017,1,0.21,0,0,0.141521739,0,0.068478261,0,3.88E-13,1.11E-06,0,8.60E-07,0
24/06/2017,2,0.2,0,0,0.134782609,0,0.065217391,0,6.50E-13,1.38E-06,0,1.08E-06,0
24/06/2017,3,0.23,0,0,0.155,0,0.075,0,1.34E-13,6.83E-07,0,5.31E-07,0
24/06/2017,4,0.26,0,0,0.175217391,0,0.084782609,0,1.03E-13,6.25E-07,0,4.83E-07,0
24/06/2017,5,0.21,0,0,0.141521739,0,0.068478261,0,3.88E-13,1.11E-06,0,8.60E-07,0
24/06/2017,6,0.37,0,0,0.249347826,0,0.120652174,0,6.10E-14,5.67E-07,0,4.41E-07,0
24/06/2017,7,0.34,0.037808,0.037808,0.20365113,0,0.09854087,0,3.43E-13,1.29E-06,0,1.00E-06,0
24/06/2017,8,0.48,0.330816,0.326322114,0.103565532,0,0.050112354,0,1.85E-13,6.91E-07,0,5.34E-07,0
24/06/2017,9,0.32,0.743017,0.32,1.22E-14,0.365638661,0,1.37E-14,0,0,2.17E-07,0,2.74E-07
24/06/2017,10,0.23,1.161332,0.23,1.27E-14,0.766873929,0,2.11E-14,0,0,5.86E-07,0,5.90E-07
24/06/2017,11,1.18,0.481363,0.481363,0.470820587,0,0.227816413,0,2.65E-14,5.45E-07,0,4.22E-07,0
24/06/2017,12,1.33,0.444797,0.444797,0.596549848,0,0.288653152,0,3.67E-14,7.37E-07,0,5.68E-07,0
24/06/2017,13,1.17,0.382978,0.382978,0.530384391,0,0.256637609,0,1.03E-13,1.15E-06,0,8.95E-07,0
24/06/2017,14,1.15,0.309364,0.309364,0.566515565,0,0.274120435,0,1.23E-13,1.27E-06,0,9.84E-07,0
24/06/2017,15,1.26,0.122002,0.122002,0.766911696,0,0.371086304,0,3.25E-14,8.07E-07,0,6.27E-07,0
24/06/2017,16,1.24,0.161533,0.161533,0.726792978,0,0.351674022,0,7.17E-14,1.22E-06,0,9.52E-07,0
24/06/2017,17,1.1,0,0,0.741304348,0,0.358695652,0,8.04E-14,1.18E-06,0,9.02E-07,0
24/06/2017,18,1.1,0,0,0.741304348,0,0.358695652,0,8.04E-14,1.18E-06,0,9.02E-07,0
24/06/2017,19,1.21,0,0,0.815434783,0,0.394565217,0,3.42E-14,7.77E-07,0,5.95E-07,0
24/06/2017,20,1.21,0,0,0.815434783,0,0.394565217,0,3.42E-14,7.77E-07,0,5.95E-07,0
24/06/2017,21,1.18,0,0,0.795217391,0,0.384782609,0,5.49E-14,9.75E-07,0,7.45E-07,0
24/06/2017,22,1.19,0,0,0.801956522,0,0.388043478,0,5.47E-14,9.70E-07,0,7.36E-07,0
24/06/2017,23,1.23,0,0,0.828913043,0,0.401086957,0,2.88E-14,7.20E-07,0,5.55E-07,0
25/06/2017,0,1.17,0,0,0.788478261,0,0.381521739,0,4.26E-14,8.57E-07,0,6.61E-07,0
25/06/2017,1,1.1,0,0,0.741304348,0,0.358695652,0,8.04E-14,1.18E-06,0,9.02E-07,0
25/06/2017,2,0.52,0,0,0.350434783,0,0.169565217,0,8.97E-14,8.49E-07,0,6.61E-07,0
25/06/2017,3,0.25,0,0,0.168478261,0,0.081521739,0,1.63E-13,7.79E-07,0,6.03E-07,0
25/06/2017,4,0.26,0,0,0.175217391,0,0.084782609,0,1.03E-13,6.25E-07,0,4.83E-07,0
25/06/2017,5,0.22,0,0,0.14826087,0,0.07173913,0,2.71E-13,9.78E-07,0,7.67E-07,0
25/06/2017,6,0.18,0,0,0.121304348,0,0.058695652,0,6.27E-13,1.23E-06,0,9.69E-07,0
25/06/2017,7,0.53,0.089625,0.089625,0.296774457,0,0.143600543,0,1.59E-13,1.02E-06,0,7.86E-07,0
25/06/2017,8,0.37,0.994953,0.37,1.08E-14,0.531926518,0,1.39E-14,0,0,3.49E-07,0,3.26E-07
25/06/2017,9,0.27,1.698214,0.27,3.95E-15,1.169368393,0,6.80E-15,0,0,4.96E-07,0,4.56E-07
25/06/2017,10,1.08,1.604617,1.071586004,0.008413996,0.514438068,0,4.09E-14,0,0,4.26E-07,0,6.02E-07
25/06/2017,11,1.17,1.9284,1.17,5.02E-14,0.703446429,0,1.90E-14,0,0,5.12E-07,0,5.08E-07
25/06/2017,12,1.1,2.442809,1.1,1.33E-14,1.167435804,0,1.40E-14,0,0,5.46E-07,0,5.81E-07
25/06/2017,13,1.03,2.670105,1.03,1.63E-27,1.385796416,0,2.47E-27,0,0,0.077781317,0,0.04666879
25/06/2017,14,1.2,2.412307,1.2,9.81E-15,1.070603839,0,8.70E-15,0,0,3.83E-07,0,3.80E-07
25/06/2017,15,1.23,1.798501,1.206645851,0.023354149,0.572560501,0,3.32E-14,0,0,3.37E-07,0,5.39E-07
25/06/2017,16,1.2,0.931302,0.904238943,0.199317234,0,0.096443823,0,1.86E-13,9.63E-07,0,7.39E-07,0
25/06/2017,17,1.17,0,0,0.788478261,0,0.381521739,0,4.26E-14,8.57E-07,0,6.61E-07,0
25/06/2017,18,1.15,0,0,0.775,0,0.375,0,4.69E-14,8.93E-07,0,6.89E-07,0
25/06/2017,19,1.13,0,0,0.761521739,0,0.368478261,0,7.57E-14,1.14E-06,0,8.70E-07,0
25/06/2017,20,1.24,0,0,0.835652174,0,0.404347826,0,2.88E-14,7.23E-07,0,5.53E-07,0
25/06/2017,21,1.22,0,0,0.822173913,0,0.397826087,0,3.24E-14,7.59E-07,0,5.83E-07,0
25/06/2017,22,1.18,0,0,0.795217391,0,0.384782609,0,5.49E-14,9.75E-07,0,7.45E-07,0
25/06/2017,23,1.22,0,0,0.822173913,0,0.397826087,0,3.24E-14,7.59E-07,0,5.83E-07,0
26/06/2017,0,1.26,0,0,0.849130435,0,0.410869565,0,2.77E-14,7.14E-07,0,5.47E-07,0
26/06/2017,1,1.18,0,0,0.795217391,0,0.384782609,0,5.49E-14,9.75E-07,0,7.45E-07,0
26/06/2017,2,1.05,0,0,0.707608696,0,0.342391304,0,1.87E-14,5.54E-07,0,4.26E-07,0
26/06/2017,3,0.27,0,0,0.181956522,0,0.088043478,0,8.93E-14,5.93E-07,0,4.58E-07,0
26/06/2017,4,0.3,0,0,0.202173913,0,0.097826087,0,9.19E-14,6.14E-07,0,4.72E-07,0
26/06/2017,5,0.32,0,0,0.215652174,0,0.104347826,0,7.97E-14,5.84E-07,0,4.49E-07,0
26/06/2017,6,1.14,0,0,0.76826087,0,0.37173913,0,3.67E-14,7.78E-07,0,5.92E-07,0
26/06/2017,7,1.05,0.113921,0.113921,0.630835848,0,0.305243152,0,2.21E-14,5.59E-07,0,4.25E-07,0
26/06/2017,8,0.7,1.04933,0.698966224,0.001033776,0.337709249,0,2.86E-14,0,0,3.00E-07,0,4.34E-07
26/06/2017,9,1.22,1.857244,1.22,2.97E-13,0.610106786,0,1.87E-14,0,0,5.09E-07,0,5.34E-07
26/06/2017,10,1.1,2.308052,1.1,1.80E-14,1.059148929,0,1.74E-14,0,0,3.34E-07,0,5.46E-07
26/06/2017,11,1.15,2.687032,1.15,3.92E-17,1.319416619,0,4.37E-17,0,0,0.042294499,0,0.025376699
26/06/2017,12,1.28,2.710787,1.28,1.29E-20,1.251344481,0,1.27E-20,0,0,0.00653116,0,0.003918696
26/06/2017,13,1.11,1.92821,1.11,3.88E-14,0.746686607,0,2.11E-14,0,0,7.02E-07,0,6.19E-07
26/06/2017,14,1.41,1.463993,1.090717754,0.319282246,0.373275246,0,3.73E-14,0,0,5.35E-07,0,5.29E-07
26/06/2017,15,1.2,1.218136,0.914134689,0.285865311,0.304001311,0,3.86E-14,0,0,4.40E-07,0,4.53E-07
26/06/2017,16,1.16,0.624436,0.624436,0.360923565,0,0.174640435,0,2.09E-13,1.31E-06,0,1.00E-06,0
26/06/2017,17,0.34,0,0,0.229130435,0,0.110869565,0,6.68E-14,5.46E-07,0,4.22E-07,0
26/06/2017,18,0.3,0,0,0.202173913,0,0.097826087,0,9.19E-14,6.14E-07,0,4.72E-07,0
26/06/2017,19,1.12,0,0,0.754782609,0,0.365217391,0,7.40E-14,1.12E-06,0,8.62E-07,0
26/06/2017,20,1.21,0,0,0.815434783,0,0.394565217,0,3.42E-14,7.77E-07,0,5.95E-07,0
26/06/2017,21,1.1,0,0,0.741304348,0,0.358695652,0,8.04E-14,1.18E-06,0,9.02E-07,0
26/06/2017,22,0.25,0,0,0.168478261,0,0.081521739,0,1.63E-13,7.79E-07,0,6.03E-07,0
26/06/2017,23,0.25,0,0,0.168478261,0,0.081521739,0,1.63E-13,7.79E-07,0,6.03E-07,0
27/06/2017,0,0.27,0,0,0.181956522,0,0.088043478,0,8.93E-14,5.93E-07,0,4.58E-07,0
27/06/2017,1,0.29,0,0,0.195434783,0,0.094565217,0,9.60E-14,6.28E-07,0,4.83E-07,0
27/06/2017,2,0.27,0,0,0.181956522,0,0.088043478,0,8.93E-14,5.93E-07,0,4.58E-07,0
27/06/2017,3,0.22,0,0,0.14826087,0,0.07173913,0,2.71E-13,9.78E-07,0,7.67E-07,0
27/06/2017,4,0.27,0,0,0.181956522,0,0.088043478,0,8.93E-14,5.93E-07,0,4.58E-07,0
27/06/2017,5,0.31,0,0,0.208913043,0,0.101086957,0,8.52E-14,5.97E-07,0,4.59E-07,0
27/06/2017,6,0.37,0,0,0.249347826,0,0.120652174,0,6.10E-14,5.67E-07,0,4.41E-07,0
27/06/2017,7,1.08,0.099693,0.099693,0.660641674,0,0.319665326,0,2.66E-14,6.63E-07,0,5.12E-07,0
27/06/2017,8,0.35,0.352507,0.265208475,0.084791525,0.087298525,0,2.37E-13,0,0,3.85E-07,0,4.24E-07
27/06/2017,9,0.39,1.75609,0.39,1.52E-14,1.129090179,0,2.46E-14,0,0,9.25E-07,0,8.04E-07
27/06/2017,10,0.24,2.423582,0.24,1.68E-23,1.724336807,0,3.54E-23,0,0,0.258765921,0,0.155259552
27/06/2017,11,0.38,2.89997,0.38,1.38E-19,1.979721875,0,2.90E-19,0,0,0.395295466,0,0.237177279
27/06/2017,12,0.25,2.647061,0.25,2.59E-17,1.880662748,0,4.71E-17,0,0,0.34233819,0,0.205402914
27/06/2017,13,0.29,2.766315,0.29,4.88E-15,1.941343561,0,8.73E-15,0,0,0.374778316,0,0.224866989
27/06/2017,14,0.22,2.290968,0.22,9.68E-15,1.640798831,0,1.74E-14,0,0,0.214106294,0,0.128463776
27/06/2017,15,0.17,1.75601,0.17,2.44E-14,1.283686266,0,4.37E-14,0,0,0.023192956,0,0.013915773
27/06/2017,16,0.26,0.755955,0.26,2.67E-14,0.419428125,0,3.62E-14,0,0,6.57E-07,0,5.95E-07
27/06/2017,17,0.26,0,0,0.175217391,0,0.084782609,0,1.03E-13,6.25E-07,0,4.83E-07,0
27/06/2017,18,1.08,0,0,0.727826087,0,0.352173913,0,7.98E-14,1.17E-06,0,9.01E-07,0
27/06/2017,19,0.73,0,0,0.491956522,0,0.238043478,0,5.13E-14,7.22E-07,0,5.65E-07,0
27/06/2017,20,0.26,0,0,0.175217391,0,0.084782609,0,1.03E-13,6.25E-07,0,4.83E-07,0
27/06/2017,21,0.3,0,0,0.202173913,0,0.097826087,0,9.19E-14,6.14E-07,0,4.72E-07,0
27/06/2017,22,0.29,0,0,0.195434783,0,0.094565217,0,9.60E-14,6.28E-07,0,4.83E-07,0
27/06/2017,23,0.2,0,0,0.134782609,0,0.065217391,0,6.50E-13,1.38E-06,0,1.08E-06,0
28/06/2017,0,0.24,0,0,0.16173913,0,0.07826087,0,1.70E-13,7.88E-07,0,6.12E-07,0
28/06/2017,1,0.33,0,0,0.222391304,0,0.107608696,0,6.52E-14,5.31E-07,0,4.09E-07,0
28/06/2017,2,0.26,0,0,0.175217391,0,0.084782609,0,1.03E-13,6.25E-07,0,4.83E-07,0
28/06/2017,3,0.22,0,0,0.14826087,0,0.07173913,0,2.71E-13,9.78E-07,0,7.67E-07,0
28/06/2017,4,0.27,0,0,0.181956522,0,0.088043478,0,8.93E-14,5.93E-07,0,4.58E-07,0
28/06/2017,5,0.38,0,0,0.256086957,0,0.123913043,0,3.49E-13,1.35E-06,0,1.06E-06,0
28/06/2017,6,0.26,0,0,0.175217391,0,0.084782609,0,1.03E-13,6.25E-07,0,4.83E-07,0
28/06/2017,7,0.45,0.142822,0.142822,0.207011261,0,0.100166739,0,3.34E-13,1.27E-06,0,9.81E-07,0
28/06/2017,8,0.3,1.051494,0.3,7.12E-15,0.62798625,0,1.06E-14,0,0,2.68E-07,0,3.17E-07
28/06/2017,9,0.27,1.950206,0.27,3.03E-24,1.35963094,0,5.46E-24,0,0,0.063793183,0,0.03827591
28/06/2017,10,0.25,2.390875,0.25,1.10E-24,1.693938091,0,2.19E-24,0,0,0.242514686,0,0.145508811
28/06/2017,11,0.62,2.84873,0.62,1.46E-24,1.784940359,0,2.01E-24,0,0,0.291164743,0,0.174698846
28/06/2017,12,1.06,2.958811,1.06,2.79E-13,1.5765444,0,3.57E-13,0,0,0.179755702,0,0.107853421
28/06/2017,13,0.77,2.740018,0.77,2.69E-24,1.607307547,0,8.32E-24,0,0,0.196201764,0,0.117721058
28/06/2017,14,0.23,2.470784,0.23,4.33E-24,1.7653004,0,9.89E-24,0,0,0.280665168,0,0.168399101
28/06/2017,15,0.17,1.81498,0.17,1.17E-23,1.326667354,0,1.96E-23,0,0,0.046170761,0,0.027702457
28/06/2017,16,0.23,1.018786,0.23,7.29E-15,0.652328036,0,1.17E-14,0,0,4.55E-07,0,3.99E-07
28/06/2017,17,0.24,0,0,0.16173913,0,0.07826087,0,1.70E-13,7.88E-07,0,6.12E-07,0
28/06/2017,18,0.78,0,0,0.525652174,0,0.254347826,0,3.72E-14,6.31E-07,0,4.91E-07,0
28/06/2017,19,0.93,0,0,0.62673913,0,0.30326087,0,7.38E-14,9.64E-07,0,7.40E-07,0
28/06/2017,20,0.43,0,0,0.289782609,0,0.140217391,0,1.24E-13,8.81E-07,0,6.85E-07,0
28/06/2017,21,1.28,0,0,0.862608696,0,0.417391304,0,2.74E-14,7.16E-07,0,5.49E-07,0
28/06/2017,22,1.2,0,0,0.808695652,0,0.391304348,0,4.60E-14,8.90E-07,0,6.81E-07,0
28/06/2017,23,1.15,0,0,0.775,0,0.375,0,4.69E-14,8.93E-07,0,6.89E-07,0
29/06/2017,0,0.35,0,0,0.235869565,0,0.114130435,0,1.79E-13,9.39E-07,0,7.27E-07,0
29/06/2017,1,0.32,0,0,0.215652174,0,0.104347826,0,7.97E-14,5.84E-07,0,4.49E-07,0
29/06/2017,2,0.26,0,0,0.175217391,0,0.084782609,0,1.03E-13,6.25E-07,0,4.83E-07,0
29/06/2017,3,0.23,0,0,0.155,0,0.075,0,1.34E-13,6.83E-07,0,5.31E-07,0
29/06/2017,4,0.27,0,0,0.181956522,0,0.088043478,0,8.93E-14,5.93E-07,0,4.58E-07,0
29/06/2017,5,0.3,0,0,0.202173913,0,0.097826087,0,9.19E-14,6.14E-07,0,4.72E-07,0
29/06/2017,6,0.25,0,0,0.168478261,0,0.081521739,0,1.63E-13,7.79E-07,0,6.03E-07,0
29/06/2017,7,0.4,0.150386,0.150386,0.16821813,0,0.08139587,0,4.42E-13,1.32E-06,0,1.02E-06,0
29/06/2017,8,0.28,1.012467,0.28,2.75E-14,0.611089554,0,4.14E-14,0,0,7.76E-07,0,7.28E-07
29/06/2017,9,0.38,1.808844,0.38,2.90E-15,1.178713929,0,4.74E-15,0,0,4.19E-07,0,3.89E-07
29/06/2017,10,0.36,2.489318,0.36,8.36E-14,1.693532114,0,1.38E-13,0,0,0.242297649,0,0.14537859
29/06/2017,11,0.32,2.863065,0.32,6.33E-20,1.992181799,0,1.09E-19,0,0,0.401956574,0,0.241173945
29/06/2017,12,0.43,2.755131,0.43,1.46E-17,1.841355133,0,1.70E-17,0,0,0.321324233,0,0.19279454
29/06/2017,13,0.26,2.57969,0.26,1.67E-18,1.824998704,0,3.94E-18,0,0,0.312580042,0,0.187548025
29/06/2017,14,1.07,2.353988,1.07,1.12E-14,1.117758214,0,1.17E-14,0,0,4.51E-07,0,4.80E-07
29/06/2017,15,1.05,1.763558,1.05,3.70E-14,0.657769821,0,1.63E-14,0,0,4.24E-07,0,4.60E-07
29/06/2017,16,0.72,0.92148,0.643932754,0.076067246,0.274773633,0,2.68E-14,0,0,3.22E-07,0,3.46E-07
29/06/2017,17,0.54,0.029795,0.029795,0.343833804,0,0.166371196,0,4.01E-14,5.71E-07,0,4.39E-07,0
29/06/2017,18,1.19,0,0,0.801956522,0,0.388043478,0,5.47E-14,9.70E-07,0,7.36E-07,0
29/06/2017,19,1.13,0,0,0.761521739,0,0.368478261,0,7.57E-14,1.14E-06,0,8.70E-07,0
29/06/2017,20,1.13,0,0,0.761521739,0,0.368478261,0,7.57E-14,1.14E-06,0,8.70E-07,0
29/06/2017,21,1.18,0,0,0.795217391,0,0.384782609,0,5.49E-14,9.75E-07,0,7.45E-07,0
29/06/2017,22,1.18,0,0,0.795217391,0,0.384782609,0,5.49E-14,9.75E-07,0,7.45E-07,0
29/06/2017,23,1.1,0,0,0.741304348,0,0.358695652,0,8.04E-14,1.18E-06,0,9.02E-07,0
30/06/2017,0,1.06,0,0,0.714347826,0,0.345652174,0,9.86E-14,1.29E-06,0,9.96E-07,0
30/06/2017,1,0.59,0,0,0.397608696,0,0.192391304,0,8.91E-14,8.65E-07,0,6.80E-07,0
30/06/2017,2,0.26,0,0,0.175217391,0,0.084782609,0,1.03E-13,6.25E-07,0,4.83E-07,0
30/06/2017,3,0.19,0,0,0.128043478,0,0.061956522,0,6.55E-13,1.31E-06,0,1.04E-06,0
30/06/2017,4,0.22,0,0,0.14826087,0,0.07173913,0,2.71E-13,9.78E-07,0,7.67E-07,0
30/06/2017,5,0.35,0,0,0.235869565,0,0.114130435,0,1.79E-13,9.39E-07,0,7.27E-07,0
30/06/2017,6,0.21,0,0,0.141521739,0,0.068478261,0,3.88E-13,1.11E-06,0,8.60E-07,0
30/06/2017,7,0.28,0,0,0.188695652,0,0.091304348,0,8.01E-14,5.70E-07,0,4.40E-07,0
30/06/2017,8,0.65,0.098763,0.098763,0.371485804,0,0.179751196,0,1.20E-13,1.02E-06,0,7.94E-07,0
30/06/2017,9,2.03,0.685546,0.685546,0.906045087,0,0.438408913,0,5.75E-14,1.14E-06,0,8.86E-07,0
30/06/2017,10,1.04,0.552094,0.552094,0.328806217,0,0.159099783,0,6.46E-14,7.16E-07,0,5.50E-07,0
30/06/2017,11,0.25,2.498185,0.25,2.22E-19,1.772152447,0,4.13E-19,0,0,0.284328291,0,0.170596974
30/06/2017,12,0.41,2.590004,0.41,9.07E-24,1.734119614,0,1.96E-23,0,0,0.263995836,0,0.158397502
30/06/2017,13,1.42,0.768426,0.768426,0.439104217,0,0.212469783,0,1.36E-13,1.30E-06,0,1.01E-06,0
30/06/2017,14,1.23,1.868298,1.23,6.83E-13,0.611757321,0,3.59E-14,0,0,4.04E-07,0,6.16E-07
30/06/2017,15,1.13,0.25606,0.25606,0.588959565,0,0.284980435,0,7.64E-14,1.02E-06,0,7.90E-07,0
30/06/2017,16,1.15,0.348426,0.348426,0.540191174,0,0.261382826,0,4.07E-14,7.07E-07,0,5.50E-07,0
30/06/2017,17,1.25,0,0,0.842391304,0,0.407608696,0,2.82E-14,7.17E-07,0,5.49E-07,0
30/06/2017,18,1.2,0,0,0.808695652,0,0.391304348,0,4.60E-14,8.90E-07,0,6.81E-07,0
30/06/2017,19,1.12,0,0,0.754782609,0,0.365217391,0,7.40E-14,1.12E-06,0,8.62E-07,0
30/06/2017,20,1.17,0,0,0.788478261,0,0.381521739,0,4.26E-14,8.57E-07,0,6.61E-07,0
30/06/2017,21,1.21,0,0,0.815434783,0,0.394565217,0,3.42E-14,7.77E-07,0,5.95E-07,0
30/06/2017,22,1.21,0,0,0.815434783,0,0.394565217,0,3.42E-14,7.77E-07,0,5.95E-07,0
30/06/2017,23,1.22,0,0,0.822173913,0,0.397826087,0,3.24E-14,7.59E-07,0,5.83E-07,0
01/07/2017,0,1.07,0,0,0.721086957,0,0.348913043,0,7.70E-14,1.16E-06,0,8.89E-07,0
01/07/2017,1,0.99,0,0,0.667173913,0,0.322826087,0,9.41E-14,1.15E-06,0,8.90E-07,0
01/07/2017,2,0.27,0,0,0.181956522,0,0.088043478,0,8.93E-14,5.93E-07,0,4.58E-07,0
01/07/2017,3,0.21,0,0,0.141521739,0,0.068478261,0,3.88E-13,1.11E-06,0,8.60E-07,0
01/07/2017,4,0.17,0,0,0.114565217,0,0.055434783,0,7.31E-13,1.29E-06,0,1.01E-06,0
01/07/2017,5,0.23,0,0,0.155,0,0.075,0,1.34E-13,6.83E-07,0,5.31E-07,0
01/07/2017,6,0.42,0,0,0.283043478,0,0.136956522,0,3.20E-13,1.40E-06,0,1.09E-06,0
01/07/2017,7,0.24,0.15549,0.15474874,0.057451936,0,0.027799324,0,2.23E-13,5.60E-07,0,4.31E-07,0
01/07/2017,8,0.21,0.154008,0.150633706,0.04000772,0,0.019358574,0,5.25E-13,7.10E-07,0,5.45E-07,0
01/07/2017,9,0.31,0.65156,0.31,3.86E-14,0.299378571,0,3.73E-14,0,0,4.10E-07,0,4.16E-07
01/07/2017,10,0.41,1.01916,0.41,1.61E-14,0.52245,0,1.93E-14,0,0,5.28E-07,0,4.94E-07
01/07/2017,11,0.29,0.392703,0.269603367,0.020396633,0.120583904,0,1.99E-13,0,0,4.39E-07,0,4.85E-07
01/07/2017,12,0.3,0.310573,0.231602672,0.068397328,0.078970328,0,2.35E-13,0,0,4.37E-07,0,5.20E-07
01/07/2017,13,0.44,1.011702,0.44,4.57E-14,0.494760536,0,5.05E-14,0,0,4.82E-07,0,5.44E-07
01/07/2017,14,0.42,0.912491,0.42,1.36E-14,0.429501696,0,1.38E-14,0,0,4.22E-07,0,3.70E-07
01/07/2017,15,0.27,0.632656,0.27,2.72E-14,0.313116429,0,3.07E-14,0,0,4.52E-07,0,4.38E-07
01/07/2017,16,0.28,0.478023,0.28,2.55E-13,0.181625625,0,1.26E-13,0,0,4.00E-07,0,4.49E-07
01/07/2017,17,0.32,0,0,0.215652174,0,0.104347826,0,7.97E-14,5.84E-07,0,4.49E-07,0
01/07/2017,18,0.32,0,0,0.215652174,0,0.104347826,0,7.97E-14,5.84E-07,0,4.49E-07,0
01/07/2017,19,0.28,0,0,0.188695652,0,0.091304348,0,8.01E-14,5.70E-07,0,4.40E-07,0
01/07/2017,20,0.26,0,0,0.175217391,0,0.084782609,0,1.03E-13,6.25E-07,0,4.83E-07,0
01/07/2017,21,2.69,0,0,1.968820474,0,0.721179526,0,2.88E-23,0.164444083,0,0.143514836,0
01/07/2017,22,1.2,0,0,0.808695652,0,0.391304348,0,4.60E-14,8.90E-07,0,6.81E-07,0
01/07/2017,23,0.4,0,0,0.269565217,0,0.130434783,0,9.36E-14,7.27E-07,0,5.71E-07,0
02/07/2017,0,0.32,0,0,0.215652174,0,0.104347826,0,7.97E-14,5.84E-07,0,4.49E-07,0
02/07/2017,1,0.35,0,0,0.235869565,0,0.114130435,0,1.79E-13,9.39E-07,0,7.27E-07,0
02/07/2017,2,0.39,0,0,0.262826087,0,0.127173913,0,3.46E-13,1.38E-06,0,1.08E-06,0
02/07/2017,3,0.34,0,0,0.229130435,0,0.110869565,0,6.68E-14,5.46E-07,0,4.22E-07,0
02/07/2017,4,0.36,0,0,0.242608696,0,0.117391304,0,2.18E-13,1.07E-06,0,8.27E-07,0
02/07/2017,5,0.36,0,0,0.242608696,0,0.117391304,0,2.18E-13,1.07E-06,0,8.27E-07,0
02/07/2017,6,0.59,0,0,0.397608696,0,0.192391304,0,8.91E-14,8.65E-07,0,6.80E-07,0
02/07/2017,7,0.4,0.147756,0.147756,0.169990522,0,0.082253478,0,4.43E-13,1.33E-06,0,1.03E-06,0
02/07/2017,8,0.39,0.11089,0.11089,0.18809587,0,0.09101413,0,7.33E-14,5.87E-07,0,4.54E-07,0
02/07/2017,9,0.38,0.938615,0.38,9.32E-15,0.479422768,0,1.11E-14,0,0,1.99E-07,0,2.36E-07
02/07/2017,10,0.31,1.623024,0.31,1.20E-14,1.080019286,0,2.01E-14,0,0,7.82E-07,0,6.95E-07
02/07/2017,11,0.4,0.938117,0.4,3.86E-14,0.464558304,0,4.37E-14,0,0,7.80E-07,0,6.90E-07
02/07/2017,12,0.51,1.780242,0.51,1.03E-14,1.061712321,0,1.53E-14,0,0,6.71E-07,0,6.47E-07
02/07/2017,13,0.27,0.708722,0.27,1.90E-14,0.374240893,0,2.40E-14,0,0,4.63E-07,0,4.48E-07
02/07/2017,14,0.72,1.737031,0.72,2.15E-14,0.875114196,0,2.51E-14,0,0,5.07E-07,0,6.39E-07
02/07/2017,15,1.19,1.269203,0.937627754,0.252372246,0.331575246,0,2.29E-14,0,0,2.61E-07,0,3.51E-07
02/07/2017,16,1.12,0.208961,0.208961,0.613961065,0,0.297077935,0,2.17E-14,5.68E-07,0,4.42E-07,0
02/07/2017,17,1.24,0,0,0.835652174,0,0.404347826,0,2.88E-14,7.23E-07,0,5.53E-07,0
02/07/2017,18,1.19,0,0,0.801956522,0,0.388043478,0,5.47E-14,9.70E-07,0,7.36E-07,0
02/07/2017,19,1.63,0,0,1.106296101,0,0.523703899,0,1.11E-21,0.008241307,0,0.007192413,0
02/07/2017,20,1.17,0,0,0.788478261,0,0.381521739,0,4.26E-14,8.57E-07,0,6.61E-07,0
02/07/2017,21,0.73,0,0,0.491956522,0,0.238043478,0,5.13E-14,7.22E-07,0,5.65E-07,0
02/07/2017,22,0.36,0,0,0.242608696,0,0.117391304,0,2.18E-13,1.07E-06,0,8.27E-07,0
02/07/2017,23,0.31,0,0,0.208913043,0,0.101086957,0,8.52E-14,5.97E-07,0,4.59E-07,0
03/07/2017,0,0.22,0,0,0.14826087,0,0.07173913,0,2.71E-13,9.78E-07,0,7.67E-07,0
03/07/2017,1,0.19,0,0,0.128043478,0,0.061956522,0,6.55E-13,1.31E-06,0,1.04E-06,0
03/07/2017,2,0.26,0,0,0.175217391,0,0.084782609,0,1.03E-13,6.25E-07,0,4.83E-07,0
03/07/2017,3,0.27,0,0,0.181956522,0,0.088043478,0,8.93E-14,5.93E-07,0,4.58E-07,0
03/07/2017,4,0.2,0,0,0.134782609,0,0.065217391,0,6.50E-13,1.38E-06,0,1.08E-06,0
03/07/2017,5,0.18,0,0,0.121304348,0,0.058695652,0,6.27E-13,1.23E-06,0,9.69E-07,0
03/07/2017,6,0.3,0,0,0.202173913,0,0.097826087,0,9.19E-14,6.14E-07,0,4.72E-07,0
03/07/2017,7,0.45,0.171328,0.171328,0.187800696,0,0.090871304,0,3.08E-13,1.13E-06,0,8.87E-07,0
03/07/2017,8,0.32,0.674676,0.32,3.97E-14,0.310721786,0,3.86E-14,0,0,5.43E-07,0,5.54E-07
03/07/2017,9,0.27,0.667609,0.27,6.53E-14,0.341203661,0,7.81E-14,0,0,7.71E-07,0,7.08E-07
03/07/2017,10,0.61,0.518125,0.497579902,0.075761371,0,0.036658728,0,3.36E-13,7.98E-07,0,6.17E-07,0
03/07/2017,11,0.4,0.27288,0.269560172,0.087905101,0,0.042534726,0,3.00E-13,8.55E-07,0,6.67E-07,0
03/07/2017,12,0.33,0.288182,0.275870412,0.036478636,0,0.017650953,0,6.47E-13,8.03E-07,0,6.30E-07,0
03/07/2017,13,0.31,2.435878,0.31,7.11E-15,1.687380505,0,1.19E-14,0,0,0.239008983,0,0.14340539
03/07/2017,14,0.38,2.416928,0.38,7.40E-15,1.627650131,0,1.22E-14,0,0,0.207076964,0,0.124246178
03/07/2017,15,0.33,1.876101,0.33,1.36E-21,1.266259866,0,2.28E-21,0,0,0.013876755,0,0.008326053
03/07/2017,16,0.38,0.958545,0.38,9.55E-15,0.495437946,0,1.16E-14,0,0,1.94E-07,0,2.38E-07
03/07/2017,17,0.42,0.061521,0.061521,0.241583674,0,0.116895326,0,9.97E-14,7.74E-07,0,5.97E-07,0
03/07/2017,18,0.37,0,0,0.249347826,0,0.120652174,0,6.10E-14,5.67E-07,0,4.41E-07,0
03/07/2017,19,0.36,0,0,0.242608696,0,0.117391304,0,2.18E-13,1.07E-06,0,8.27E-07,0
03/07/2017,20,0.28,0,0,0.188695652,0,0.091304348,0,8.01E-14,5.70E-07,0,4.40E-07,0
03/07/2017,21,0.96,0,0,0.646956522,0,0.313043478,0,2.70E-14,5.99E-07,0,4.61E-07,0
03/07/2017,22,1.33,0,0,0.896304348,0,0.433695652,0,5.62E-14,1.11E-06,0,8.47E-07,0
03/07/2017,23,0.65,0,0,0.438043478,0,0.211956522,0,4.98E-14,6.79E-07,0,5.29E-07,0
04/07/2017,0,0.19,0,0,0.128043478,0,0.061956522,0,6.55E-13,1.31E-06,0,1.04E-06,0
04/07/2017,1,0.2,0,0,0.134782609,0,0.065217391,0,6.50E-13,1.38E-06,0,1.08E-06,0
04/07/2017,2,0.29,0,0,0.195434783,0,0.094565217,0,9.60E-14,6.28E-07,0,4.83E-07,0
04/07/2017,3,0.25,0,0,0.168478261,0,0.081521739,0,1.63E-13,7.79E-07,0,6.03E-07,0
04/07/2017,4,0.17,0,0,0.114565217,0,0.055434783,0,7.31E-13,1.29E-06,0,1.01E-06,0
04/07/2017,5,0.19,0,0,0.128043478,0,0.061956522,0,6.55E-13,1.31E-06,0,1.04E-06,0
04/07/2017,6,0.42,0,0,0.283043478,0,0.136956522,0,3.20E-13,1.40E-06,0,1.09E-06,0
04/07/2017,7,0.39,0.250681,0.249778599,0.094497031,0,0.04572437,0,5.63E-13,1.19E-06,0,9.23E-07,0
04/07/2017,8,0.31,1.184585,0.31,1.04E-14,0.727702232,0,1.60E-14,0,0,4.17E-07,0,4.91E-07
04/07/2017,9,0.31,1.996953,0.31,1.06E-16,1.367464038,0,1.74E-16,0,0,0.067980778,0,0.040788467
04/07/2017,10,0.34,2.557299,0.34,9.52E-29,1.756200538,0,1.53E-28,0,0,0.275800357,0,0.165480214
04/07/2017,11,0.3,2.752616,0.3,2.76E-27,1.924799085,0,4.92E-27,0,0,0.365933594,0,0.219560157
04/07/2017,12,0.19,2.361483,0.19,2.08E-26,1.711873967,0,3.78E-26,0,0,0.252103253,0,0.151261952
04/07/2017,13,0.22,2.705435,0.22,4.90E-27,1.942888752,0,8.38E-27,0,0,0.375604379,0,0.225362627
04/07/2017,14,0.29,1.500963,0.29,1.03E-14,0.996398839,0,1.71E-14,0,0,5.49E-07,0,5.73E-07
04/07/2017,15,0.27,1.1343,0.27,1.21E-14,0.716223214,0,1.91E-14,0,0,5.30E-07,0,5.67E-07
04/07/2017,16,0.89,0.609665,0.601897787,0.194155839,0,0.093946374,0,1.64E-13,9.26E-07,0,7.26E-07,0
04/07/2017,17,1.12,0.0265,0.0265,0.736923913,0,0.356576087,0,2.73E-14,6.92E-07,0,5.35E-07,0
04/07/2017,18,1.23,0,0,0.828913043,0,0.401086957,0,2.88E-14,7.20E-07,0,5.55E-07,0
04/07/2017,19,1.2,0,0,0.808695652,0,0.391304348,0,4.60E-14,8.90E-07,0,6.81E-07,0
04/07/2017,20,1.19,0,0,0.801956522,0,0.388043478,0,5.47E-14,9.70E-07,0,7.36E-07,0
04/07/2017,21,1.09,0,0,0.734565217,0,0.355434783,0,7.98E-14,1.17E-06,0,9.03E-07,0
04/07/2017,22,0.85,0,0,0.572826087,0,0.277173913,0,3.04E-14,5.75E-07,0,4.39E-07,0
04/07/2017,23,0.37,0,0,0.249347826,0,0.120652174,0,6.10E-14,5.67E-07,0,4.41E-07,0
05/07/2017,0,0.29,0,0,0.195434783,0,0.094565217,0,9.60E-14,6.28E-07,0,4.83E-07,0
05/07/2017,1,0.29,0,0,0.195434783,0,0.094565217,0,9.60E-14,6.28E-07,0,4.83E-07,0
05/07/2017,2,0.27,0,0,0.181956522,0,0.088043478,0,8.93E-14,5.93E-07,0,4.58E-07,0
05/07/2017,3,0.26,0,0,0.175217391,0,0.084782609,0,1.03E-13,6.25E-07,0,4.83E-07,0
05/07/2017,4,0.18,0,0,0.121304348,0,0.058695652,0,6.27E-13,1.23E-06,0,9.69E-07,0
05/07/2017,5,0.18,0,0,0.121304348,0,0.058695652,0,6.27E-13,1.23E-06,0,9.69E-07,0
05/07/2017,6,0.27,0,0,0.181956522,0,0.088043478,0,8.93E-14,5.93E-07,0,4.58E-07,0
05/07/2017,7,0.54,0,0,0.363913043,0,0.176086957,0,8.84E-14,8.55E-07,0,6.64E-07,0
05/07/2017,8,0.46,0.114203,0.114203,0.233037109,0,0.112759891,0,3.21E-13,1.33E-06,0,1.03E-06,0
05/07/2017,9,0.28,0.160609,0.160609,0.080459152,0,0.038931848,0,1.69E-13,5.70E-07,0,4.38E-07,0
05/07/2017,10,0.4,0.285155,0.279971666,0.08088866,0,0.039139674,0,3.56E-13,8.88E-07,0,6.94E-07,0
05/07/2017,11,2.95,0.244918,0.244918,1.981092731,0,0.723989269,0,2.14E-24,0.166666583,0,0.145454473,0
05/07/2017,12,0.88,0.261128,0.261128,0.417065913,0,0.201806087,0,3.27E-14,5.64E-07,0,4.32E-07,0
05/07/2017,13,0.26,0.238708,0.2272385,0.022078402,0,0.010683098,0,2.85E-12,1.32E-06,0,1.04E-06,0
05/07/2017,14,0.31,0.195667,0.195495058,0.077166374,0,0.037338568,0,7.79E-13,1.14E-06,0,8.89E-07,0
05/07/2017,15,2.32,0.990953,0.990953,0.895662109,0,0.433384891,0,4.82E-14,1.15E-06,0,8.90E-07,0
05/07/2017,16,1.6,0.234011,0.234011,0.920557804,0,0.445431196,0,2.38E-14,7.24E-07,0,5.59E-07,0
05/07/2017,17,1.19,0,0,0.801956522,0,0.388043478,0,5.47E-14,9.70E-07,0,7.36E-07,0
05/07/2017,18,3.09,0,0,2.29430137,0,0.79569863,0,8.76E-21,0.223388527,0,0.19495726,0
05/07/2017,19,1.66,0,0,1.130707168,0,0.529292832,0,5.73E-25,0.01266214,0,0.011050595,0
05/07/2017,20,1.16,0,0,0.78173913,0,0.37826087,0,4.43E-14,8.71E-07,0,6.72E-07,0
05/07/2017,21,1.14,0,0,0.76826087,0,0.37173913,0,3.67E-14,7.78E-07,0,5.92E-07,0
05/07/2017,22,2.05,0,0,1.448051041,0,0.601948959,0,2.67E-19,0.070132973,0,0.061206958,0
05/07/2017,23,1.34,0,0,0.903043478,0,0.436956522,0,2.04E-14,6.78E-07,0,5.19E-07,0
06/07/2017,0,1.23,0,0,0.828913043,0,0.401086957,0,2.88E-14,7.20E-07,0,5.55E-07,0
06/07/2017,1,0.77,0,0,0.518913043,0,0.251086957,0,1.67E-13,1.32E-06,0,1.03E-06,0
06/07/2017,2,0.21,0,0,0.141521739,0,0.068478261,0,3.88E-13,1.11E-06,0,8.60E-07,0
06/07/2017,3,0.25,0,0,0.168478261,0,0.081521739,0,1.63E-13,7.79E-07,0,6.03E-07,0
06/07/2017,4,0.25,0,0,0.168478261,0,0.081521739,0,1.63E-13,7.79E-07,0,6.03E-07,0
06/07/2017,5,0.27,0,0,0.181956522,0,0.088043478,0,8.93E-14,5.93E-07,0,4.58E-07,0
06/07/2017,6,0.33,0,0,0.222391304,0,0.107608696,0,6.52E-14,5.31E-07,0,4.09E-07,0
06/07/2017,7,0.5,0.262789,0.262789,0.159859587,0,0.077351413,0,2.84E-13,1.08E-06,0,8.41E-07,0
06/07/2017,8,0.32,1.181235,0.32,1.06E-14,0.717778125,0,1.62E-14,0,0,3.83E-07,0,4.79E-07
06/07/2017,9,1.23,1.975613,1.23,3.97E-14,0.697992589,0,1.13E-14,0,0,3.89E-07,0,4.21E-07
06/07/2017,10,0.37,2.54403,0.37,8.38E-23,1.726849928,0,1.43E-22,0,0,0.260109442,0,0.156065665
06/07/2017,11,0.35,2.899384,0.35,6.17E-18,1.998974079,0,1.04E-17,0,0,0.405587746,0,0.243352647
06/07/2017,12,0.27,2.976861,0.27,6.41E-21,2.107922427,0,1.05E-20,0,0,0.463831826,0,0.278299096
06/07/2017,13,0.18,2.799521,0.18,1.54E-17,2.037703705,0,2.59E-17,0,0,0.426292708,0,0.255775625
06/07/2017,14,0.19,2.324962,0.19,6.17E-13,1.685255139,0,1.17E-12,0,0,0.237872756,0,0.142723654
06/07/2017,15,0.3,1.874453,0.3,9.62E-26,1.284738016,0,1.62E-25,0,0,0.023755224,0,0.014253135
06/07/2017,16,0.47,0.983764,0.47,2.50E-14,0.450613929,0,2.40E-14,0,0,6.55E-07,0,5.08E-07
06/07/2017,17,0.77,0.090883,0.090883,0.457665804,0,0.221451196,0,6.06E-14,7.87E-07,0,6.09E-07,0
06/07/2017,18,1.2,0,0,0.808695652,0,0.391304348,0,4.60E-14,8.90E-07,0,6.81E-07,0
06/07/2017,19,1.25,0,0,0.842391304,0,0.407608696,0,2.82E-14,7.17E-07,0,5.49E-07,0
06/07/2017,20,1.29,0,0,0.869347826,0,0.420652174,0,3.66E-14,8.29E-07,0,6.31E-07,0
06/07/2017,21,1.24,0,0,0.835652174,0,0.404347826,0,2.88E-14,7.23E-07,0,5.53E-07,0
06/07/2017,22,1.23,0,0,0.828913043,0,0.401086957,0,2.88E-14,7.20E-07,0,5.55E-07,0
06/07/2017,23,1.25,0,0,0.842391304,0,0.407608696,0,2.82E-14,7.17E-07,0,5.49E-07,0
07/07/2017,0,1.26,0,0,0.849130435,0,0.410869565,0,2.77E-14,7.14E-07,0,5.47E-07,0
07/07/2017,1,1,0,0,0.673913043,0,0.326086957,0,9.32E-14,1.16E-06,0,8.99E-07,0
07/07/2017,2,0.21,0,0,0.141521739,0,0.068478261,0,3.88E-13,1.11E-06,0,8.60E-07,0
07/07/2017,3,0.24,0,0,0.16173913,0,0.07826087,0,1.70E-13,7.88E-07,0,6.12E-07,0
07/07/2017,4,0.28,0,0,0.188695652,0,0.091304348,0,8.01E-14,5.70E-07,0,4.40E-07,0
07/07/2017,5,0.31,0,0,0.208913043,0,0.101086957,0,8.52E-14,5.97E-07,0,4.59E-07,0
07/07/2017,6,0.26,0,0,0.175217391,0,0.084782609,0,1.03E-13,6.25E-07,0,4.83E-07,0
07/07/2017,7,0.49,0.287384,0.287384,0.136545565,0,0.066070435,0,1.90E-13,8.45E-07,0,6.61E-07,0
07/07/2017,8,0.43,1.246642,0.43,7.36E-15,0.69078375,0,9.97E-15,0,0,3.61E-07,0,3.51E-07
07/07/2017,9,0,2.079806,0,0,1.631205528,0,4.14E-13,0,0,0.208977688,0,0.125386613
07/07/2017,10,0.26,2.723118,0.26,3.95E-17,1.929538157,0,7.38E-17,0,0,0.368467115,0,0.221080269
07/07/2017,11,0.26,3.052607,0.26,9.55E-23,2.169455619,0,1.60E-22,0,0,0.498079444,0,0.298847666
07/07/2017,12,0.37,3.081915,0.37,3.46E-18,2.118876105,0,5.52E-18,0,0,0.469794847,0,0.281876908
07/07/2017,13,0.36,2.957497,0.36,8.64E-25,2.034770758,0,1.40E-24,0,0,0.424724747,0,0.254834848
07/07/2017,14,0.67,2.535795,0.67,1.47E-16,1.524054557,0,2.15E-16,0,0,0.151694491,0,0.091016695
07/07/2017,15,1.15,1.811283,1.15,4.35E-14,0.623798839,0,9.11E-15,0,0,4.32E-07,0,3.80E-07
07/07/2017,16,1.22,1.059449,1.01483689,0.138262096,0,0.066901014,0,2.15E-13,8.33E-07,0,6.43E-07,0
07/07/2017,17,1.34,0.111299,0.111299,0.82803763,0,0.40066337,0,4.98E-14,9.94E-07,0,7.70E-07,0
07/07/2017,18,1.11,0,0,0.748043478,0,0.361956522,0,8.00E-14,1.17E-06,0,8.99E-07,0
07/07/2017,19,0.65,0,0,0.438043478,0,0.211956522,0,4.98E-14,6.79E-07,0,5.29E-07,0
07/07/2017,20,0.81,0,0,0.545869565,0,0.264130435,0,2.69E-14,5.42E-07,0,4.19E-07,0
07/07/2017,21,0.36,0,0,0.242608696,0,0.117391304,0,2.18E-13,1.07E-06,0,8.27E-07,0
07/07/2017,22,0.27,0,0,0.181956522,0,0.088043478,0,8.93E-14,5.93E-07,0,4.58E-07,0
07/07/2017,23,0.25,0,0,0.168478261,0,0.081521739,0,1.63E-13,7.79E-07,0,6.03E-07,0
08/07/2017,0,0.35,0,0,0.235869565,0,0.114130435,0,1.79E-13,9.39E-07,0,7.27E-07,0
08/07/2017,1,0.35,0,0,0.235869565,0,0.114130435,0,1.79E-13,9.39E-07,0,7.27E-07,0
08/07/2017,2,0.26,0,0,0.175217391,0,0.084782609,0,1.03E-13,6.25E-07,0,4.83E-07,0
08/07/2017,3,0.23,0,0,0.155,0,0.075,0,1.34E-13,6.83E-07,0,5.31E-07,0
08/07/2017,4,0.3,0,0,0.202173913,0,0.097826087,0,9.19E-14,6.14E-07,0,4.72E-07,0
08/07/2017,5,0.33,0,0,0.222391304,0,0.107608696,0,6.52E-14,5.31E-07,0,4.09E-07,0
08/07/2017,6,0.47,0,0,0.31673913,0,0.15326087,0,1.52E-13,1.03E-06,0,7.99E-07,0
08/07/2017,7,0.26,0.307684,0.220298426,0.039701574,0.087385574,0,2.55E-13,0,0,7.45E-07,0,6.35E-07
08/07/2017,8,0.39,1.274133,0.39,5.28E-15,0.741803304,0,7.63E-15,0,0,2.46E-07,0,2.71E-07
08/07/2017,9,0.36,2.116238,0.36,1.24E-16,1.421607672,0,1.51E-16,0,0,0.096926111,0,0.058155667
08/07/2017,10,0.78,2.705797,0.78,9.53E-16,1.575805332,0,1.29E-15,0,0,0.179360595,0,0.107616357
08/07/2017,11,0.28,3.07613,0.28,7.37E-23,2.173463979,0,1.23E-22,0,0,0.500320961,0,0.300192577
08/07/2017,12,0.53,3.229213,0.53,8.02E-27,2.121269655,0,1.24E-26,0,0,0.471133345,0,0.282680007
08/07/2017,13,1.26,3.067831,1.26,9.81E-14,1.52480966,0,1.23E-13,0,0,0.152098171,0,0.091258903
08/07/2017,14,1.12,2.594052,1.12,3.93E-21,1.271326197,0,4.36E-21,0,0,0.016585229,0,0.009951138
08/07/2017,15,1.11,1.946057,1.11,3.07E-14,0.761027946,0,1.75E-14,0,0,3.91E-07,0,4.66E-07
08/07/2017,16,1.21,1.124292,1.068883196,0.095100455,0,0.046016349,0,4.91E-13,1.08E-06,0,8.40E-07,0
08/07/2017,17,1.26,0.130627,0.130627,0.761099196,0,0.368273804,0,3.04E-14,7.72E-07,0,5.98E-07,0
08/07/2017,18,1.17,0,0,0.788478261,0,0.381521739,0,4.26E-14,8.57E-07,0,6.61E-07,0
08/07/2017,19,1.15,0,0,0.775,0,0.375,0,4.69E-14,8.93E-07,0,6.89E-07,0
08/07/2017,20,0.98,0,0,0.660434783,0,0.319565217,0,9.62E-14,1.15E-06,0,8.88E-07,0
08/07/2017,21,1.41,0,0,0.950217391,0,0.459782609,0,2.32E-14,7.43E-07,0,5.72E-07,0
08/07/2017,22,1.24,0,0,0.835652174,0,0.404347826,0,2.88E-14,7.23E-07,0,5.53E-07,0
08/07/2017,23,1.24,0,0,0.835652174,0,0.404347826,0,2.88E-14,7.23E-07,0,5.53E-07,0
09/07/2017,0,1.22,0,0,0.822173913,0,0.397826087,0,3.24E-14,7.59E-07,0,5.83E-07,0
09/07/2017,1,0.83,0,0,0.559347826,0,0.270652174,0,2.64E-14,5.25E-07,0,4.04E-07,0
09/07/2017,2,0.28,0,0,0.188695652,0,0.091304348,0,8.01E-14,5.70E-07,0,4.40E-07,0
09/07/2017,3,0.25,0,0,0.168478261,0,0.081521739,0,1.63E-13,7.79E-07,0,6.03E-07,0
09/07/2017,4,0.29,0,0,0.195434783,0,0.094565217,0,9.60E-14,6.28E-07,0,4.83E-07,0
09/07/2017,5,0.33,0,0,0.222391304,0,0.107608696,0,6.52E-14,5.31E-07,0,4.09E-07,0
09/07/2017,6,0.38,0,0,0.256086957,0,0.123913043,0,3.49E-13,1.35E-06,0,1.06E-06,0
09/07/2017,7,0.25,0.328612,0.227700133,0.022299867,0.099387225,0,6.06E-14,0,0,3.29E-07,0,3.02E-07
09/07/2017,8,0.53,1.250614,0.53,6.68E-15,0.621654107,0,7.61E-15,0,0,2.05E-07,0,2.48E-07
09/07/2017,9,0.35,2.125094,0.35,1.24E-16,1.434622261,0,1.42E-16,0,0,0.103883745,0,0.062330247
09/07/2017,10,0.22,2.734392,0.22,1.57E-23,1.963994456,0,2.62E-23,0,0,0.386887545,0,0.232132527
09/07/2017,11,0.16,2.984211,0.16,5.06E-18,2.185134891,0,8.46E-18,0,0,0.506847457,0,0.304108474
09/07/2017,12,0.26,2.996284,0.26,1.00E-20,2.128578762,0,1.64E-20,0,0,0.475220675,0,0.285132405
09/07/2017,13,0.32,2.094915,0.32,3.29E-14,1.432305204,0,4.11E-14,0,0,0.10264504,0,0.061587024
09/07/2017,14,0.28,2.395546,0.28,6.94E-24,1.677663295,0,1.99E-23,0,0,0.233814136,0,0.140288482
09/07/2017,15,0.22,0.976188,0.22,1.52E-14,0.625329643,0,2.45E-14,0,0,6.04E-07,0,5.70E-07
09/07/2017,16,0.23,1.013165,0.23,8.51E-15,0.647811161,0,1.37E-14,0,0,4.80E-07,0,4.32E-07
09/07/2017,17,0.27,0.117334,0.117334,0.102883609,0,0.049782391,0,2.51E-13,8.10E-07,0,6.28E-07,0
09/07/2017,18,0.86,0,0,0.579565217,0,0.280434783,0,3.12E-14,5.85E-07,0,4.46E-07,0
09/07/2017,19,1.16,0,0,0.78173913,0,0.37826087,0,4.43E-14,8.71E-07,0,6.72E-07,0
09/07/2017,20,1.14,0,0,0.76826087,0,0.37173913,0,3.67E-14,7.78E-07,0,5.92E-07,0
09/07/2017,21,1.21,0,0,0.815434783,0,0.394565217,0,3.42E-14,7.77E-07,0,5.95E-07,0
09/07/2017,22,1.23,0,0,0.828913043,0,0.401086957,0,2.88E-14,7.20E-07,0,5.55E-07,0
09/07/2017,23,1.15,0,0,0.775,0,0.375,0,4.69E-14,8.93E-07,0,6.89E-07,0
10/07/2017,0,0.21,0,0,0.141521739,0,0.068478261,0,3.88E-13,1.11E-06,0,8.60E-07,0
10/07/2017,1,0.42,0,0,0.283043478,0,0.136956522,0,3.20E-13,1.40E-06,0,1.09E-06,0
10/07/2017,2,0.38,0,0,0.256086957,0,0.123913043,0,3.49E-13,1.35E-06,0,1.06E-06,0
10/07/2017,3,0.33,0,0,0.222391304,0,0.107608696,0,6.52E-14,5.31E-07,0,4.09E-07,0
10/07/2017,4,0.27,0,0,0.181956522,0,0.088043478,0,8.93E-14,5.93E-07,0,4.58E-07,0
10/07/2017,5,0.31,0,0,0.208913043,0,0.101086957,0,8.52E-14,5.97E-07,0,4.59E-07,0
10/07/2017,6,0.35,0,0,0.235869565,0,0.114130435,0,1.79E-13,9.39E-07,0,7.27E-07,0
10/07/2017,7,0.5,0.343094,0.3386415,0.108741598,0,0.052616902,0,1.56E-13,6.43E-07,0,4.95E-07,0
10/07/2017,8,0.4,1.225369,0.4,1.41E-14,0.695385804,0,1.97E-14,0,0,2.62E-07,0,4.71E-07
10/07/2017,9,0.31,2.096602,0.31,2.30E-14,1.440094569,0,2.88E-14,0,0,0.106809256,0,0.064085553
10/07/2017,10,0.37,2.680826,0.37,5.11E-21,1.826555557,0,8.79E-21,0,0,0.31341234,0,0.188047404
10/07/2017,11,0.51,3.064092,0.51,5.54E-20,2.014067387,0,8.59E-20,0,0,0.413656669,0,0.248194001
10/07/2017,12,1.11,3.153263,1.11,3.84E-13,1.685474527,0,5.12E-13,0,0,0.237990041,0,0.142794025
10/07/2017,13,0.63,2.985031,0.63,1.01E-15,1.877725428,0,1.78E-15,0,0,0.340767891,0,0.204460734
10/07/2017,14,0.38,2.572368,0.38,4.77E-23,1.740944693,0,1.07E-22,0,0,0.267644542,0,0.160586725
10/07/2017,15,0.25,1.984972,0.25,1.51E-17,1.398090159,0,1.92E-17,0,0,0.084353585,0,0.050612151
10/07/2017,16,0.18,1.000725,0.18,1.36E-14,0.673975446,0,2.29E-14,0,0,6.23E-07,0,5.76E-07
10/07/2017,17,0.4,0.131157,0.131157,0.181176804,0,0.087666196,0,6.16E-14,5.21E-07,0,4.02E-07,0
10/07/2017,18,0.31,0,0,0.208913043,0,0.101086957,0,8.52E-14,5.97E-07,0,4.59E-07,0
10/07/2017,19,0.36,0,0,0.242608696,0,0.117391304,0,2.18E-13,1.07E-06,0,8.27E-07,0
10/07/2017,20,0.3,0,0,0.202173913,0,0.097826087,0,9.19E-14,6.14E-07,0,4.72E-07,0
10/07/2017,21,0.26,0,0,0.175217391,0,0.084782609,0,1.03E-13,6.25E-07,0,4.83E-07,0
10/07/2017,22,0.46,0,0,0.31,0,0.15,0,2.00E-13,1.17E-06,0,9.06E-07,0
10/07/2017,23,0.34,0,0,0.229130435,0,0.110869565,0,6.68E-14,5.46E-07,0,4.22E-07,0
11/07/2017,0,0.29,0,0,0.195434783,0,0.094565217,0,9.60E-14,6.28E-07,0,4.83E-07,0
11/07/2017,1,0.28,0,0,0.188695652,0,0.091304348,0,8.01E-14,5.70E-07,0,4.40E-07,0
11/07/2017,2,0.3,0,0,0.202173913,0,0.097826087,0,9.19E-14,6.14E-07,0,4.72E-07,0
11/07/2017,3,0.3,0,0,0.202173913,0,0.097826087,0,9.19E-14,6.14E-07,0,4.72E-07,0
11/07/2017,4,0.23,0,0,0.155,0,0.075,0,1.34E-13,6.83E-07,0,5.31E-07,0
11/07/2017,5,0.25,0,0,0.168478261,0,0.081521739,0,1.63E-13,7.79E-07,0,6.03E-07,0
11/07/2017,6,0.35,0,0,0.235869565,0,0.114130435,0,1.79E-13,9.39E-07,0,7.27E-07,0
11/07/2017,7,0.44,0.213708,0.213708,0.15250113,0,0.07379087,0,3.50E-13,1.14E-06,0,8.97E-07,0
11/07/2017,8,0.37,0.217593,0.217593,0.102709065,0,0.049697935,0,5.52E-13,1.18E-06,0,9.26E-07,0
11/07/2017,9,0.34,0.386771,0.280162311,0.059837689,0.106608689,0,9.87E-14,0,0,4.18E-07,0,3.97E-07
11/07/2017,10,0.8,0.754667,0.716312514,0.056398089,0,0.027289398,0,2.57E-13,6.03E-07,0,4.68E-07,0
11/07/2017,11,2.84,0.819282,0.819282,1.424224212,0,0.596493788,0,1.05E-14,0.065817945,0,0.057441115,0
11/07/2017,12,0.18,0.706309,0.18,7.89E-15,0.437391161,0,1.22E-14,0,0,2.00E-07,0,2.27E-07
11/07/2017,13,0.14,0.955238,0.14,1.05E-14,0.666351964,0,1.83E-14,0,0,5.54E-07,0,5.08E-07
11/07/2017,14,0.23,2.078079,0.23,2.02E-15,1.47907201,0,3.34E-15,0,0,0.1276467,0,0.07658802
11/07/2017,15,0.24,0.760786,0.24,1.84E-14,0.437774464,0,2.62E-14,0,0,5.17E-07,0,4.87E-07
11/07/2017,16,0.15,0.933926,0.15,5.95E-15,0.641994107,0,1.02E-14,0,0,3.93E-07,0,3.48E-07
11/07/2017,17,0.18,0.11224,0.11224,0.045664348,0,0.022095652,0,7.02E-13,8.83E-07,0,6.90E-07,0
11/07/2017,18,0.65,0,0,0.438043478,0,0.211956522,0,4.98E-14,6.79E-07,0,5.29E-07,0
11/07/2017,19,1.15,0,0,0.775,0,0.375,0,4.69E-14,8.93E-07,0,6.89E-07,0
11/07/2017,20,1.23,0,0,0.828913043,0,0.401086957,0,2.88E-14,7.20E-07,0,5.55E-07,0
11/07/2017,21,0.28,0,0,0.188695652,0,0.091304348,0,8.01E-14,5.70E-07,0,4.40E-07,0
11/07/2017,22,0.36,0,0,0.242608696,0,0.117391304,0,2.18E-13,1.07E-06,0,8.27E-07,0
11/07/2017,23,0.4,0,0,0.269565217,0,0.130434783,0,9.36E-14,7.27E-07,0,5.71E-07,0
12/07/2017,0,0.35,0,0,0.235869565,0,0.114130435,0,1.79E-13,9.39E-07,0,7.27E-07,0
12/07/2017,1,0.3,0,0,0.202173913,0,0.097826087,0,9.19E-14,6.14E-07,0,4.72E-07,0
12/07/2017,2,0.29,0,0,0.195434783,0,0.094565217,0,9.60E-14,6.28E-07,0,4.83E-07,0
12/07/2017,3,0.36,0,0,0.242608696,0,0.117391304,0,2.18E-13,1.07E-06,0,8.27E-07,0
12/07/2017,4,0.32,0,0,0.215652174,0,0.104347826,0,7.97E-14,5.84E-07,0,4.49E-07,0
12/07/2017,5,0.25,0,0,0.168478261,0,0.081521739,0,1.63E-13,7.79E-07,0,6.03E-07,0
12/07/2017,6,0.27,0,0,0.181956522,0,0.088043478,0,8.93E-14,5.93E-07,0,4.58E-07,0
12/07/2017,7,0.45,0.329605,0.322436939,0.085966411,0,0.04159665,0,2.42E-13,7.24E-07,0,5.60E-07,0
12/07/2017,8,0.35,0.543011,0.35,4.81E-13,0.183223125,0,7.05E-14,0,0,5.32E-07,0,5.32E-07
12/07/2017,9,0.36,1.514978,0.36,1.13E-14,0.957035893,0,1.79E-14,0,0,5.48E-07,0,5.78E-07
12/07/2017,10,0.39,0.855339,0.39,1.29E-14,0.405272411,0,1.34E-14,0,0,2.61E-07,0,3.00E-07
12/07/2017,11,0.38,2.730152,0.38,1.81E-19,1.855947712,0,3.00E-19,0,0,0.329125465,0,0.197475279
12/07/2017,12,0.52,3.00608,0.52,6.08E-28,1.965224777,0,9.37E-28,0,0,0.387545278,0,0.232527167
12/07/2017,13,0.29,2.858452,0.29,2.70E-16,2.008498869,0,3.94E-16,0,0,0.410679724,0,0.246407834
12/07/2017,14,0.2,2.367785,0.2,9.22E-25,1.709907493,0,1.61E-24,0,0,0.251051971,0,0.150631183
12/07/2017,15,0.29,1.710028,0.29,5.59E-15,1.1643975,0,9.53E-15,0,0,6.11E-07,0,5.28E-07
12/07/2017,16,0.26,0.953196,0.26,1.92E-14,0.577925357,0,2.91E-14,0,0,6.30E-07,0,6.01E-07
12/07/2017,17,0.17,0.138434,0.13361335,0.024521438,0,0.011865212,0,8.23E-13,7.25E-07,0,5.62E-07,0
12/07/2017,18,0.31,0,0,0.208913043,0,0.101086957,0,8.52E-14,5.97E-07,0,4.59E-07,0
12/07/2017,19,0.27,0,0,0.181956522,0,0.088043478,0,8.93E-14,5.93E-07,0,4.58E-07,0
12/07/2017,20,0.31,0,0,0.208913043,0,0.101086957,0,8.52E-14,5.97E-07,0,4.59E-07,0
12/07/2017,21,0.32,0,0,0.215652174,0,0.104347826,0,7.97E-14,5.84E-07,0,4.49E-07,0
12/07/2017,22,1.18,0,0,0.795217391,0,0.384782609,0,5.49E-14,9.75E-07,0,7.45E-07,0
12/07/2017,23,0.79,0,0,0.532391304,0,0.257608696,0,3.28E-14,5.99E-07,0,4.65E-07,0
13/07/2017,0,0.22,0,0,0.14826087,0,0.07173913,0,2.71E-13,9.78E-07,0,7.67E-07,0
13/07/2017,1,0.21,0,0,0.141521739,0,0.068478261,0,3.88E-13,1.11E-06,0,8.60E-07,0
13/07/2017,2,0.21,0,0,0.141521739,0,0.068478261,0,3.88E-13,1.11E-06,0,8.60E-07,0
13/07/2017,3,0.23,0,0,0.155,0,0.075,0,1.34E-13,6.83E-07,0,5.31E-07,0
13/07/2017,4,0.25,0,0,0.168478261,0,0.081521739,0,1.63E-13,7.79E-07,0,6.03E-07,0
13/07/2017,5,0.28,0,0,0.188695652,0,0.091304348,0,8.01E-14,5.70E-07,0,4.40E-07,0
13/07/2017,6,0.27,0,0,0.181956522,0,0.088043478,0,8.93E-14,5.93E-07,0,4.58E-07,0
13/07/2017,7,0.3,0.272224,0.259477025,0.027308961,0,0.013214014,0,1.26E-12,9.65E-07,0,7.54E-07,0
13/07/2017,8,0.46,1.172607,0.46,6.82E-15,0.609594911,0,8.38E-15,0,0,1.91E-07,0,2.32E-07
13/07/2017,9,0.42,1.880061,0.42,5.38E-15,1.207013304,0,8.67E-15,0,0,5.56E-07,0,4.79E-07
13/07/2017,10,0.32,2.552148,0.32,9.20E-20,1.765565706,0,1.70E-19,0,0,0.280807002,0,0.168484201
13/07/2017,11,0.21,2.74335,0.21,5.59E-21,1.977083389,0,1.16E-20,0,0,0.393884924,0,0.236330954
13/07/2017,12,0.22,2.845977,0.22,3.13E-22,2.045324703,0,5.17E-22,0,0,0.430366914,0,0.258220149
13/07/2017,13,0.17,2.822246,0.17,2.13E-24,2.060826904,0,3.57E-24,0,0,0.438654432,0,0.263192659
13/07/2017,14,0.17,2.464554,0.17,7.83E-21,1.800118216,0,1.97E-20,0,0,0.299278866,0,0.17956732
13/07/2017,15,0.18,1.741294,0.18,2.54E-19,1.266400536,0,4.53E-19,0,0,0.013951958,0,0.008371175
13/07/2017,16,0.23,0.958821,0.23,1.68E-14,0.604141875,0,2.66E-14,0,0,6.05E-07,0,5.75E-07
13/07/2017,17,0.21,0.149107,0.146476742,0.042809152,0,0.020714106,0,8.08E-13,9.14E-07,0,7.04E-07,0
13/07/2017,18,0.27,0,0,0.181956522,0,0.088043478,0,8.93E-14,5.93E-07,0,4.58E-07,0
13/07/2017,19,0.31,0,0,0.208913043,0,0.101086957,0,8.52E-14,5.97E-07,0,4.59E-07,0
13/07/2017,20,0.52,0,0,0.350434783,0,0.169565217,0,8.97E-14,8.49E-07,0,6.61E-07,0
13/07/2017,21,0.3,0,0,0.202173913,0,0.097826087,0,9.19E-14,6.14E-07,0,4.72E-07,0
13/07/2017,22,0.28,0,0,0.188695652,0,0.091304348,0,8.01E-14,5.70E-07,0,4.40E-07,0
13/07/2017,23,0.27,0,0,0.181956522,0,0.088043478,0,8.93E-14,5.93E-07,0,4.58E-07,0
14/07/2017,0,0.36,0,0,0.242608696,0,0.117391304,0,2.18E-13,1.07E-06,0,8.27E-07,0
14/07/2017,1,0.35,0,0,0.235869565,0,0.114130435,0,1.79E-13,9.39E-07,0,7.27E-07,0
14/07/2017,2,0.26,0,0,0.175217391,0,0.084782609,0,1.03E-13,6.25E-07,0,4.83E-07,0
14/07/2017,3,0.28,0,0,0.188695652,0,0.091304348,0,8.01E-14,5.70E-07,0,4.40E-07,0
14/07/2017,4,0.36,0,0,0.242608696,0,0.117391304,0,2.18E-13,1.07E-06,0,8.27E-07,0
14/07/2017,5,0.3,0,0,0.202173913,0,0.097826087,0,9.19E-14,6.14E-07,0,4.72E-07,0
14/07/2017,6,0.26,0,0,0.175217391,0,0.084782609,0,1.03E-13,6.25E-07,0,4.83E-07,0
14/07/2017,7,0.3,0.015983,0.015983,0.191402761,0,0.092614239,0,2.84E-13,1.11E-06,0,8.59E-07,0
14/07/2017,8,0.85,0.101504,0.101504,0.504421217,0,0.244074783,0,6.01E-14,8.34E-07,0,6.46E-07,0
14/07/2017,9,0.34,0.187893,0.187893,0.102506891,0,0.049600109,0,6.26E-13,1.18E-06,0,9.21E-07,0
14/07/2017,10,0.28,0.237759,0.228338918,0.034815077,0,0.016846005,0,1.63E-12,1.26E-06,0,9.90E-07,0
14/07/2017,11,0.32,0.290609,0.276976288,0.028994241,0,0.014029471,0,7.78E-13,7.86E-07,0,6.16E-07,0
14/07/2017,12,0.26,0.286949,0.209760967,0.050239033,0.077188033,0,1.14E-13,0,0,4.07E-07,0,3.67E-07
14/07/2017,13,0.24,0.282752,0.202710033,0.037289967,0.080041967,0,7.76E-14,0,0,2.89E-07,0,2.68E-07
14/07/2017,14,0.15,0.240145,0.15,5.58E-13,0.084491518,0,1.52E-13,0,0,4.76E-07,0,5.02E-07
14/07/2017,15,0.36,0.152989,0.152989,0.139507413,0,0.067503587,0,8.27E-14,5.22E-07,0,4.02E-07,0
14/07/2017,16,2.31,0.091032,0.091032,1.585540681,0,0.633427319,0,6.47E-28,0.095032285,0,0.082937267,0
14/07/2017,17,0.33,0,0,0.222391304,0,0.107608696,0,6.52E-14,5.31E-07,0,4.09E-07,0
14/07/2017,18,0.52,0,0,0.350434783,0,0.169565217,0,8.97E-14,8.49E-07,0,6.61E-07,0
14/07/2017,19,1.14,0,0,0.76826087,0,0.37173913,0,3.67E-14,7.78E-07,0,5.92E-07,0
14/07/2017,20,1.07,0,0,0.721086957,0,0.348913043,0,7.70E-14,1.16E-06,0,8.89E-07,0
14/07/2017,21,0.2,0,0,0.134782609,0,0.065217391,0,6.50E-13,1.38E-06,0,1.08E-06,0
14/07/2017,22,0.52,0,0,0.350434783,0,0.169565217,0,8.97E-14,8.49E-07,0,6.61E-07,0
14/07/2017,23,0.39,0,0,0.262826087,0,0.127173913,0,3.46E-13,1.38E-06,0,1.08E-06,0
15/07/2017,0,0.25,0,0,0.168478261,0,0.081521739,0,1.63E-13,7.79E-07,0,6.03E-07,0
15/07/2017,1,0.32,0,0,0.215652174,0,0.104347826,0,7.97E-14,5.84E-07,0,4.49E-07,0
15/07/2017,2,0.27,0,0,0.181956522,0,0.088043478,0,8.93E-14,5.93E-07,0,4.58E-07,0
15/07/2017,3,0.28,0,0,0.188695652,0,0.091304348,0,8.01E-14,5.70E-07,0,4.40E-07,0
15/07/2017,4,0.3,0,0,0.202173913,0,0.097826087,0,9.19E-14,6.14E-07,0,4.72E-07,0
15/07/2017,5,0.27,0,0,0.181956522,0,0.088043478,0,8.93E-14,5.93E-07,0,4.58E-07,0
15/07/2017,6,0.33,0,0,0.222391304,0,0.107608696,0,6.52E-14,5.31E-07,0,4.09E-07,0
15/07/2017,7,0.34,0.009151,0.009151,0.222963457,0,0.107885543,0,1.87E-13,9.62E-07,0,7.43E-07,0
15/07/2017,8,0.45,0.08784,0.08784,0.244064348,0,0.118095652,0,2.85E-13,1.30E-06,0,1.00E-06,0
15/07/2017,9,0.38,0.153853,0.153853,0.152403413,0,0.073743587,0,5.03E-13,1.34E-06,0,1.03E-06,0
15/07/2017,10,0.35,0.218808,0.218808,0.088412,0,0.04278,0,6.70E-13,1.21E-06,0,9.46E-07,0
15/07/2017,11,0.29,0.248891,0.238733608,0.03454909,0,0.016717302,0,1.44E-12,1.19E-06,0,9.34E-07,0
15/07/2017,12,0.33,0.26456,0.255834542,0.049981069,0,0.024184388,0,7.26E-13,9.69E-07,0,7.53E-07,0
15/07/2017,13,0.23,0.239479,0.17825982,0.05174018,0.06121918,0,1.47E-13,0,0,3.77E-07,0,4.54E-07
15/07/2017,14,0.37,0.216545,0.216545,0.103415326,0,0.050039674,0,5.42E-13,1.18E-06,0,9.20E-07,0
15/07/2017,15,0.31,1.410582,0.31,8.27E-15,0.909306964,0,1.34E-14,0,0,4.69E-07,0,4.77E-07
15/07/2017,16,0.3,0.935607,0.3,4.00E-14,0.534862768,0,5.65E-14,0,0,8.75E-07,0,8.09E-07
15/07/2017,17,0.41,0.163476,0.163476,0.166135739,0,0.080388261,0,4.09E-13,1.23E-06,0,9.55E-07,0
15/07/2017,18,0.42,0,0,0.283043478,0,0.136956522,0,3.20E-13,1.40E-06,0,1.09E-06,0
15/07/2017,19,0.44,0,0,0.296521739,0,0.143478261,0,2.73E-13,1.35E-06,0,1.06E-06,0
15/07/2017,20,0.51,0,0,0.343695652,0,0.166304348,0,9.48E-14,8.79E-07,0,6.87E-07,0
15/07/2017,21,0.32,0,0,0.215652174,0,0.104347826,0,7.97E-14,5.84E-07,0,4.49E-07,0
15/07/2017,22,0.72,0,0,0.485217391,0,0.234782609,0,6.24E-14,7.95E-07,0,6.22E-07,0
15/07/2017,23,1.26,0,0,0.849130435,0,0.410869565,0,2.77E-14,7.14E-07,0,5.47E-07,0
16/07/2017,0,1.18,0,0,0.795217391,0,0.384782609,0,5.49E-14,9.75E-07,0,7.45E-07,0
16/07/2017,1,0.82,0,0,0.552608696,0,0.267391304,0,2.64E-14,5.24E-07,0,4.04E-07,0
16/07/2017,2,0.26,0,0,0.175217391,0,0.084782609,0,1.03E-13,6.25E-07,0,4.83E-07,0
16/07/2017,3,0.23,0,0,0.155,0,0.075,0,1.34E-13,6.83E-07,0,5.31E-07,0
16/07/2017,4,0.31,0,0,0.208913043,0,0.101086957,0,8.52E-14,5.97E-07,0,4.59E-07,0
16/07/2017,5,0.22,0,0,0.14826087,0,0.07173913,0,2.71E-13,9.78E-07,0,7.67E-07,0
16/07/2017,6,0.29,0,0,0.195434783,0,0.094565217,0,9.60E-14,6.28E-07,0,4.83E-07,0
16/07/2017,7,0.33,0.117916,0.117916,0.142926174,0,0.069157826,0,9.03E-14,5.72E-07,0,4.42E-07,0
16/07/2017,8,0.46,0.839939,0.46,3.84E-14,0.342272411,0,2.60E-14,0,0,5.17E-07,0,4.43E-07
16/07/2017,9,0.39,0.769629,0.39,2.05E-14,0.336398304,0,1.75E-14,0,0,2.87E-07,0,3.10E-07
16/07/2017,10,0.45,1.885879,0.45,1.59E-14,1.189992054,0,2.52E-14,0,0,6.18E-07,0,6.88E-07
16/07/2017,11,0.25,2.051097,0.25,2.02E-15,1.446286266,0,2.45E-15,0,0,0.110119353,0,0.066071612
16/07/2017,12,0.42,2.479919,0.42,7.10E-20,1.647322889,0,1.24E-19,0,0,0.217594073,0,0.130556444
16/07/2017,13,0.23,2.171085,0.23,3.53E-13,1.5468607,0,6.20E-13,0,0,0.163886717,0,0.09833203
16/07/2017,14,0.3,2.24585,0.3,3.90E-22,1.555435781,0,6.65E-22,0,0,0.168470978,0,0.101082587
16/07/2017,15,0.38,1.717023,0.38,1.63E-14,1.104929196,0,2.63E-14,0,0,9.58E-07,0,8.26E-07
16/07/2017,16,0.25,1.023159,0.25,6.89E-15,0.641377768,0,1.08E-14,0,0,4.06E-07,0,3.79E-07
16/07/2017,17,0.4,0.183763,0.183763,0.145724935,0,0.070512065,0,4.21E-13,1.16E-06,0,9.12E-07,0
16/07/2017,18,1.15,0,0,0.775,0,0.375,0,4.69E-14,8.93E-07,0,6.89E-07,0
16/07/2017,19,1.02,0,0,0.687391304,0,0.332608696,0,2.23E-14,5.86E-07,0,4.56E-07,0
16/07/2017,20,0.35,0,0,0.235869565,0,0.114130435,0,1.79E-13,9.39E-07,0,7.27E-07,0
16/07/2017,21,0.37,0,0,0.249347826,0,0.120652174,0,6.10E-14,5.67E-07,0,4.41E-07,0
16/07/2017,22,0.96,0,0,0.646956522,0,0.313043478,0,2.70E-14,5.99E-07,0,4.61E-07,0
16/07/2017,23,0.33,0,0,0.222391304,0,0.107608696,0,6.52E-14,5.31E-07,0,4.09E-07,0
17/07/2017,0,0.25,0,0,0.168478261,0,0.081521739,0,1.63E-13,7.79E-07,0,6.03E-07,0
17/07/2017,1,0.39,0,0,0.262826087,0,0.127173913,0,3.46E-13,1.38E-06,0,1.08E-06,0
17/07/2017,2,0.27,0,0,0.181956522,0,0.088043478,0,8.93E-14,5.93E-07,0,4.58E-07,0
17/07/2017,3,0.27,0,0,0.181956522,0,0.088043478,0,8.93E-14,5.93E-07,0,4.58E-07,0
17/07/2017,4,0.32,0,0,0.215652174,0,0.104347826,0,7.97E-14,5.84E-07,0,4.49E-07,0
17/07/2017,5,0.23,0,0,0.155,0,0.075,0,1.34E-13,6.83E-07,0,5.31E-07,0
17/07/2017,6,0.3,0,0,0.202173913,0,0.097826087,0,9.19E-14,6.14E-07,0,4.72E-07,0
17/07/2017,7,0.52,0.036804,0.036804,0.325632087,0,0.157563913,0,1.83E-13,1.19E-06,0,9.19E-07,0
17/07/2017,8,0.29,0.200058,0.1973141,0.062462237,0,0.030223663,0,9.72E-13,1.14E-06,0,8.93E-07,0
17/07/2017,9,0.37,0.268467,0.262959103,0.072136257,0,0.03490464,0,4.38E-13,9.37E-07,0,7.35E-07,0
17/07/2017,10,0.33,0.288919,0.276495526,0.036057363,0,0.017447111,0,6.50E-13,8.00E-07,0,6.27E-07,0
17/07/2017,11,0.28,0.406812,0.273446684,0.006553316,0.129141952,0,1.91E-13,0,0,4.55E-07,0,5.23E-07
17/07/2017,12,0.36,0.40783,0.295782459,0.064217541,0.112047541,0,1.84E-13,0,0,9.23E-07,0,7.45E-07
17/07/2017,13,0.26,0.594251,0.26,1.52E-14,0.289487411,0,1.66E-14,0,0,2.50E-07,0,2.80E-07
17/07/2017,14,0.3,0.47666,0.3,5.61E-13,0.166066071,0,1.37E-13,0,0,4.45E-07,0,4.70E-07
17/07/2017,15,0.29,0.279569,0.264754284,0.017013417,0,0.008232299,0,2.06E-12,9.89E-07,0,7.74E-07,0
17/07/2017,16,0.22,0.157606,0.154638156,0.044048199,0,0.021313645,0,3.65E-13,6.13E-07,0,4.68E-07,0
17/07/2017,17,0.34,0.005776,0.005776,0.225237913,0,0.108986087,0,1.97E-13,9.94E-07,0,7.65E-07,0
17/07/2017,18,0.26,0,0,0.175217391,0,0.084782609,0,1.03E-13,6.25E-07,0,4.83E-07,0
17/07/2017,19,0.32,0,0,0.215652174,0,0.104347826,0,7.97E-14,5.84E-07,0,4.49E-07,0
17/07/2017,20,0.32,0,0,0.215652174,0,0.104347826,0,7.97E-14,5.84E-07,0,4.49E-07,0
17/07/2017,21,0.41,0,0,0.276304348,0,0.133695652,0,9.39E-14,7.50E-07,0,5.84E-07,0
17/07/2017,22,0.3,0,0,0.202173913,0,0.097826087,0,9.19E-14,6.14E-07,0,4.72E-07,0
17/07/2017,23,0.27,0,0,0.181956522,0,0.088043478,0,8.93E-14,5.93E-07,0,4.58E-07,0
18/07/2017,0,0.24,0,0,0.16173913,0,0.07826087,0,1.70E-13,7.88E-07,0,6.12E-07,0
18/07/2017,1,0.33,0,0,0.222391304,0,0.107608696,0,6.52E-14,5.31E-07,0,4.09E-07,0
18/07/2017,2,0.26,0,0,0.175217391,0,0.084782609,0,1.03E-13,6.25E-07,0,4.83E-07,0
18/07/2017,3,0.28,0,0,0.188695652,0,0.091304348,0,8.01E-14,5.70E-07,0,4.40E-07,0
18/07/2017,4,0.31,0,0,0.208913043,0,0.101086957,0,8.52E-14,5.97E-07,0,4.59E-07,0
18/07/2017,5,0.23,0,0,0.155,0,0.075,0,1.34E-13,6.83E-07,0,5.31E-07,0
18/07/2017,6,0.31,0,0,0.208913043,0,0.101086957,0,8.52E-14,5.97E-07,0,4.59E-07,0
18/07/2017,7,0.35,0.031293,0.031293,0.214780804,0,0.103926196,0,3.21E-13,1.30E-06,0,1.01E-06,0
18/07/2017,8,0.38,0.609128,0.38,1.63E-13,0.214656429,0,4.53E-14,0,0,4.05E-07,0,4.12E-07
18/07/2017,9,1.57,1.278107,1.233643307,0.226675163,0,0.10968153,0,1.35E-13,8.73E-07,0,6.73E-07,0
18/07/2017,10,1.86,0.403215,0.403215,0.981746413,0,0.475038587,0,1.78E-14,6.32E-07,0,4.81E-07,0
18/07/2017,11,0.23,1.938059,0.23,1.78E-14,1.377016525,0,3.09E-14,0,0,0.073087563,0,0.043852538
18/07/2017,12,0.29,1.808292,0.29,3.69E-15,1.243075442,0,6.33E-15,0,0,0.0014823,0,0.00088938
18/07/2017,13,0.36,2.746451,0.36,7.57E-16,1.880947005,0,8.98E-16,0,0,0.342490154,0,0.205494093
18/07/2017,14,0.28,1.923076,0.28,3.31E-28,1.333297098,0,5.13E-28,0,0,0.04971504,0,0.029829024
18/07/2017,15,0.27,0.198397,0.193999914,0.051217449,0,0.024782637,0,8.49E-13,1.09E-06,0,8.48E-07,0
18/07/2017,16,0.2,0.523528,0.2,1.51E-14,0.276049286,0,1.90E-14,0,0,2.02E-07,0,2.41E-07
18/07/2017,17,0.3,0.070103,0.070103,0.154930587,0,0.074966413,0,2.24E-13,8.86E-07,0,6.93E-07,0
18/07/2017,18,0.26,0,0,0.175217391,0,0.084782609,0,1.03E-13,6.25E-07,0,4.83E-07,0
18/07/2017,19,0.56,0,0,0.377391304,0,0.182608696,0,7.91E-14,8.14E-07,0,6.30E-07,0
18/07/2017,20,1.23,0,0,0.828913043,0,0.401086957,0,2.88E-14,7.20E-07,0,5.55E-07,0
18/07/2017,21,1.24,0,0,0.835652174,0,0.404347826,0,2.88E-14,7.23E-07,0,5.53E-07,0
18/07/2017,22,1.2,0,0,0.808695652,0,0.391304348,0,4.60E-14,8.90E-07,0,6.81E-07,0
18/07/2017,23,1.28,0,0,0.862608696,0,0.417391304,0,2.74E-14,7.16E-07,0,5.49E-07,0
19/07/2017,0,0.85,0,0,0.572826087,0,0.277173913,0,3.04E-14,5.75E-07,0,4.39E-07,0
19/07/2017,1,0.31,0,0,0.208913043,0,0.101086957,0,8.52E-14,5.97E-07,0,4.59E-07,0
19/07/2017,2,0.3,0,0,0.202173913,0,0.097826087,0,9.19E-14,6.14E-07,0,4.72E-07,0
19/07/2017,3,0.25,0,0,0.168478261,0,0.081521739,0,1.63E-13,7.79E-07,0,6.03E-07,0
19/07/2017,4,0.28,0,0,0.188695652,0,0.091304348,0,8.01E-14,5.70E-07,0,4.40E-07,0
19/07/2017,5,0.25,0,0,0.168478261,0,0.081521739,0,1.63E-13,7.79E-07,0,6.03E-07,0
19/07/2017,6,0.48,0,0,0.323478261,0,0.156521739,0,1.16E-13,9.20E-07,0,7.15E-07,0
19/07/2017,7,1.09,0.022477,0.022477,0.719417674,0,0.348105326,0,3.17E-14,7.25E-07,0,5.57E-07,0
19/07/2017,8,1.34,0.455828,0.455828,0.595855043,0,0.288316957,0,3.62E-14,7.29E-07,0,5.61E-07,0
19/07/2017,9,0.36,0.61644,0.36,1.63E-13,0.234996429,0,8.18E-14,0,0,7.33E-07,0,6.59E-07
19/07/2017,10,0.5,0.241671,0.241671,0.174091283,0,0.084237717,0,3.02E-13,1.16E-06,0,8.97E-07,0
19/07/2017,11,1,0.586599,0.586599,0.278596326,0,0.134804674,0,1.97E-13,1.16E-06,0,9.01E-07,0
19/07/2017,12,0.38,1.2423,0.38,6.11E-15,0.723455357,0,8.83E-15,0,0,3.20E-07,0,3.20E-07
19/07/2017,13,2.33,0.395895,0.395895,1.35374702,0,0.58035798,0,3.11E-17,0.053054557,0,0.046302159,0
19/07/2017,14,0.62,0.826135,0.570007946,0.049992054,0.251620593,0,2.00E-14,0,0,1.91E-07,0,2.27E-07
19/07/2017,15,0.3,0.825505,0.3,1.71E-14,0.446387946,0,2.24E-14,0,0,4.79E-07,0,4.71E-07
19/07/2017,16,0.64,0.648634,0.487010721,0.152989279,0.161623279,0,1.82E-13,0,0,4.16E-07,0,5.05E-07
19/07/2017,17,0.3,0,0,0.202173913,0,0.097826087,0,9.19E-14,6.14E-07,0,4.72E-07,0
19/07/2017,18,0.28,0,0,0.188695652,0,0.091304348,0,8.01E-14,5.70E-07,0,4.40E-07,0
19/07/2017,19,0.24,0,0,0.16173913,0,0.07826087,0,1.70E-13,7.88E-07,0,6.12E-07,0
19/07/2017,20,0.25,0,0,0.168478261,0,0.081521739,0,1.63E-13,7.79E-07,0,6.03E-07,0
19/07/2017,21,0.3,0,0,0.202173913,0,0.097826087,0,9.19E-14,6.14E-07,0,4.72E-07,0
19/07/2017,22,1,0,0,0.673913043,0,0.326086957,0,9.32E-14,1.16E-06,0,8.99E-07,0
19/07/2017,23,1.21,0,0,0.815434783,0,0.394565217,0,3.42E-14,7.77E-07,0,5.95E-07,0
20/07/2017,0,1.19,0,0,0.801956522,0,0.388043478,0,5.47E-14,9.70E-07,0,7.36E-07,0
20/07/2017,1,1,0,0,0.673913043,0,0.326086957,0,9.32E-14,1.16E-06,0,8.99E-07,0
20/07/2017,2,0.33,0,0,0.222391304,0,0.107608696,0,6.52E-14,5.31E-07,0,4.09E-07,0
20/07/2017,3,0.28,0,0,0.188695652,0,0.091304348,0,8.01E-14,5.70E-07,0,4.40E-07,0
20/07/2017,4,0.26,0,0,0.175217391,0,0.084782609,0,1.03E-13,6.25E-07,0,4.83E-07,0
20/07/2017,5,0.34,0,0,0.229130435,0,0.110869565,0,6.68E-14,5.46E-07,0,4.22E-07,0
20/07/2017,6,0.23,0,0,0.155,0,0.075,0,1.34E-13,6.83E-07,0,5.31E-07,0
20/07/2017,7,0.37,0.093886,0.093886,0.186076826,0,0.090037174,0,9.62E-14,6.82E-07,0,5.29E-07,0
20/07/2017,8,0.48,0.224593,0.224593,0.172122109,0,0.083284891,0,3.52E-13,1.25E-06,0,9.76E-07,0
20/07/2017,9,0.2,0.344415,0.2,1.33E-13,0.132119196,0,6.90E-14,0,0,3.08E-07,0,3.70E-07
20/07/2017,10,0.39,0.485696,0.342410465,0.047589535,0.142655289,0,4.00E-14,0,0,3.66E-07,0,3.58E-07
20/07/2017,11,0.26,0.270033,0.201164311,0.058835689,0.068868689,0,1.45E-13,0,0,3.84E-07,0,3.92E-07
20/07/2017,12,0.23,0.286614,0.202018917,0.027981083,0.084211855,0,8.28E-14,0,0,2.96E-07,0,2.90E-07
20/07/2017,13,0.37,0.454046,0.321646796,0.048353204,0.132238835,0,1.21E-13,0,0,6.48E-07,0,6.25E-07
20/07/2017,14,0.19,0.451176,0.19,2.25E-14,0.225141429,0,2.58E-14,0,0,2.63E-07,0,2.87E-07
20/07/2017,15,0.23,0.331271,0.22324069,0.00675931,0.104749055,0,6.36E-14,0,0,2.86E-07,0,2.92E-07
20/07/2017,16,0.39,0.263793,0.260900025,0.087002157,0,0.042097818,0,2.91E-13,8.32E-07,0,6.48E-07,0
20/07/2017,17,0.27,0,0,0.181956522,0,0.088043478,0,8.93E-14,5.93E-07,0,4.58E-07,0
20/07/2017,18,0.31,0,0,0.208913043,0,0.101086957,0,8.52E-14,5.97E-07,0,4.59E-07,0
20/07/2017,19,0.41,0,0,0.276304348,0,0.133695652,0,9.39E-14,7.50E-07,0,5.84E-07,0
20/07/2017,20,0.41,0,0,0.276304348,0,0.133695652,0,9.39E-14,7.50E-07,0,5.84E-07,0
20/07/2017,21,0.46,0,0,0.31,0,0.15,0,2.00E-13,1.17E-06,0,9.06E-07,0
20/07/2017,22,0.33,0,0,0.222391304,0,0.107608696,0,6.52E-14,5.31E-07,0,4.09E-07,0
20/07/2017,23,0.26,0,0,0.175217391,0,0.084782609,0,1.03E-13,6.25E-07,0,4.83E-07,0
21/07/2017,0,0.28,0,0,0.188695652,0,0.091304348,0,8.01E-14,5.70E-07,0,4.40E-07,0
21/07/2017,1,0.26,0,0,0.175217391,0,0.084782609,0,1.03E-13,6.25E-07,0,4.83E-07,0
21/07/2017,2,0.26,0,0,0.175217391,0,0.084782609,0,1.03E-13,6.25E-07,0,4.83E-07,0
21/07/2017,3,0.28,0,0,0.188695652,0,0.091304348,0,8.01E-14,5.70E-07,0,4.40E-07,0
21/07/2017,4,0.25,0,0,0.168478261,0,0.081521739,0,1.63E-13,7.79E-07,0,6.03E-07,0
21/07/2017,5,0.29,0,0,0.195434783,0,0.094565217,0,9.60E-14,6.28E-07,0,4.83E-07,0
21/07/2017,6,0.26,0,0,0.175217391,0,0.084782609,0,1.03E-13,6.25E-07,0,4.83E-07,0
21/07/2017,7,0.31,0.052573,0.052573,0.173483413,0,0.083943587,0,2.79E-13,1.08E-06,0,8.40E-07,0
21/07/2017,8,0.37,0.145291,0.145291,0.151434326,0,0.073274674,0,7.99E-14,5.36E-07,0,4.13E-07,0
21/07/2017,9,0.38,0.640347,0.38,4.95E-14,0.239743125,0,2.23E-14,0,0,2.94E-07,0,2.96E-07
21/07/2017,10,0.29,0.689546,0.29,2.73E-14,0.344367321,0,3.13E-14,0,0,4.54E-07,0,4.53E-07
21/07/2017,11,0.29,0.58375,0.29,9.05E-14,0.259352679,0,8.05E-14,0,0,6.70E-07,0,6.47E-07
21/07/2017,12,0.24,0.640553,0.24,1.13E-14,0.341158661,0,1.44E-14,0,0,2.56E-07,0,2.79E-07
21/07/2017,13,0.35,0.318751,0.303703983,0.03119949,0,0.015096527,0,7.29E-13,7.77E-07,0,6.05E-07,0
21/07/2017,14,0.46,1.086895,0.46,8.22E-15,0.540719196,0,9.37E-15,0,0,2.81E-07,0,2.94E-07
21/07/2017,15,0.26,0.833441,0.26,2.56E-14,0.481693661,0,3.67E-14,0,0,5.86E-07,0,5.76E-07
21/07/2017,16,0.31,0.139706,0.139706,0.114763348,0,0.055530652,0,1.15E-13,5.70E-07,0,4.40E-07,0
21/07/2017,17,0.23,0,0,0.155,0,0.075,0,1.34E-13,6.83E-07,0,5.31E-07,0
21/07/2017,18,0.35,0,0,0.235869565,0,0.114130435,0,1.79E-13,9.39E-07,0,7.27E-07,0
21/07/2017,19,0.27,0,0,0.181956522,0,0.088043478,0,8.93E-14,5.93E-07,0,4.58E-07,0
21/07/2017,20,1.41,0,0,0.950217391,0,0.459782609,0,2.32E-14,7.43E-07,0,5.72E-07,0
21/07/2017,21,1.13,0,0,0.761521739,0,0.368478261,0,7.57E-14,1.14E-06,0,8.70E-07,0
21/07/2017,22,1.36,0,0,0.916521739,0,0.443478261,0,8.64E-14,1.37E-06,0,1.06E-06,0
21/07/2017,23,0.45,0,0,0.30326087,0,0.14673913,0,1.90E-13,1.14E-06,0,8.86E-07,0
22/07/2017,0,0.43,0,0,0.289782609,0,0.140217391,0,1.24E-13,8.81E-07,0,6.85E-07,0
22/07/2017,1,0.3,0,0,0.202173913,0,0.097826087,0,9.19E-14,6.14E-07,0,4.72E-07,0
22/07/2017,2,0.28,0,0,0.188695652,0,0.091304348,0,8.01E-14,5.70E-07,0,4.40E-07,0
22/07/2017,3,0.34,0,0,0.229130435,0,0.110869565,0,6.68E-14,5.46E-07,0,4.22E-07,0
22/07/2017,4,0.23,0,0,0.155,0,0.075,0,1.34E-13,6.83E-07,0,5.31E-07,0
22/07/2017,5,0.25,0,0,0.168478261,0,0.081521739,0,1.63E-13,7.79E-07,0,6.03E-07,0
22/07/2017,6,0.3,0,0,0.202173913,0,0.097826087,0,9.19E-14,6.14E-07,0,4.72E-07,0
22/07/2017,7,0.24,0.046103,0.046103,0.130669717,0,0.063227283,0,5.41E-13,1.29E-06,0,9.95E-07,0
22/07/2017,8,0.46,0.160118,0.160118,0.202094391,0,0.097787609,0,2.98E-13,1.16E-06,0,9.02E-07,0
22/07/2017,9,0.41,0.199124,0.199124,0.142112087,0,0.068763913,0,3.72E-13,1.08E-06,0,8.52E-07,0
22/07/2017,10,0.29,0.730802,0.29,1.45E-14,0.377519464,0,1.77E-14,0,0,3.55E-07,0,3.43E-07
22/07/2017,11,0.28,0.562319,0.28,7.65E-14,0.249363482,0,6.77E-14,0,0,5.66E-07,0,5.34E-07
22/07/2017,12,0.2,0.381113,0.2,4.82E-14,0.161608661,0,3.74E-14,0,0,2.58E-07,0,2.93E-07
22/07/2017,13,0.19,0.578806,0.19,6.30E-14,0.32770125,0,8.78E-14,0,0,4.19E-07,0,5.27E-07
22/07/2017,14,0.26,0.389703,0.259593148,0.000406852,0.125412724,0,4.15E-14,0,0,2.57E-07,0,2.63E-07
22/07/2017,15,0.24,0.266699,0.194551951,0.045448049,0.072147049,0,1.10E-13,0,0,3.28E-07,0,3.27E-07
22/07/2017,16,0.28,0.212392,0.206822963,0.04931496,0,0.023862077,0,1.32E-12,1.32E-06,0,1.02E-06,0
22/07/2017,17,0.37,0,0,0.249347826,0,0.120652174,0,6.10E-14,5.67E-07,0,4.41E-07,0
22/07/2017,18,0.7,0,0,0.47173913,0,0.22826087,0,7.01E-14,8.27E-07,0,6.48E-07,0
22/07/2017,19,0.36,0,0,0.242608696,0,0.117391304,0,2.18E-13,1.07E-06,0,8.27E-07,0
22/07/2017,20,0.41,0,0,0.276304348,0,0.133695652,0,9.39E-14,7.50E-07,0,5.84E-07,0
22/07/2017,21,0.38,0,0,0.256086957,0,0.123913043,0,3.49E-13,1.35E-06,0,1.06E-06,0
22/07/2017,22,0.45,0,0,0.30326087,0,0.14673913,0,1.90E-13,1.14E-06,0,8.86E-07,0
22/07/2017,23,0.82,0,0,0.552608696,0,0.267391304,0,2.64E-14,5.24E-07,0,4.04E-07,0
23/07/2017,0,0.46,0,0,0.31,0,0.15,0,2.00E-13,1.17E-06,0,9.06E-07,0
23/07/2017,1,0.4,0,0,0.269565217,0,0.130434783,0,9.36E-14,7.27E-07,0,5.71E-07,0
23/07/2017,2,0.38,0,0,0.256086957,0,0.123913043,0,3.49E-13,1.35E-06,0,1.06E-06,0
23/07/2017,3,0.39,0,0,0.262826087,0,0.127173913,0,3.46E-13,1.38E-06,0,1.08E-06,0
23/07/2017,4,0.36,0,0,0.242608696,0,0.117391304,0,2.18E-13,1.07E-06,0,8.27E-07,0
23/07/2017,5,0.31,0,0,0.208913043,0,0.101086957,0,8.52E-14,5.97E-07,0,4.59E-07,0
23/07/2017,6,0.42,0,0,0.283043478,0,0.136956522,0,3.20E-13,1.40E-06,0,1.09E-06,0
23/07/2017,7,0.41,0.055286,0.055286,0.239046391,0,0.115667609,0,6.91E-14,6.30E-07,0,4.86E-07,0
23/07/2017,8,0.61,0.176352,0.176352,0.292241043,0,0.141406957,0,1.28E-13,9.57E-07,0,7.43E-07,0
23/07/2017,9,0.41,0.340298,0.327695907,0.055465802,0,0.026838291,0,3.74E-13,7.23E-07,0,5.59E-07,0
23/07/2017,10,0.29,0.47536,0.29,3.69E-13,0.172253571,0,1.33E-13,0,0,4.17E-07,0,4.54E-07
23/07/2017,11,0.44,0.263734,0.263734,0.118787957,0,0.057478043,0,3.71E-13,1.08E-06,0,8.37E-07,0
23/07/2017,12,0.32,0.381835,0.27273582,0.04726418,0.10909918,0,2.23E-13,0,0,5.52E-07,0,5.83E-07
23/07/2017,13,0.28,0.253402,0.241607105,0.025873473,0,0.012519422,0,1.86E-12,1.17E-06,0,9.22E-07,0
23/07/2017,14,0.28,0.297796,0.22019141,0.05980859,0.07760459,0,1.20E-13,0,0,3.46E-07,0,3.37E-07
23/07/2017,15,0.25,0.168278,0.166548027,0.056239373,0,0.0272126,0,2.51E-13,5.78E-07,0,4.42E-07,0
23/07/2017,16,0.21,0.106811,0.106811,0.069540413,0,0.033648587,0,4.14E-13,8.33E-07,0,6.50E-07,0
23/07/2017,17,0.32,0.41312,0.287890445,0.032109555,0.123764946,0,1.58E-13,0,0,5.38E-07,0,5.12E-07
23/07/2017,18,0.35,0,0,0.235869565,0,0.114130435,0,1.79E-13,9.39E-07,0,7.27E-07,0
23/07/2017,19,0.32,0,0,0.215652174,0,0.104347826,0,7.97E-14,5.84E-07,0,4.49E-07,0
23/07/2017,20,0.27,0,0,0.181956522,0,0.088043478,0,8.93E-14,5.93E-07,0,4.58E-07,0
23/07/2017,21,0.37,0,0,0.249347826,0,0.120652174,0,6.10E-14,5.67E-07,0,4.41E-07,0
23/07/2017,22,0.33,0,0,0.222391304,0,0.107608696,0,6.52E-14,5.31E-07,0,4.09E-07,0
23/07/2017,23,0.28,0,0,0.188695652,0,0.091304348,0,8.01E-14,5.70E-07,0,4.40E-07,0
24/07/2017,0,0.3,0,0,0.202173913,0,0.097826087,0,9.19E-14,6.14E-07,0,4.72E-07,0
24/07/2017,1,0.31,0,0,0.208913043,0,0.101086957,0,8.52E-14,5.97E-07,0,4.59E-07,0
24/07/2017,2,0.24,0,0,0.16173913,0,0.07826087,0,1.70E-13,7.88E-07,0,6.12E-07,0
24/07/2017,3,0.33,0,0,0.222391304,0,0.107608696,0,6.52E-14,5.31E-07,0,4.09E-07,0
24/07/2017,4,0.38,0,0,0.256086957,0,0.123913043,0,3.49E-13,1.35E-06,0,1.06E-06,0
24/07/2017,5,0.23,0,0,0.155,0,0.075,0,1.34E-13,6.83E-07,0,5.31E-07,0
24/07/2017,6,0.3,0,0,0.202173913,0,0.097826087,0,9.19E-14,6.14E-07,0,4.72E-07,0
24/07/2017,7,0.33,0.027344,0.027344,0.203963826,0,0.098692174,0,3.09E-13,1.17E-06,0,9.11E-07,0
24/07/2017,8,0.24,0.103983,0.103983,0.09166363,0,0.04435337,0,3.20E-13,8.45E-07,0,6.66E-07,0
24/07/2017,9,0.36,0.281363,0.272944647,0.058667738,0,0.028387615,0,4.53E-13,8.60E-07,0,6.74E-07,0
24/07/2017,10,0.38,0.233026,0.233026,0.099047696,0,0.047926304,0,5.38E-13,1.18E-06,0,9.15E-07,0
24/07/2017,11,0.32,0.397924,0.280669044,0.039330956,0.116776495,0,2.18E-13,0,0,6.47E-07,0,7.12E-07
24/07/2017,12,0.42,0.278417,0.27616193,0.096934352,0,0.046903719,0,2.55E-13,8.19E-07,0,6.41E-07,0
24/07/2017,13,0.73,0.272803,0.272803,0.308111022,0,0.149085978,0,7.42E-14,7.62E-07,0,5.89E-07,0
24/07/2017,14,3.04,0.24913,0.24913,2.050898619,0,0.739971381,0,3.89E-14,0.179308398,0,0.156487329,0
24/07/2017,15,1.49,0.166567,0.166567,0.891878761,0,0.431554239,0,2.73E-14,7.89E-07,0,6.11E-07,0
24/07/2017,16,0.67,0.102606,0.102606,0.382374217,0,0.185019783,0,1.23E-13,1.05E-06,0,8.18E-07,0
24/07/2017,17,1.58,0.288846,0.288846,0.870125522,0,0.421028478,0,2.48E-14,7.62E-07,0,5.93E-07,0
24/07/2017,18,0.69,0,0,0.465,0,0.225,0,7.73E-14,8.62E-07,0,6.75E-07,0
24/07/2017,19,1.23,0,0,0.828913043,0,0.401086957,0,2.88E-14,7.20E-07,0,5.55E-07,0
24/07/2017,20,1.28,0,0,0.862608696,0,0.417391304,0,2.74E-14,7.16E-07,0,5.49E-07,0
24/07/2017,21,1.28,0,0,0.862608696,0,0.417391304,0,2.74E-14,7.16E-07,0,5.49E-07,0
24/07/2017,22,1.21,0,0,0.815434783,0,0.394565217,0,3.42E-14,7.77E-07,0,5.95E-07,0
24/07/2017,23,1.08,0,0,0.727826087,0,0.352173913,0,7.98E-14,1.17E-06,0,9.01E-07,0
25/07/2017,0,0.82,0,0,0.552608696,0,0.267391304,0,2.64E-14,5.24E-07,0,4.04E-07,0
25/07/2017,1,0.32,0,0,0.215652174,0,0.104347826,0,7.97E-14,5.84E-07,0,4.49E-07,0
25/07/2017,2,0.24,0,0,0.16173913,0,0.07826087,0,1.70E-13,7.88E-07,0,6.12E-07,0
25/07/2017,3,0.31,0,0,0.208913043,0,0.101086957,0,8.52E-14,5.97E-07,0,4.59E-07,0
25/07/2017,4,0.29,0,0,0.195434783,0,0.094565217,0,9.60E-14,6.28E-07,0,4.83E-07,0
25/07/2017,5,0.25,0,0,0.168478261,0,0.081521739,0,1.63E-13,7.79E-07,0,6.03E-07,0
25/07/2017,6,0.33,0,0,0.222391304,0,0.107608696,0,6.52E-14,5.31E-07,0,4.09E-07,0
25/07/2017,7,0.75,0.038906,0.038906,0.479215522,0,0.231878478,0,1.19E-13,1.16E-06,0,9.01E-07,0
25/07/2017,8,1.17,0.118552,0.118552,0.708584522,0,0.342863478,0,3.34E-14,7.27E-07,0,5.60E-07,0
25/07/2017,9,0.61,0.180995,0.180995,0.289112065,0,0.139892935,0,1.26E-13,9.49E-07,0,7.37E-07,0
25/07/2017,10,0.58,0.246675,0.246675,0.224632065,0,0.108692935,0,1.30E-13,8.87E-07,0,6.92E-07,0
25/07/2017,11,1.53,0.27925,0.27925,0.842896739,0,0.407853261,0,1.74E-14,6.17E-07,0,4.84E-07,0
25/07/2017,12,0.68,0.274529,0.274529,0.273252196,0,0.132218804,0,9.63E-14,8.26E-07,0,6.41E-07,0
25/07/2017,13,1.16,0.267002,0.267002,0.601803,0,0.291195,0,1.25E-13,1.40E-06,0,1.09E-06,0
25/07/2017,14,1.2,0.225455,0.225455,0.656758587,0,0.317786413,0,4.69E-14,8.67E-07,0,6.71E-07,0
25/07/2017,15,1.22,0.161867,0.161867,0.71308963,0,0.34504337,0,2.02E-14,5.78E-07,0,4.41E-07,0
25/07/2017,16,1.18,0.101388,0.101388,0.726890696,0,0.351721304,0,7.79E-14,1.10E-06,0,8.58E-07,0
25/07/2017,17,1.14,0.213405,0.213405,0.624444457,0,0.302150543,0,4.41E-14,8.21E-07,0,6.36E-07,0
25/07/2017,18,1.26,0,0,0.849130435,0,0.410869565,0,2.77E-14,7.14E-07,0,5.47E-07,0
25/07/2017,19,1.33,0,0,0.896304348,0,0.433695652,0,5.62E-14,1.11E-06,0,8.47E-07,0
25/07/2017,20,1.23,0,0,0.828913043,0,0.401086957,0,2.88E-14,7.20E-07,0,5.55E-07,0
25/07/2017,21,1.23,0,0,0.828913043,0,0.401086957,0,2.88E-14,7.20E-07,0,5.55E-07,0
25/07/2017,22,1.16,0,0,0.78173913,0,0.37826087,0,4.43E-14,8.71E-07,0,6.72E-07,0
25/07/2017,23,1.13,0,0,0.761521739,0,0.368478261,0,7.57E-14,1.14E-06,0,8.70E-07,0
26/07/2017,0,1.17,0,0,0.788478261,0,0.381521739,0,4.26E-14,8.57E-07,0,6.61E-07,0
26/07/2017,1,0.32,0,0,0.215652174,0,0.104347826,0,7.97E-14,5.84E-07,0,4.49E-07,0
26/07/2017,2,0.84,0,0,0.566086957,0,0.273913043,0,2.93E-14,5.61E-07,0,4.28E-07,0
26/07/2017,3,1.13,0,0,0.761521739,0,0.368478261,0,7.57E-14,1.14E-06,0,8.70E-07,0
26/07/2017,4,0.28,0,0,0.188695652,0,0.091304348,0,8.01E-14,5.70E-07,0,4.40E-07,0
26/07/2017,5,0.29,0,0,0.195434783,0,0.094565217,0,9.60E-14,6.28E-07,0,4.83E-07,0
26/07/2017,6,0.38,0,0,0.256086957,0,0.123913043,0,3.49E-13,1.35E-06,0,1.06E-06,0
26/07/2017,7,0.74,0.392121,0.392121,0.234440196,0,0.113438804,0,8.02E-14,6.67E-07,0,5.18E-07,0
26/07/2017,8,0.35,0.25058,0.245882237,0.070166318,0,0.033951444,0,7.03E-13,1.18E-06,0,9.23E-07,0
26/07/2017,9,0.54,0.369461,0.364816337,0.118058556,0,0.057125108,0,1.11E-13,5.53E-07,0,4.25E-07,0
26/07/2017,10,0.26,2.28185,0.26,3.07E-27,1.607913962,0,5.32E-27,0,0,0.196525955,0,0.117915573
26/07/2017,11,0.25,0.617005,0.25,2.16E-14,0.315004018,0,2.57E-14,0,0,2.78E-07,0,3.61E-07
26/07/2017,12,0.36,0.494695,0.338102376,0.021897624,0.153002299,0,5.68E-14,0,0,2.84E-07,0,3.27E-07
26/07/2017,13,1.15,0.457256,0.457256,0.466849217,0,0.225894783,0,2.55E-14,5.28E-07,0,4.09E-07,0
26/07/2017,14,1.27,0.426624,0.426624,0.568362087,0,0.275013913,0,4.58E-14,8.18E-07,0,6.33E-07,0
26/07/2017,15,1.18,0.284747,0.284747,0.603322674,0,0.291930326,0,1.05E-13,1.20E-06,0,9.43E-07,0
26/07/2017,16,0.48,0.965224,0.48,2.98E-14,0.428483571,0,2.64E-14,0,0,6.77E-07,0,5.46E-07
26/07/2017,17,0.43,0.170294,0.170294,0.175019261,0,0.084686739,0,3.43E-13,1.16E-06,0,9.03E-07,0
26/07/2017,18,1.21,0,0,0.815434783,0,0.394565217,0,3.42E-14,7.77E-07,0,5.95E-07,0
26/07/2017,19,1.11,0,0,0.748043478,0,0.361956522,0,8.00E-14,1.17E-06,0,8.99E-07,0
26/07/2017,20,1.19,0,0,0.801956522,0,0.388043478,0,5.47E-14,9.70E-07,0,7.36E-07,0
26/07/2017,21,1.22,0,0,0.822173913,0,0.397826087,0,3.24E-14,7.59E-07,0,5.83E-07,0
26/07/2017,22,1.11,0,0,0.748043478,0,0.361956522,0,8.00E-14,1.17E-06,0,8.99E-07,0
26/07/2017,23,1.28,0,0,0.862608696,0,0.417391304,0,2.74E-14,7.16E-07,0,5.49E-07,0
27/07/2017,0,0.58,0,0,0.390869565,0,0.189130435,0,8.14E-14,8.18E-07,0,6.47E-07,0
27/07/2017,1,0.23,0,0,0.155,0,0.075,0,1.34E-13,6.83E-07,0,5.31E-07,0
27/07/2017,2,0.34,0,0,0.229130435,0,0.110869565,0,6.68E-14,5.46E-07,0,4.22E-07,0
27/07/2017,3,0.26,0,0,0.175217391,0,0.084782609,0,1.03E-13,6.25E-07,0,4.83E-07,0
27/07/2017,4,0.21,0,0,0.141521739,0,0.068478261,0,3.88E-13,1.11E-06,0,8.60E-07,0
27/07/2017,5,0.32,0,0,0.215652174,0,0.104347826,0,7.97E-14,5.84E-07,0,4.49E-07,0
27/07/2017,6,0.28,0,0,0.188695652,0,0.091304348,0,8.01E-14,5.70E-07,0,4.40E-07,0
27/07/2017,7,0.23,0.207168,0.197628666,0.021815464,0,0.01055587,0,8.64E-13,6.74E-07,0,5.26E-07,0
27/07/2017,8,0.42,0.234578,0.234578,0.124958304,0,0.060463696,0,4.42E-13,1.21E-06,0,9.38E-07,0
27/07/2017,9,1.02,1.742571,1.02,4.66E-14,0.662601696,0,2.30E-14,0,0,4.17E-07,0,4.84E-07
27/07/2017,10,0.64,2.486464,0.64,6.83E-23,1.507778303,0,1.13E-22,0,0,0.142993162,0,0.085795897
27/07/2017,11,0.29,2.856332,0.29,4.51E-15,2.006953678,0,7.00E-15,0,0,0.409853661,0,0.245912196
27/07/2017,12,0.35,1.707391,0.35,4.04E-15,1.118885625,0,6.64E-15,0,0,5.27E-07,0,4.39E-07
27/07/2017,13,0.32,2.765528,0.32,5.21E-14,1.921090627,0,5.86E-14,0,0,0.363951043,0,0.218370626
27/07/2017,14,0.27,2.086736,0.27,1.67E-15,1.459142691,0,1.88E-15,0,0,0.116992433,0,0.07019546
27/07/2017,15,0.2,0.500344,0.2,1.73E-14,0.257419286,0,2.09E-14,0,0,2.56E-07,0,2.64E-07
27/07/2017,16,0.27,0.131299,0.131299,0.093472413,0,0.045228587,0,2.12E-13,7.09E-07,0,5.47E-07,0
27/07/2017,17,0.26,0.139818,0.139818,0.080992217,0,0.039189783,0,2.25E-13,6.73E-07,0,5.18E-07,0
27/07/2017,18,0.38,0,0,0.256086957,0,0.123913043,0,3.49E-13,1.35E-06,0,1.06E-06,0
27/07/2017,19,0.3,0,0,0.202173913,0,0.097826087,0,9.19E-14,6.14E-07,0,4.72E-07,0
27/07/2017,20,0.52,0,0,0.350434783,0,0.169565217,0,8.97E-14,8.49E-07,0,6.61E-07,0
27/07/2017,21,0.42,0,0,0.283043478,0,0.136956522,0,3.20E-13,1.40E-06,0,1.09E-06,0
27/07/2017,22,1.36,0,0,0.916521739,0,0.443478261,0,8.64E-14,1.37E-06,0,1.06E-06,0
27/07/2017,23,0.89,0,0,0.599782609,0,0.290217391,0,3.26E-14,6.12E-07,0,4.66E-07,0
28/07/2017,0,0.29,0,0,0.195434783,0,0.094565217,0,9.60E-14,6.28E-07,0,4.83E-07,0
28/07/2017,1,0.34,0,0,0.229130435,0,0.110869565,0,6.68E-14,5.46E-07,0,4.22E-07,0
28/07/2017,2,0.33,0,0,0.222391304,0,0.107608696,0,6.52E-14,5.31E-07,0,4.09E-07,0
28/07/2017,3,0.3,0,0,0.202173913,0,0.097826087,0,9.19E-14,6.14E-07,0,4.72E-07,0
28/07/2017,4,0.35,0,0,0.235869565,0,0.114130435,0,1.79E-13,9.39E-07,0,7.27E-07,0
28/07/2017,5,0.29,0,0,0.195434783,0,0.094565217,0,9.60E-14,6.28E-07,0,4.83E-07,0
28/07/2017,6,0.27,0,0,0.181956522,0,0.088043478,0,8.93E-14,5.93E-07,0,4.58E-07,0
28/07/2017,7,0.33,0.159163,0.159163,0.115129283,0,0.055707717,0,1.04E-13,5.31E-07,0,4.09E-07,0
28/07/2017,8,0.45,1.200907,0.45,6.26E-15,0.639568125,0,8.00E-15,0,0,1.99E-07,0,2.43E-07
28/07/2017,9,0.33,0.823834,0.33,1.03E-14,0.42334875,0,1.25E-14,0,0,2.95E-07,0,2.99E-07
28/07/2017,10,0.36,2.484793,0.36,7.27E-14,1.690234006,0,1.20E-13,0,0,0.240534472,0,0.144320683
28/07/2017,11,0.36,3.047751,0.36,1.21E-18,2.100553616,0,1.93E-18,0,0,0.45989244,0,0.275935464
28/07/2017,12,0.32,2.900989,0.32,5.17E-16,2.019823223,0,8.53E-16,0,0,0.416733754,0,0.250040252
28/07/2017,13,0.47,0.268791,0.268791,0.13559737,0,0.06561163,0,1.79E-13,7.90E-07,0,6.14E-07,0
28/07/2017,14,0.21,0.389997,0.21,5.86E-14,0.161515446,0,4.21E-14,0,0,2.76E-07,0,2.97E-07
28/07/2017,15,0.44,1.796169,0.44,1.53E-14,1.125135804,0,2.40E-14,0,0,9.45E-07,0,8.26E-07
28/07/2017,16,0.33,1.141432,0.33,5.62E-15,0.678561429,0,8.33E-15,0,0,2.02E-07,0,2.83E-07
28/07/2017,17,0.22,0.119812,0.119812,0.067518,0,0.03267,0,3.87E-13,8.35E-07,0,6.50E-07,0
28/07/2017,18,1.25,0,0,0.842391304,0,0.407608696,0,2.82E-14,7.17E-07,0,5.49E-07,0
28/07/2017,19,1.23,0,0,0.828913043,0,0.401086957,0,2.88E-14,7.20E-07,0,5.55E-07,0
28/07/2017,20,0.82,0,0,0.552608696,0,0.267391304,0,2.64E-14,5.24E-07,0,4.04E-07,0
28/07/2017,21,0.29,0,0,0.195434783,0,0.094565217,0,9.60E-14,6.28E-07,0,4.83E-07,0
28/07/2017,22,0.34,0,0,0.229130435,0,0.110869565,0,6.68E-14,5.46E-07,0,4.22E-07,0
28/07/2017,23,0.25,0,0,0.168478261,0,0.081521739,0,1.63E-13,7.79E-07,0,6.03E-07,0
29/07/2017,0,0.27,0,0,0.181956522,0,0.088043478,0,8.93E-14,5.93E-07,0,4.58E-07,0
29/07/2017,1,0.27,0,0,0.181956522,0,0.088043478,0,8.93E-14,5.93E-07,0,4.58E-07,0
29/07/2017,2,0.25,0,0,0.168478261,0,0.081521739,0,1.63E-13,7.79E-07,0,6.03E-07,0
29/07/2017,3,0.28,0,0,0.188695652,0,0.091304348,0,8.01E-14,5.70E-07,0,4.40E-07,0
29/07/2017,4,0.25,0,0,0.168478261,0,0.081521739,0,1.63E-13,7.79E-07,0,6.03E-07,0
29/07/2017,5,0.23,0,0,0.155,0,0.075,0,1.34E-13,6.83E-07,0,5.31E-07,0
29/07/2017,6,1.02,0.000036,3.60E-05,0.687367043,0,0.332596957,0,6.61E-14,9.93E-07,0,7.60E-07,0
29/07/2017,7,1.07,0.588932,0.588932,0.324198,0,0.15687,0,4.58E-14,5.80E-07,0,4.42E-07,0
29/07/2017,8,1.24,1.447977,1.040775197,0.199224803,0.407201803,0,3.14E-14,0,0,3.91E-07,0,4.64E-07
29/07/2017,9,0.81,1.477172,0.81,6.60E-14,0.601209643,0,4.45E-14,0,0,8.94E-07,0,7.86E-07
29/07/2017,10,0.28,2.651454,0.28,1.04E-17,1.864185328,0,1.87E-17,0,0,0.333529317,0,0.20011759
29/07/2017,11,0.22,2.932306,0.22,1.89E-23,2.108246771,0,3.11E-23,0,0,0.464005221,0,0.278403133
29/07/2017,12,0.27,3.227774,0.27,1.55E-29,2.290052617,0,2.59E-29,0,0,0.565518555,0,0.339311133
29/07/2017,13,0.22,2.807288,0.22,6.32E-17,2.017125699,0,1.16E-16,0,0,0.41529165,0,0.24917499
29/07/2017,14,0.25,0.739103,0.25,4.32E-14,0.413118482,0,5.92E-14,0,0,8.01E-07,0,7.35E-07
29/07/2017,15,1.28,1.763108,1.204134103,0.075865897,0.545936229,0,3.37E-14,0,0,3.32E-07,0,5.45E-07
29/07/2017,16,1.12,0.915842,0.883504585,0.159377345,0,0.07711807,0,2.44E-13,1.03E-06,0,8.03E-07,0
29/07/2017,17,1.17,0.101129,0.101129,0.720326109,0,0.348544891,0,7.25E-14,1.06E-06,0,8.24E-07,0
29/07/2017,18,1.19,0,0,0.801956522,0,0.388043478,0,5.47E-14,9.70E-07,0,7.36E-07,0
29/07/2017,19,1.15,0,0,0.775,0,0.375,0,4.69E-14,8.93E-07,0,6.89E-07,0
29/07/2017,20,1.22,0,0,0.822173913,0,0.397826087,0,3.24E-14,7.59E-07,0,5.83E-07,0
29/07/2017,21,1.8,0,0,1.244625482,0,0.555374518,0,5.96E-19,0.033292695,0,0.029055443,0
29/07/2017,22,1.42,0,0,0.956956522,0,0.463043478,0,2.39E-14,7.61E-07,0,5.86E-07,0
29/07/2017,23,1.33,0,0,0.896304348,0,0.433695652,0,5.62E-14,1.11E-06,0,8.47E-07,0
30/07/2017,0,1.23,0,0,0.828913043,0,0.401086957,0,2.88E-14,7.20E-07,0,5.55E-07,0
30/07/2017,1,0.48,0,0,0.323478261,0,0.156521739,0,1.16E-13,9.20E-07,0,7.15E-07,0
30/07/2017,2,0.34,0,0,0.229130435,0,0.110869565,0,6.68E-14,5.46E-07,0,4.22E-07,0
30/07/2017,3,0.33,0,0,0.222391304,0,0.107608696,0,6.52E-14,5.31E-07,0,4.09E-07,0
30/07/2017,4,0.36,0,0,0.242608696,0,0.117391304,0,2.18E-13,1.07E-06,0,8.27E-07,0
30/07/2017,5,0.36,0,0,0.242608696,0,0.117391304,0,2.18E-13,1.07E-06,0,8.27E-07,0
30/07/2017,6,0.37,0,0,0.249347826,0,0.120652174,0,6.10E-14,5.67E-07,0,4.41E-07,0
30/07/2017,7,0.39,0.07851,0.07851,0.209917174,0,0.101572826,0,9.54E-14,7.13E-07,0,5.52E-07,0
30/07/2017,8,0.58,0.38239,0.379593239,0.13505673,0,0.065350031,0,3.06E-13,9.82E-07,0,7.60E-07,0
30/07/2017,9,1.35,0.376517,0.376517,0.656042891,0,0.317440109,0,8.26E-14,1.16E-06,0,9.04E-07,0
30/07/2017,10,3.41,0.256091,0.256091,2.346304266,0,0.807604734,0,6.20E-21,0.232806228,0,0.203176345,0
30/07/2017,11,1.39,2.382712,1.39,1.83E-14,0.909411429,0,9.26E-15,0,0,4.68E-07,0,4.30E-07
30/07/2017,12,1.41,1.472572,1.095077574,0.314922426,0.377494426,0,3.75E-14,0,0,5.47E-07,0,5.37E-07
30/07/2017,13,0.87,0.402018,0.402018,0.315379174,0,0.152602826,0,2.17E-13,1.26E-06,0,9.80E-07,0
30/07/2017,14,1.21,1.950606,1.21,7.71E-14,0.692361964,0,2.31E-14,0,0,5.74E-07,0,5.77E-07
30/07/2017,15,1.28,1.971209,1.28,2.83E-13,0.658292946,0,3.24E-14,0,0,7.45E-07,0,7.07E-07
30/07/2017,16,1.16,1.208156,0.89922682,0.26077318,0.30892918,0,5.86E-14,0,0,3.66E-07,0,5.00E-07
30/07/2017,17,1.22,0.087126,0.087126,0.763458565,0,0.369415435,0,3.26E-14,7.48E-07,0,5.80E-07,0
30/07/2017,18,1.29,0,0,0.869347826,0,0.420652174,0,3.66E-14,8.29E-07,0,6.31E-07,0
30/07/2017,19,1.22,0,0,0.822173913,0,0.397826087,0,3.24E-14,7.59E-07,0,5.83E-07,0
30/07/2017,20,1.63,0,0,1.106296101,0,0.523703899,0,1.11E-21,0.008241307,0,0.007192413,0
30/07/2017,21,1.27,0,0,0.855869565,0,0.414130435,0,2.81E-14,7.21E-07,0,5.52E-07,0
30/07/2017,22,1.21,0,0,0.815434783,0,0.394565217,0,3.42E-14,7.77E-07,0,5.95E-07,0
30/07/2017,23,1.28,0,0,0.862608696,0,0.417391304,0,2.74E-14,7.16E-07,0,5.49E-07,0
31/07/2017,0,1.28,0,0,0.862608696,0,0.417391304,0,2.74E-14,7.16E-07,0,5.49E-07,0
31/07/2017,1,1.29,0,0,0.869347826,0,0.420652174,0,3.66E-14,8.29E-07,0,6.31E-07,0
31/07/2017,2,0.44,0,0,0.296521739,0,0.143478261,0,2.73E-13,1.35E-06,0,1.06E-06,0
31/07/2017,3,0.35,0,0,0.235869565,0,0.114130435,0,1.79E-13,9.39E-07,0,7.27E-07,0
31/07/2017,4,0.28,0,0,0.188695652,0,0.091304348,0,8.01E-14,5.70E-07,0,4.40E-07,0
31/07/2017,5,0.28,0,0,0.188695652,0,0.091304348,0,8.01E-14,5.70E-07,0,4.40E-07,0
31/07/2017,6,0.33,0,0,0.222391304,0,0.107608696,0,6.52E-14,5.31E-07,0,4.09E-07,0
31/07/2017,7,0.25,0.046951,0.046951,0.13683737,0,0.06621163,0,5.01E-13,1.27E-06,0,9.77E-07,0
31/07/2017,8,0.56,0.140464,0.140464,0.282730783,0,0.136805217,0,1.51E-13,1.01E-06,0,7.88E-07,0
31/07/2017,9,0.6,0.324728,0.324728,0.185509391,0,0.089762609,0,1.22E-13,7.60E-07,0,5.88E-07,0
31/07/2017,10,0.35,0.253878,0.248679557,0.068281168,0,0.033039275,0,6.94E-13,1.15E-06,0,9.05E-07,0
31/07/2017,11,0.37,0.308219,0.296676226,0.049413848,0,0.023909926,0,5.80E-13,8.76E-07,0,6.82E-07,0
31/07/2017,12,0.37,0.459288,0.324137885,0.045862115,0.134649566,0,5.72E-14,0,0,3.50E-07,0,3.71E-07
31/07/2017,13,0.39,0.442255,0.32065418,0.06934582,0.12160082,0,1.20E-13,0,0,5.82E-07,0,5.30E-07
31/07/2017,14,1.1,0.36505,0.36505,0.495292391,0,0.239657609,0,4.04E-14,7.01E-07,0,5.44E-07,0
31/07/2017,15,1.21,0.18723,0.18723,0.689258043,0,0.333511957,0,2.57E-14,6.40E-07,0,4.94E-07,0
31/07/2017,16,1.16,0.127172,0.127172,0.696036261,0,0.336791739,0,3.07E-14,6.93E-07,0,5.31E-07,0
31/07/2017,17,1.09,0.077833,0.077833,0.682112543,0,0.330054457,0,2.05E-14,5.81E-07,0,4.46E-07,0
31/07/2017,18,1.17,0,0,0.788478261,0,0.381521739,0,4.26E-14,8.57E-07,0,6.61E-07,0
31/07/2017,19,1.34,0,0,0.903043478,0,0.436956522,0,2.04E-14,6.78E-07,0,5.19E-07,0
31/07/2017,20,1.16,0,0,0.78173913,0,0.37826087,0,4.43E-14,8.71E-07,0,6.72E-07,0
31/07/2017,21,1.2,0,0,0.808695652,0,0.391304348,0,4.60E-14,8.90E-07,0,6.81E-07,0
31/07/2017,22,1.46,0,0,0.983913043,0,0.476086957,0,2.86E-14,7.97E-07,0,6.09E-07,0
31/07/2017,23,1.41,0,0,0.950217391,0,0.459782609,0,2.32E-14,7.43E-07,0,5.72E-07,0
01/08/2017,0,1.04,0,0,0.700869565,0,0.339130435,0,7.50E-14,1.09E-06,0,8.49E-07,0
01/08/2017,1,0.97,0,0,0.653695652,0,0.316304348,0,9.83E-14,1.14E-06,0,8.86E-07,0
01/08/2017,2,1.06,0,0,0.714347826,0,0.345652174,0,9.86E-14,1.29E-06,0,9.96E-07,0
01/08/2017,3,0.22,0,0,0.14826087,0,0.07173913,0,2.71E-13,9.78E-07,0,7.67E-07,0
01/08/2017,4,0.31,0,0,0.208913043,0,0.101086957,0,8.52E-14,5.97E-07,0,4.59E-07,0
01/08/2017,5,0.29,0,0,0.195434783,0,0.094565217,0,9.60E-14,6.28E-07,0,4.83E-07,0
01/08/2017,6,0.22,0,0,0.14826087,0,0.07173913,0,2.71E-13,9.78E-07,0,7.67E-07,0
01/08/2017,7,0.31,0.058804,0.058804,0.169284261,0,0.081911739,0,2.65E-13,1.01E-06,0,7.93E-07,0
01/08/2017,8,1.15,0.15459,0.15459,0.670819783,0,0.324590217,0,3.01E-14,6.73E-07,0,5.18E-07,0
01/08/2017,9,0.27,0.206325,0.200724339,0.046685771,0,0.022589889,0,1.13E-12,1.19E-06,0,9.28E-07,0
01/08/2017,10,0.31,0.271726,0.260007302,0.033690731,0,0.016301967,0,9.09E-13,9.22E-07,0,7.24E-07,0
01/08/2017,11,0.76,1.28942,0.76,2.29E-14,0.486498214,0,1.08E-14,0,0,4.50E-07,0,3.54E-07
01/08/2017,12,0.25,2.8784,0.25,5.19E-25,2.049277331,0,8.53E-25,0,0,0.43248,0,0.259488
01/08/2017,13,0.23,2.609487,0.23,1.90E-17,1.866395972,0,3.41E-17,0,0,0.334711133,0,0.20082668
01/08/2017,14,0.26,1.729703,0.26,2.86E-15,1.201904196,0,4.97E-15,0,0,4.02E-07,0,3.86E-07
01/08/2017,15,0.23,0.740392,0.23,2.33E-14,0.428618571,0,3.35E-14,0,0,5.30E-07,0,5.22E-07
01/08/2017,16,0.22,0.121968,0.121968,0.066065043,0,0.031966957,0,4.51E-13,8.89E-07,0,6.91E-07,0
01/08/2017,17,0.27,0.070908,0.070908,0.134170696,0,0.064921304,0,2.45E-13,8.55E-07,0,6.69E-07,0
01/08/2017,18,1.19,0,0,0.801956522,0,0.388043478,0,5.47E-14,9.70E-07,0,7.36E-07,0
01/08/2017,19,1.22,0,0,0.822173913,0,0.397826087,0,3.24E-14,7.59E-07,0,5.83E-07,0
01/08/2017,20,1.26,0,0,0.849130435,0,0.410869565,0,2.77E-14,7.14E-07,0,5.47E-07,0
01/08/2017,21,1.42,0,0,0.956956522,0,0.463043478,0,2.39E-14,7.61E-07,0,5.86E-07,0
01/08/2017,22,1.28,0,0,0.862608696,0,0.417391304,0,2.74E-14,7.16E-07,0,5.49E-07,0
01/08/2017,23,1.23,0,0,0.828913043,0,0.401086957,0,2.88E-14,7.20E-07,0,5.55E-07,0
02/08/2017,0,1.29,0,0,0.869347826,0,0.420652174,0,3.66E-14,8.29E-07,0,6.31E-07,0
02/08/2017,1,0.58,0,0,0.390869565,0,0.189130435,0,8.14E-14,8.18E-07,0,6.47E-07,0
02/08/2017,2,0.28,0,0,0.188695652,0,0.091304348,0,8.01E-14,5.70E-07,0,4.40E-07,0
02/08/2017,3,0.35,0,0,0.235869565,0,0.114130435,0,1.79E-13,9.39E-07,0,7.27E-07,0
02/08/2017,4,0.32,0,0,0.215652174,0,0.104347826,0,7.97E-14,5.84E-07,0,4.49E-07,0
02/08/2017,5,0.25,0,0,0.168478261,0,0.081521739,0,1.63E-13,7.79E-07,0,6.03E-07,0
02/08/2017,6,0.33,0,0,0.222391304,0,0.107608696,0,6.52E-14,5.31E-07,0,4.09E-07,0
02/08/2017,7,0.36,0.130066,0.130066,0.154955522,0,0.074978478,0,8.18E-14,5.59E-07,0,4.31E-07,0
02/08/2017,8,1.27,0.260676,0.260676,0.680196609,0,0.329127391,0,2.49E-14,6.59E-07,0,5.12E-07,0
02/08/2017,9,1.16,0.396969,0.396969,0.514216543,0,0.248814457,0,1.46E-13,1.34E-06,0,1.05E-06,0
02/08/2017,10,1.15,0.492774,0.492774,0.442913174,0,0.214312826,0,2.62E-14,5.24E-07,0,4.06E-07,0
02/08/2017,11,1.33,0.557857,0.557857,0.520357239,0,0.251785761,0,1.16E-13,1.25E-06,0,9.80E-07,0
02/08/2017,12,1.18,0.543713,0.543713,0.428802109,0,0.207484891,0,1.42E-13,1.23E-06,0,9.60E-07,0
02/08/2017,13,1.22,0.359238,0.359238,0.580078739,0,0.280683261,0,1.96E-14,5.27E-07,0,4.12E-07,0
02/08/2017,14,1.15,0.432323,0.432323,0.483651891,0,0.234025109,0,1.48E-13,1.29E-06,0,1.00E-06,0
02/08/2017,15,1.16,0.307937,0.307937,0.57421637,0,0.27784663,0,1.99E-14,5.11E-07,0,3.96E-07,0
02/08/2017,16,1.4,0.702695,0.702695,0.469922935,0,0.227382065,0,1.43E-13,1.23E-06,0,9.59E-07,0
02/08/2017,17,1.22,0.367588,0.367588,0.574451565,0,0.277960435,0,1.95E-14,5.29E-07,0,4.13E-07,0
02/08/2017,18,1.31,0,0,0.882826087,0,0.427173913,0,3.26E-14,7.85E-07,0,5.96E-07,0
02/08/2017,19,1.37,0,0,0.92326087,0,0.44673913,0,2.12E-14,6.80E-07,0,5.21E-07,0
02/08/2017,20,1.22,0,0,0.822173913,0,0.397826087,0,3.24E-14,7.59E-07,0,5.83E-07,0
02/08/2017,21,1.14,0,0,0.76826087,0,0.37173913,0,3.67E-14,7.78E-07,0,5.92E-07,0
02/08/2017,22,1.22,0,0,0.822173913,0,0.397826087,0,3.24E-14,7.59E-07,0,5.83E-07,0
02/08/2017,23,1.28,0,0,0.862608696,0,0.417391304,0,2.74E-14,7.16E-07,0,5.49E-07,0
03/08/2017,0,1.16,0,0,0.78173913,0,0.37826087,0,4.43E-14,8.71E-07,0,6.72E-07,0
03/08/2017,1,1.15,0,0,0.775,0,0.375,0,4.69E-14,8.93E-07,0,6.89E-07,0
03/08/2017,2,1.22,0,0,0.822173913,0,0.397826087,0,3.24E-14,7.59E-07,0,5.83E-07,0
03/08/2017,3,0.86,0,0,0.579565217,0,0.280434783,0,3.12E-14,5.85E-07,0,4.46E-07,0
03/08/2017,4,0.22,0,0,0.14826087,0,0.07173913,0,2.71E-13,9.78E-07,0,7.67E-07,0
03/08/2017,5,0.29,0,0,0.195434783,0,0.094565217,0,9.60E-14,6.28E-07,0,4.83E-07,0
03/08/2017,6,0.27,0,0,0.181956522,0,0.088043478,0,8.93E-14,5.93E-07,0,4.58E-07,0
03/08/2017,7,0.23,0.083052,0.083052,0.099030174,0,0.047917826,0,1.94E-13,6.64E-07,0,5.21E-07,0
03/08/2017,8,0.29,0.942369,0.29,1.04E-14,0.547528661,0,1.50E-14,0,0,4.83E-07,0,4.22E-07
03/08/2017,9,1.21,1.474753,1.047005623,0.162994377,0.427747377,0,3.42E-14,0,0,3.29E-07,0,4.94E-07
03/08/2017,10,1.19,0.380235,0.380235,0.545711196,0,0.264053804,0,1.29E-13,1.31E-06,0,1.02E-06,0
03/08/2017,11,1.4,2.860092,1.4,2.18E-15,1.281390818,0,2.00E-15,0,0,0.022935438,0,0.013761263
03/08/2017,12,2.94,2.510235,2.409234358,0.357689889,0,0.173075753,0,4.53E-14,5.80E-07,0,4.46E-07,0
03/08/2017,13,2.85,3.010432,2.230711344,0.619288656,0.779720656,0,2.23E-14,0,0,9.47E-07,0,7.48E-07
03/08/2017,14,1.32,2.212945,1.32,3.64E-14,0.823616518,0,1.58E-14,0,0,4.23E-07,0,4.71E-07
03/08/2017,15,1.32,1.747424,1.208126888,0.111873112,0.530445376,0,3.44E-14,0,0,3.24E-07,0,5.41E-07
03/08/2017,16,1.4,1.08473,1.053428027,0.233559373,0,0.1130126,0,1.39E-13,8.99E-07,0,6.89E-07,0
03/08/2017,17,1.32,0.349103,0.349103,0.654300152,0,0.316596848,0,9.02E-14,1.21E-06,0,9.43E-07,0
03/08/2017,18,1.32,0,0,0.889565217,0,0.430434783,0,3.24E-14,7.84E-07,0,5.96E-07,0
03/08/2017,19,1.29,0,0,0.869347826,0,0.420652174,0,3.66E-14,8.29E-07,0,6.31E-07,0
03/08/2017,20,1.25,0,0,0.842391304,0,0.407608696,0,2.82E-14,7.17E-07,0,5.49E-07,0
03/08/2017,21,2.09,0,0,1.480599131,0,0.609400869,0,1.09E-19,0.076027417,0,0.0663512,0
03/08/2017,22,1.43,0,0,0.963695652,0,0.466304348,0,2.50E-14,7.78E-07,0,5.99E-07,0
03/08/2017,23,1.33,0,0,0.896304348,0,0.433695652,0,5.62E-14,1.11E-06,0,8.47E-07,0
04/08/2017,0,1.31,0,0,0.882826087,0,0.427173913,0,3.26E-14,7.85E-07,0,5.96E-07,0
04/08/2017,1,1.34,0,0,0.903043478,0,0.436956522,0,2.04E-14,6.78E-07,0,5.19E-07,0
04/08/2017,2,1.27,0,0,0.855869565,0,0.414130435,0,2.81E-14,7.21E-07,0,5.52E-07,0
04/08/2017,3,0.93,0,0,0.62673913,0,0.30326087,0,7.38E-14,9.64E-07,0,7.40E-07,0
04/08/2017,4,1.18,0,0,0.795217391,0,0.384782609,0,5.49E-14,9.75E-07,0,7.45E-07,0
04/08/2017,5,1.18,0,0,0.795217391,0,0.384782609,0,5.49E-14,9.75E-07,0,7.45E-07,0
04/08/2017,6,1.15,0.009087,0.009087,0.768876152,0,0.372036848,0,2.13E-14,5.97E-07,0,4.57E-07,0
04/08/2017,7,1.22,0.345499,0.345499,0.58933763,0,0.28516337,0,1.97E-14,5.32E-07,0,4.14E-07,0
04/08/2017,8,1.32,0.707477,0.707477,0.412787239,0,0.199735761,0,3.29E-14,5.96E-07,0,4.66E-07,0
04/08/2017,9,1.32,0.380805,0.380805,0.632935761,0,0.306259239,0,3.65E-14,7.71E-07,0,5.99E-07,0
04/08/2017,10,0.63,0.329181,0.329181,0.202725848,0,0.098093152,0,1.04E-13,7.28E-07,0,5.63E-07,0
04/08/2017,11,0.34,0.309576,0.294969195,0.030346847,0,0.014683958,0,8.31E-13,8.23E-07,0,6.42E-07,0
04/08/2017,12,0.64,0.483721,0.471256902,0.113718175,0,0.055024923,0,1.42E-13,6.28E-07,0,4.85E-07,0
04/08/2017,13,1.07,0.296194,0.296194,0.521477957,0,0.252328043,0,2.50E-14,5.37E-07,0,4.19E-07,0
04/08/2017,14,1.19,0.254443,0.254443,0.630484065,0,0.305072935,0,8.34E-14,1.12E-06,0,8.70E-07,0
04/08/2017,15,1.12,1.148263,0.858953328,0.261046672,0.289309672,0,7.29E-14,0,0,4.83E-07,0,5.95E-07
04/08/2017,16,1.08,0.567181,0.567181,0.345595413,0,0.167223587,0,5.16E-14,6.47E-07,0,4.95E-07,0
04/08/2017,17,1.18,0.310392,0.310392,0.586040174,0,0.283567826,0,2.01E-14,5.27E-07,0,4.08E-07,0
04/08/2017,18,1.21,0,0,0.815434783,0,0.394565217,0,3.42E-14,7.77E-07,0,5.95E-07,0
04/08/2017,19,1.32,0,0,0.889565217,0,0.430434783,0,3.24E-14,7.84E-07,0,5.96E-07,0
04/08/2017,20,1.22,0,0,0.822173913,0,0.397826087,0,3.24E-14,7.59E-07,0,5.83E-07,0
04/08/2017,21,1.84,0,0,1.277173571,0,0.562826429,0,4.22E-22,0.03918714,0,0.034199686,0
04/08/2017,22,1.27,0,0,0.855869565,0,0.414130435,0,2.81E-14,7.21E-07,0,5.52E-07,0
04/08/2017,23,1.28,0,0,0.862608696,0,0.417391304,0,2.74E-14,7.16E-07,0,5.49E-07,0
05/08/2017,0,0.86,0,0,0.579565217,0,0.280434783,0,3.12E-14,5.85E-07,0,4.46E-07,0
05/08/2017,1,0.36,0,0,0.242608696,0,0.117391304,0,2.18E-13,1.07E-06,0,8.27E-07,0
05/08/2017,2,0.31,0,0,0.208913043,0,0.101086957,0,8.52E-14,5.97E-07,0,4.59E-07,0
05/08/2017,3,0.32,0,0,0.215652174,0,0.104347826,0,7.97E-14,5.84E-07,0,4.49E-07,0
05/08/2017,4,0.4,0,0,0.269565217,0,0.130434783,0,9.36E-14,7.27E-07,0,5.71E-07,0
05/08/2017,5,1.07,0,0,0.721086957,0,0.348913043,0,7.70E-14,1.16E-06,0,8.89E-07,0
05/08/2017,6,1.16,0.065036,0.065036,0.737910522,0,0.357053478,0,1.99E-14,6.00E-07,0,4.59E-07,0
05/08/2017,7,1.27,0.733193,0.733193,0.361761239,0,0.175045761,0,7.01E-14,8.38E-07,0,6.59E-07,0
05/08/2017,8,1.18,1.441803,1.022829223,0.157170777,0.41886699,0,2.89E-14,0,0,3.88E-07,0,4.12E-07
05/08/2017,9,2.82,2.228096,2.158495685,0.445796386,0,0.215707929,0,3.15E-14,6.39E-07,0,4.92E-07,0
05/08/2017,10,1.33,2.886102,1.33,1.50E-22,1.346388766,0,1.53E-22,0,0,0.056983154,0,0.034189893
05/08/2017,11,1.26,2.791614,1.26,5.73E-22,1.323467246,0,6.28E-22,0,0,0.044562846,0,0.026737707
05/08/2017,12,1.11,1.446736,1.00514281,0.10485719,0.435622075,0,3.64E-14,0,0,3.95E-07,0,4.99E-07
05/08/2017,13,1.25,0.846127,0.836757996,0.278489176,0,0.134752827,0,1.87E-13,1.11E-06,0,8.45E-07,0
05/08/2017,14,1.25,0.737849,0.737849,0.345145239,0,0.167005761,0,6.15E-14,7.63E-07,0,5.96E-07,0
05/08/2017,15,1.19,0.207014,0.207014,0.662447087,0,0.320538913,0,1.01E-13,1.23E-06,0,9.59E-07,0
05/08/2017,16,0.45,0.238985,0.238985,0.142205761,0,0.068809239,0,2.95E-13,1.05E-06,0,8.14E-07,0
05/08/2017,17,0.58,0.201947,0.201947,0.254774848,0,0.123278152,0,1.76E-13,1.07E-06,0,8.43E-07,0
05/08/2017,18,0.39,0,0,0.262826087,0,0.127173913,0,3.46E-13,1.38E-06,0,1.08E-06,0
05/08/2017,19,0.37,0,0,0.249347826,0,0.120652174,0,6.10E-14,5.67E-07,0,4.41E-07,0
05/08/2017,20,0.96,0,0,0.646956522,0,0.313043478,0,2.70E-14,5.99E-07,0,4.61E-07,0
05/08/2017,21,1.25,0,0,0.842391304,0,0.407608696,0,2.82E-14,7.17E-07,0,5.49E-07,0
05/08/2017,22,1.26,0,0,0.849130435,0,0.410869565,0,2.77E-14,7.14E-07,0,5.47E-07,0
05/08/2017,23,0.77,0,0,0.518913043,0,0.251086957,0,1.67E-13,1.32E-06,0,1.03E-06,0
06/08/2017,0,0.38,0,0,0.256086957,0,0.123913043,0,3.49E-13,1.35E-06,0,1.06E-06,0
06/08/2017,1,0.31,0,0,0.208913043,0,0.101086957,0,8.52E-14,5.97E-07,0,4.59E-07,0
06/08/2017,2,0.29,0,0,0.195434783,0,0.094565217,0,9.60E-14,6.28E-07,0,4.83E-07,0
06/08/2017,3,0.28,0,0,0.188695652,0,0.091304348,0,8.01E-14,5.70E-07,0,4.40E-07,0
06/08/2017,4,0.3,0,0,0.202173913,0,0.097826087,0,9.19E-14,6.14E-07,0,4.72E-07,0
06/08/2017,5,0.36,0,0,0.242608696,0,0.117391304,0,2.18E-13,1.07E-06,0,8.27E-07,0
06/08/2017,6,0.37,0,0,0.249347826,0,0.120652174,0,6.10E-14,5.67E-07,0,4.41E-07,0
06/08/2017,7,0.29,0.07827,0.07827,0.142687609,0,0.069042391,0,2.26E-13,8.68E-07,0,6.77E-07,0
06/08/2017,8,0.44,0.380938,0.365024241,0.050527142,0,0.024448617,0,3.09E-13,6.12E-07,0,4.71E-07,0
06/08/2017,9,0.94,1.176376,0.82801721,0.11198279,0.346468268,0,6.95E-14,0,0,5.00E-07,0,7.14E-07
06/08/2017,10,1.57,0.717633,0.717633,0.574421239,0,0.277945761,0,2.04E-14,5.04E-07,0,3.85E-07,0
06/08/2017,11,1.29,1.833339,1.240370603,0.049629397,0.5761651,0,3.21E-14,0,0,3.30E-07,0,5.43E-07
06/08/2017,12,2.59,3.098877,2.211724377,0.378275623,0.887152623,0,3.43E-14,0,0,8.96E-07,0,8.55E-07
06/08/2017,13,3.33,2.997689,2.859840701,0.316846484,0,0.153312815,0,3.54E-14,6.01E-07,0,4.69E-07,0
06/08/2017,14,1.09,0.771117,0.757892723,0.223811426,0,0.108295851,0,2.70E-13,1.20E-06,0,9.18E-07,0
06/08/2017,15,1.28,0.79445,0.79445,0.327218478,0,0.158331522,0,1.12E-13,9.22E-07,0,7.03E-07,0
06/08/2017,16,1.09,0.843095,0.818943516,0.1826685,0,0.088387984,0,1.43E-13,7.99E-07,0,6.08E-07,0
06/08/2017,17,1.15,0.263206,0.263206,0.597622043,0,0.289171957,0,6.17E-14,9.74E-07,0,7.60E-07,0
06/08/2017,18,1.17,0,0,0.788478261,0,0.381521739,0,4.26E-14,8.57E-07,0,6.61E-07,0
06/08/2017,19,1.24,0,0,0.835652174,0,0.404347826,0,2.88E-14,7.23E-07,0,5.53E-07,0
06/08/2017,20,1.18,0,0,0.795217391,0,0.384782609,0,5.49E-14,9.75E-07,0,7.45E-07,0
06/08/2017,21,1.19,0,0,0.801956522,0,0.388043478,0,5.47E-14,9.70E-07,0,7.36E-07,0
06/08/2017,22,1.15,0,0,0.775,0,0.375,0,4.69E-14,8.93E-07,0,6.89E-07,0
06/08/2017,23,1.15,0,0,0.775,0,0.375,0,4.69E-14,8.93E-07,0,6.89E-07,0
07/08/2017,0,0.75,0,0,0.505434783,0,0.244565217,0,2.58E-14,5.13E-07,0,4.03E-07,0
07/08/2017,1,0.28,0,0,0.188695652,0,0.091304348,0,8.01E-14,5.70E-07,0,4.40E-07,0
07/08/2017,2,0.31,0,0,0.208913043,0,0.101086957,0,8.52E-14,5.97E-07,0,4.59E-07,0
07/08/2017,3,0.23,0,0,0.155,0,0.075,0,1.34E-13,6.83E-07,0,5.31E-07,0
07/08/2017,4,0.2,0,0,0.134782609,0,0.065217391,0,6.50E-13,1.38E-06,0,1.08E-06,0
07/08/2017,5,0.21,0,0,0.141521739,0,0.068478261,0,3.88E-13,1.11E-06,0,8.60E-07,0
07/08/2017,6,0.28,0.076709,0.076709,0.137000457,0,0.066290543,0,2.30E-13,8.51E-07,0,6.64E-07,0
07/08/2017,7,0.42,0.751506,0.42,3.18E-14,0.30013875,0,1.99E-14,0,0,3.05E-07,0,3.21E-07
07/08/2017,8,0.35,1.492531,0.35,1.17E-14,0.946230268,0,1.86E-14,0,0,5.32E-07,0,5.67E-07
07/08/2017,9,0.99,2.113337,0.99,1.95E-14,0.982235089,0,1.94E-14,0,0,2.94E-07,0,5.47E-07
07/08/2017,10,1.14,0.345855,0.345855,0.535184674,0,0.258960326,0,4.28E-14,7.30E-07,0,5.67E-07,0
07/08/2017,11,1.51,2.934705,1.51,1.62E-17,1.263513623,0,1.32E-17,0,0,0.01396706,0,0.008380236
07/08/2017,12,1.52,3.085992,1.52,5.37E-16,1.36732349,0,4.80E-16,0,0,0.068877288,0,0.041326373
07/08/2017,13,1.36,2.272326,1.36,3.59E-14,0.842404821,0,1.52E-14,0,0,4.89E-07,0,4.90E-07
07/08/2017,14,1.3,1.528444,1.096422361,0.203577639,0.432021639,0,3.04E-14,0,0,3.56E-07,0,4.63E-07
07/08/2017,15,1.33,1.438071,1.057872148,0.272127852,0.380198852,0,3.57E-14,0,0,4.83E-07,0,4.77E-07
07/08/2017,16,1.38,0.789912,0.789912,0.397668,0,0.19242,0,1.69E-13,1.37E-06,0,1.06E-06,0
07/08/2017,17,1.31,0.174397,0.174397,0.765297674,0,0.370305326,0,1.86E-14,5.75E-07,0,4.39E-07,0
07/08/2017,18,1.35,0,0,0.909782609,0,0.440217391,0,2.28E-14,7.14E-07,0,5.47E-07,0
07/08/2017,19,1.39,0,0,0.93673913,0,0.45326087,0,2.28E-14,7.09E-07,0,5.43E-07,0
07/08/2017,20,1.35,0,0,0.909782609,0,0.440217391,0,2.28E-14,7.14E-07,0,5.47E-07,0
07/08/2017,21,1.74,0,0,1.195803347,0,0.544196653,0,7.70E-21,0.024451029,0,0.02133908,0
07/08/2017,22,1.46,0,0,0.983913043,0,0.476086957,0,2.86E-14,7.97E-07,0,6.09E-07,0
07/08/2017,23,1.35,0,0,0.909782609,0,0.440217391,0,2.28E-14,7.14E-07,0,5.47E-07,0
08/08/2017,0,1.32,0,0,0.889565217,0,0.430434783,0,3.24E-14,7.84E-07,0,5.96E-07,0
08/08/2017,1,0.37,0,0,0.249347826,0,0.120652174,0,6.10E-14,5.67E-07,0,4.41E-07,0
08/08/2017,2,0.34,0,0,0.229130435,0,0.110869565,0,6.68E-14,5.46E-07,0,4.22E-07,0
08/08/2017,3,0.3,0,0,0.202173913,0,0.097826087,0,9.19E-14,6.14E-07,0,4.72E-07,0
08/08/2017,4,0.25,0,0,0.168478261,0,0.081521739,0,1.63E-13,7.79E-07,0,6.03E-07,0
08/08/2017,5,0.31,0,0,0.208913043,0,0.101086957,0,8.52E-14,5.97E-07,0,4.59E-07,0
08/08/2017,6,0.34,0,0,0.229130435,0,0.110869565,0,6.68E-14,5.46E-07,0,4.22E-07,0
08/08/2017,7,0.45,0.447043,0.422046306,0.018838359,0,0.009115335,0,1.03E-12,7.08E-07,0,5.47E-07,0
08/08/2017,8,1.32,1.529168,1.101708328,0.218291672,0.427459672,0,3.86E-14,0,0,3.29E-07,0,4.94E-07
08/08/2017,9,1.87,1.955477,1.453603066,0.416396934,0.501873934,0,3.93E-14,0,0,7.17E-07,0,6.38E-07
08/08/2017,10,1.23,1.987944,1.23,7.28E-14,0.707901429,0,2.25E-14,0,0,6.28E-07,0,5.84E-07
08/08/2017,11,3.98,2.963382,2.892665741,0.73276874,0,0.354565519,0,1.03E-13,1.41E-06,0,1.10E-06,0
08/08/2017,12,1.95,3.193052,1.95,2.46E-14,1.1555775,0,8.74E-15,0,0,4.67E-07,0,4.29E-07
08/08/2017,13,1.25,2.817955,1.25,3.16E-23,1.349243905,0,3.36E-23,0,0,0.058240246,0,0.034944148
08/08/2017,14,1.25,2.607623,1.25,1.35E-14,1.191393482,0,1.29E-14,0,0,3.69E-07,0,5.33E-07
08/08/2017,15,1.2,1.913742,1.2,3.69E-14,0.66997125,0,9.53E-15,0,0,3.55E-07,0,3.49E-07
08/08/2017,16,1.15,1.175409,0.880125885,0.269874115,0.295283115,0,6.04E-14,0,0,4.14E-07,0,5.10E-07
08/08/2017,17,1.23,0.504671,0.504671,0.488808674,0,0.236520326,0,2.46E-14,5.39E-07,0,4.18E-07,0
08/08/2017,18,1.04,0,0,0.700869565,0,0.339130435,0,7.50E-14,1.09E-06,0,8.49E-07,0
08/08/2017,19,1.05,0,0,0.707608696,0,0.342391304,0,1.87E-14,5.54E-07,0,4.26E-07,0
08/08/2017,20,1.29,0,0,0.869347826,0,0.420652174,0,3.66E-14,8.29E-07,0,6.31E-07,0
08/08/2017,21,1.31,0,0,0.882826087,0,0.427173913,0,3.26E-14,7.85E-07,0,5.96E-07,0
08/08/2017,22,1.29,0,0,0.869347826,0,0.420652174,0,3.66E-14,8.29E-07,0,6.31E-07,0
08/08/2017,23,1.2,0,0,0.808695652,0,0.391304348,0,4.60E-14,8.90E-07,0,6.81E-07,0
09/08/2017,0,0.62,0,0,0.417826087,0,0.202173913,0,7.85E-14,8.25E-07,0,6.43E-07,0
09/08/2017,1,0.3,0,0,0.202173913,0,0.097826087,0,9.19E-14,6.14E-07,0,4.72E-07,0
09/08/2017,2,0.3,0,0,0.202173913,0,0.097826087,0,9.19E-14,6.14E-07,0,4.72E-07,0
09/08/2017,3,0.33,0,0,0.222391304,0,0.107608696,0,6.52E-14,5.31E-07,0,4.09E-07,0
09/08/2017,4,0.26,0,0,0.175217391,0,0.084782609,0,1.03E-13,6.25E-07,0,4.83E-07,0
09/08/2017,5,0.22,0,0,0.14826087,0,0.07173913,0,2.71E-13,9.78E-07,0,7.67E-07,0
09/08/2017,6,0.26,0.084375,0.084375,0.118355978,0,0.057269022,0,4.54E-13,1.10E-06,0,8.65E-07,0
09/08/2017,7,0.53,0.731131,0.499106709,0.030893291,0.22655488,0,2.65E-14,0,0,2.03E-07,0,2.33E-07
09/08/2017,8,1.3,1.347619,1.004527689,0.295472311,0.343091311,0,2.36E-14,0,0,2.67E-07,0,3.64E-07
09/08/2017,9,1.12,2.038573,1.12,2.79E-14,0.828139018,0,1.87E-14,0,0,5.06E-07,0,5.30E-07
09/08/2017,10,1.25,2.683512,1.25,3.52E-20,1.251166633,0,3.52E-20,0,0,0.006306186,0,0.003783712
09/08/2017,11,1.18,2.477818,1.18,1.46E-14,1.137710893,0,1.41E-14,0,0,3.60E-07,0,5.34E-07
09/08/2017,12,1.22,1.08883,1.039757468,0.121467793,0,0.058774739,0,1.19E-13,6.12E-07,0,4.78E-07,0
09/08/2017,13,1.27,1.647466,1.146317517,0.123682483,0.494823403,0,1.14E-14,0,0,1.75E-07,0,2.28E-07
09/08/2017,14,1.2,0.994923,0.958201438,0.162951205,0,0.078847357,0,3.90E-13,1.23E-06,0,9.35E-07,0
09/08/2017,15,1.23,0.70223,0.70223,0.355671087,0,0.172098913,0,5.66E-14,7.54E-07,0,5.97E-07,0
09/08/2017,16,1.17,0.433973,0.433973,0.496018196,0,0.240008804,0,2.42E-14,5.31E-07,0,4.10E-07,0
09/08/2017,17,1.41,0.418566,0.418566,0.668140304,0,0.323293696,0,7.03E-14,1.09E-06,0,8.48E-07,0
09/08/2017,18,1.47,0,0,0.990652174,0,0.479347826,0,2.66E-14,7.59E-07,0,5.81E-07,0
09/08/2017,19,1.25,0,0,0.842391304,0,0.407608696,0,2.82E-14,7.17E-07,0,5.49E-07,0
09/08/2017,20,1.27,0,0,0.855869565,0,0.414130435,0,2.81E-14,7.21E-07,0,5.52E-07,0
09/08/2017,21,1.27,0,0,0.855869565,0,0.414130435,0,2.81E-14,7.21E-07,0,5.52E-07,0
09/08/2017,22,1.3,0,0,0.876086957,0,0.423913043,0,2.70E-14,7.12E-07,0,5.43E-07,0
09/08/2017,23,1.32,0,0,0.889565217,0,0.430434783,0,3.24E-14,7.84E-07,0,5.96E-07,0
10/08/2017,0,1.3,0,0,0.876086957,0,0.423913043,0,2.70E-14,7.12E-07,0,5.43E-07,0
10/08/2017,1,0.35,0,0,0.235869565,0,0.114130435,0,1.79E-13,9.39E-07,0,7.27E-07,0
10/08/2017,2,0.28,0,0,0.188695652,0,0.091304348,0,8.01E-14,5.70E-07,0,4.40E-07,0
10/08/2017,3,0.3,0,0,0.202173913,0,0.097826087,0,9.19E-14,6.14E-07,0,4.72E-07,0
10/08/2017,4,0.34,0,0,0.229130435,0,0.110869565,0,6.68E-14,5.46E-07,0,4.22E-07,0
10/08/2017,5,0.3,0,0,0.202173913,0,0.097826087,0,9.19E-14,6.14E-07,0,4.72E-07,0
10/08/2017,6,0.38,0.103847,0.103847,0.186103109,0,0.090049891,0,7.61E-14,5.98E-07,0,4.62E-07,0
10/08/2017,7,0.81,0.714004,0.682775366,0.085738341,0,0.041486294,0,3.85E-13,8.82E-07,0,6.85E-07,0
10/08/2017,8,1.07,1.648163,1.07,2.21E-13,0.550577411,0,2.55E-14,0,0,3.47E-07,0,5.08E-07
10/08/2017,9,1.67,2.230921,1.53804626,0.13195374,0.680367348,0,4.39E-14,0,0,9.56E-07,0,8.34E-07
10/08/2017,10,3.98,2.515794,2.513027486,0.988611911,0,0.478360602,0,9.98E-15,4.98E-07,0,4.00E-07,0
10/08/2017,11,2.69,2.246902,2.16206193,0.355784352,0,0.172153719,0,5.21E-14,6.25E-07,0,4.79E-07,0
10/08/2017,12,1.38,1.71424,1.209526418,0.170473582,0.502767501,0,2.94E-14,0,0,4.99E-07,0,5.27E-07
10/08/2017,13,1.29,0.418463,0.418463,0.587340152,0,0.284196848,0,4.42E-14,8.14E-07,0,6.30E-07,0
10/08/2017,14,1.26,0.983553,0.954273596,0.206033012,0,0.099693393,0,6.43E-14,6.08E-07,0,4.66E-07,0
10/08/2017,15,1.24,1.715949,1.170277246,0.069722754,0.532526367,0,1.24E-14,0,0,2.22E-07,0,2.56E-07
10/08/2017,16,1.18,1.174642,1.108731383,0.048028851,0,0.023239766,0,6.03E-13,8.60E-07,0,6.68E-07,0
10/08/2017,17,1.15,0.488711,0.488711,0.445651283,0,0.215637717,0,2.61E-14,5.25E-07,0,4.07E-07,0
10/08/2017,18,1.29,0,0,0.869347826,0,0.420652174,0,3.66E-14,8.29E-07,0,6.31E-07,0
10/08/2017,19,1.92,0,0,1.34226975,0,0.57773025,0,7.02E-23,0.050976028,0,0.04448817,0
10/08/2017,20,1.37,0,0,0.92326087,0,0.44673913,0,2.12E-14,6.80E-07,0,5.21E-07,0
10/08/2017,21,1.33,0,0,0.896304348,0,0.433695652,0,5.62E-14,1.11E-06,0,8.47E-07,0
10/08/2017,22,1.22,0,0,0.822173913,0,0.397826087,0,3.24E-14,7.59E-07,0,5.83E-07,0
10/08/2017,23,1.22,0,0,0.822173913,0,0.397826087,0,3.24E-14,7.59E-07,0,5.83E-07,0
11/08/2017,0,0.8,0,0,0.539130435,0,0.260869565,0,2.95E-14,5.68E-07,0,4.40E-07,0
11/08/2017,1,0.23,0,0,0.155,0,0.075,0,1.34E-13,6.83E-07,0,5.31E-07,0
11/08/2017,2,0.25,0,0,0.168478261,0,0.081521739,0,1.63E-13,7.79E-07,0,6.03E-07,0
11/08/2017,3,0.25,0,0,0.168478261,0,0.081521739,0,1.63E-13,7.79E-07,0,6.03E-07,0
11/08/2017,4,0.29,0,0,0.195434783,0,0.094565217,0,9.60E-14,6.28E-07,0,4.83E-07,0
11/08/2017,5,0.34,0,0,0.229130435,0,0.110869565,0,6.68E-14,5.46E-07,0,4.22E-07,0
11/08/2017,6,0.35,0.104325,0.104325,0.165563587,0,0.080111413,0,9.01E-14,6.19E-07,0,4.79E-07,0
11/08/2017,7,1.32,0.68526,0.68526,0.427759565,0,0.206980435,0,1.62E-13,1.24E-06,0,9.61E-07,0
11/08/2017,8,1.42,1.25131,1.196624339,0.150535771,0,0.072839889,0,1.03E-13,6.13E-07,0,4.77E-07,0
11/08/2017,9,0.83,2.128605,0.83,7.53E-15,1.110218304,0,9.31E-15,0,0,4.44E-07,0,4.18E-07
11/08/2017,10,0.3,1.185557,0.3,1.02E-14,0.735715446,0,1.58E-14,0,0,4.38E-07,0,4.92E-07
11/08/2017,11,0.29,1.132626,0.29,1.03E-14,0.70041375,0,1.60E-14,0,0,4.87E-07,0,5.13E-07
11/08/2017,12,0.46,1.287812,0.46,5.26E-15,0.702170357,0,6.96E-15,0,0,2.10E-07,0,2.43E-07
11/08/2017,13,0.33,0.913816,0.33,1.69E-14,0.495655714,0,2.22E-14,0,0,4.05E-07,0,3.91E-07
11/08/2017,14,1.11,0.743763,0.736596767,0.251641309,0,0.121761924,0,2.37E-13,1.19E-06,0,9.15E-07,0
11/08/2017,15,1.23,0.985048,0.952683614,0.18688713,0,0.090429256,0,8.74E-14,6.82E-07,0,5.31E-07,0
11/08/2017,16,1.21,0.21391,0.21391,0.671278043,0,0.324811957,0,9.00E-14,1.20E-06,0,9.36E-07,0
11/08/2017,17,1.22,0.1916,0.1916,0.693052174,0,0.335347826,0,2.53E-14,6.40E-07,0,4.93E-07,0
11/08/2017,18,1.18,0,0,0.795217391,0,0.384782609,0,5.49E-14,9.75E-07,0,7.45E-07,0
11/08/2017,19,1.2,0,0,0.808695652,0,0.391304348,0,4.60E-14,8.90E-07,0,6.81E-07,0
11/08/2017,20,1.2,0,0,0.808695652,0,0.391304348,0,4.60E-14,8.90E-07,0,6.81E-07,0
11/08/2017,21,1.22,0,0,0.822173913,0,0.397826087,0,3.24E-14,7.59E-07,0,5.83E-07,0
11/08/2017,22,1.26,0,0,0.849130435,0,0.410869565,0,2.77E-14,7.14E-07,0,5.47E-07,0
11/08/2017,23,1.3,0,0,0.876086957,0,0.423913043,0,2.70E-14,7.12E-07,0,5.43E-07,0
12/08/2017,0,0.42,0,0,0.283043478,0,0.136956522,0,3.20E-13,1.40E-06,0,1.09E-06,0
12/08/2017,1,0.28,0,0,0.188695652,0,0.091304348,0,8.01E-14,5.70E-07,0,4.40E-07,0
12/08/2017,2,0.23,0,0,0.155,0,0.075,0,1.34E-13,6.83E-07,0,5.31E-07,0
12/08/2017,3,0.21,0,0,0.141521739,0,0.068478261,0,3.88E-13,1.11E-06,0,8.60E-07,0
12/08/2017,4,0.21,0,0,0.141521739,0,0.068478261,0,3.88E-13,1.11E-06,0,8.60E-07,0
12/08/2017,5,0.25,0,0,0.168478261,0,0.081521739,0,1.63E-13,7.79E-07,0,6.03E-07,0
12/08/2017,6,0.3,0.005636,0.005636,0.198375739,0,0.095988261,0,5.71E-14,4.92E-07,0,3.77E-07,0
12/08/2017,7,0.61,0.493606,0.476783208,0.089776533,0,0.043440258,0,1.58E-13,5.67E-07,0,4.35E-07,0
12/08/2017,8,1.25,1.050193,1.009844093,0.161844198,0,0.078311709,0,1.32E-13,7.13E-07,0,5.42E-07,0
12/08/2017,9,1.05,2.086507,1.05,6.98E-15,0.917282411,0,6.04E-15,0,0,1.60E-07,0,2.64E-07
12/08/2017,10,0.18,2.603703,0.18,9.56E-15,1.894979088,0,2.45E-14,0,0,0.349991743,0,0.209995046
12/08/2017,11,1.83,3.194559,1.83,1.49E-17,1.242734122,0,8.33E-18,0,0,0.004381563,0,0.002628938
12/08/2017,12,0.32,3.319537,0.32,4.54E-17,2.32399123,0,7.84E-17,0,0,0.584497384,0,0.35069843
12/08/2017,13,0.32,3.132848,0.32,7.76E-17,2.18850023,0,1.26E-16,0,0,0.50872939,0,0.305237634
12/08/2017,14,0.39,2.711494,0.39,1.86E-19,1.835788801,0,3.22E-19,0,0,0.318348457,0,0.191009074
12/08/2017,15,0.33,1.967389,0.33,3.57E-16,1.332796368,0,5.91E-16,0,0,0.049447349,0,0.029668409
12/08/2017,16,0.32,1.103177,0.32,6.02E-15,0.655052946,0,8.90E-15,0,0,2.54E-07,0,2.61E-07
12/08/2017,17,1.11,0.46378,0.46378,0.435496087,0,0.210723913,0,2.52E-14,5.07E-07,0,3.93E-07,0
12/08/2017,18,0.62,0,0,0.417826087,0,0.202173913,0,7.85E-14,8.25E-07,0,6.43E-07,0
12/08/2017,19,0.5,0,0,0.336956522,0,0.163043478,0,9.90E-14,8.94E-07,0,7.00E-07,0
12/08/2017,20,0.35,0,0,0.235869565,0,0.114130435,0,1.79E-13,9.39E-07,0,7.27E-07,0
12/08/2017,21,1.05,0,0,0.707608696,0,0.342391304,0,1.87E-14,5.54E-07,0,4.26E-07,0
12/08/2017,22,1.54,0,0,1.037826087,0,0.502173913,0,2.01E-14,6.22E-07,0,4.73E-07,0
12/08/2017,23,1.23,0,0,0.828913043,0,0.401086957,0,2.88E-14,7.20E-07,0,5.55E-07,0
13/08/2017,0,0.65,0,0,0.438043478,0,0.211956522,0,4.98E-14,6.79E-07,0,5.29E-07,0
13/08/2017,1,0.36,0,0,0.242608696,0,0.117391304,0,2.18E-13,1.07E-06,0,8.27E-07,0
13/08/2017,2,0.29,0,0,0.195434783,0,0.094565217,0,9.60E-14,6.28E-07,0,4.83E-07,0
13/08/2017,3,0.2,0,0,0.134782609,0,0.065217391,0,6.50E-13,1.38E-06,0,1.08E-06,0
13/08/2017,4,0.2,0,0,0.134782609,0,0.065217391,0,6.50E-13,1.38E-06,0,1.08E-06,0
13/08/2017,5,0.19,0,0,0.128043478,0,0.061956522,0,6.55E-13,1.31E-06,0,1.04E-06,0
13/08/2017,6,0.23,0.132378,0.132378,0.065788739,0,0.031833261,0,2.70E-13,6.82E-07,0,5.29E-07,0
13/08/2017,7,0.27,0.466807,0.27,2.44E-13,0.179844911,0,1.29E-13,0,0,3.93E-07,0,4.83E-07
13/08/2017,8,0.45,0.520667,0.375257,0.074743,0.14541,0,1.24E-13,0,0,6.79E-07,0,5.85E-07
13/08/2017,9,0.31,0.433789,0.294851185,0.015148815,0.135339857,0,4.92E-14,0,0,3.11E-07,0,3.07E-07
13/08/2017,10,0.29,0.624348,0.29,4.53E-14,0.291976071,0,4.55E-14,0,0,5.24E-07,0,5.17E-07
13/08/2017,11,0.27,0.436758,0.27,6.35E-13,0.155698393,0,1.98E-13,0,0,5.22E-07,0,5.78E-07
13/08/2017,12,0.33,0.495194,0.329754941,0.000245059,0.159440266,0,7.59E-14,0,0,4.43E-07,0,4.60E-07
13/08/2017,13,0.37,0.37394,0.281018689,0.088981311,0.092921311,0,1.95E-13,0,0,4.33E-07,0,4.56E-07
13/08/2017,14,0.44,0.438528,0.413871321,0.017608457,0,0.008520221,0,1.23E-12,7.67E-07,0,6.00E-07,0
13/08/2017,15,0,0.781698,0,0,0.628150179,0,4.23E-14,0,0,8.38E-07,0,6.35E-07
13/08/2017,16,0.39,1.096348,0.39,7.18E-15,0.598940357,0,9.53E-15,0,0,2.30E-07,0,2.50E-07
13/08/2017,17,0.35,0.486815,0.331496142,0.018503858,0.151447879,0,4.92E-14,0,0,2.68E-07,0,2.80E-07
13/08/2017,18,0.34,0,0,0.229130435,0,0.110869565,0,6.68E-14,5.46E-07,0,4.22E-07,0
13/08/2017,19,0.37,0,0,0.249347826,0,0.120652174,0,6.10E-14,5.67E-07,0,4.41E-07,0
13/08/2017,20,0.28,0,0,0.188695652,0,0.091304348,0,8.01E-14,5.70E-07,0,4.40E-07,0
13/08/2017,21,0.27,0,0,0.181956522,0,0.088043478,0,8.93E-14,5.93E-07,0,4.58E-07,0
13/08/2017,22,0.29,0,0,0.195434783,0,0.094565217,0,9.60E-14,6.28E-07,0,4.83E-07,0
13/08/2017,23,0.29,0,0,0.195434783,0,0.094565217,0,9.60E-14,6.28E-07,0,4.83E-07,0
14/08/2017,0,0.32,0,0,0.215652174,0,0.104347826,0,7.97E-14,5.84E-07,0,4.49E-07,0
14/08/2017,1,0.35,0,0,0.235869565,0,0.114130435,0,1.79E-13,9.39E-07,0,7.27E-07,0
14/08/2017,2,0.36,0,0,0.242608696,0,0.117391304,0,2.18E-13,1.07E-06,0,8.27E-07,0
14/08/2017,3,0.34,0,0,0.229130435,0,0.110869565,0,6.68E-14,5.46E-07,0,4.22E-07,0
14/08/2017,4,0.31,0,0,0.208913043,0,0.101086957,0,8.52E-14,5.97E-07,0,4.59E-07,0
14/08/2017,5,0.24,0,0,0.16173913,0,0.07826087,0,1.70E-13,7.88E-07,0,6.12E-07,0
14/08/2017,6,0.2,0.142412,0.139845458,0.040538931,0,0.019615612,0,3.32E-13,5.88E-07,0,4.55E-07,0
14/08/2017,7,0.31,0.633208,0.31,2.56E-14,0.284631429,0,2.35E-14,0,0,3.65E-07,0,3.65E-07
14/08/2017,8,0.38,1.203088,0.38,1.43E-14,0.691945714,0,2.04E-14,0,0,2.54E-07,0,4.73E-07
14/08/2017,9,0.32,1.214651,0.32,1.09E-14,0.744630268,0,1.68E-14,0,0,3.12E-07,0,4.60E-07
14/08/2017,10,0.32,1.694198,0.32,4.12E-15,1.129980536,0,6.89E-15,0,0,5.48E-07,0,4.54E-07
14/08/2017,11,0.7,1.777257,0.7,1.90E-14,0.921902946,0,2.33E-14,0,0,5.07E-07,0,6.36E-07
14/08/2017,12,1.78,1.601034,1.527551887,0.170128076,0,0.082320037,0,1.06E-13,6.52E-07,0,5.00E-07,0
14/08/2017,13,3.63,1.274188,1.274188,1.69689095,0,0.65892105,0,1.06E-25,0.115197769,0,0.100536234,0
14/08/2017,14,0.6,0.545848,0.520141512,0.053817677,0,0.026040811,0,5.02E-13,8.15E-07,0,6.27E-07,0
14/08/2017,15,1.19,0.581059,0.581059,0.410373283,0,0.198567717,0,4.16E-14,6.28E-07,0,4.79E-07,0
14/08/2017,16,2.33,0.269975,0.269975,1.456208406,0,0.603816594,0,3.14E-14,0.071610268,0,0.062496234,0
14/08/2017,17,1.22,0.426772,0.426772,0.534566696,0,0.258661304,0,1.02E-13,1.18E-06,0,9.26E-07,0
14/08/2017,18,1.13,0,0,0.761521739,0,0.368478261,0,7.57E-14,1.14E-06,0,8.70E-07,0
14/08/2017,19,0.26,0,0,0.175217391,0,0.084782609,0,1.03E-13,6.25E-07,0,4.83E-07,0
14/08/2017,20,0.34,0,0,0.229130435,0,0.110869565,0,6.68E-14,5.46E-07,0,4.22E-07,0
14/08/2017,21,0.54,0,0,0.363913043,0,0.176086957,0,8.84E-14,8.55E-07,0,6.64E-07,0
14/08/2017,22,0.33,0,0,0.222391304,0,0.107608696,0,6.52E-14,5.31E-07,0,4.09E-07,0
14/08/2017,23,0.25,0,0,0.168478261,0,0.081521739,0,1.63E-13,7.79E-07,0,6.03E-07,0
15/08/2017,0,0.25,0,0,0.168478261,0,0.081521739,0,1.63E-13,7.79E-07,0,6.03E-07,0
15/08/2017,1,0.29,0,0,0.195434783,0,0.094565217,0,9.60E-14,6.28E-07,0,4.83E-07,0
15/08/2017,2,0.2,0,0,0.134782609,0,0.065217391,0,6.50E-13,1.38E-06,0,1.08E-06,0
15/08/2017,3,0.29,0,0,0.195434783,0,0.094565217,0,9.60E-14,6.28E-07,0,4.83E-07,0
15/08/2017,4,0.31,0,0,0.208913043,0,0.101086957,0,8.52E-14,5.97E-07,0,4.59E-07,0
15/08/2017,5,0.27,0,0,0.181956522,0,0.088043478,0,8.93E-14,5.93E-07,0,4.58E-07,0
15/08/2017,6,0.32,0.15546,0.15546,0.110885652,0,0.053654348,0,1.14E-13,5.49E-07,0,4.22E-07,0
15/08/2017,7,0.25,0.302121,0.215012311,0.034987689,0.087108689,0,6.37E-14,0,0,2.55E-07,0,2.63E-07
15/08/2017,8,0.42,1.017186,0.42,1.32E-14,0.513631607,0,1.55E-14,0,0,5.46E-07,0,4.74E-07
15/08/2017,9,0.31,1.787424,0.31,4.44E-15,1.212126429,0,7.54E-15,0,0,5.22E-07,0,4.89E-07
15/08/2017,10,0.4,2.119177,0.4,5.12E-18,1.397510712,0,7.93E-18,0,0,0.084043811,0,0.050426287
15/08/2017,11,0.38,0.788502,0.38,1.95E-14,0.35879625,0,1.84E-14,0,0,3.44E-07,0,3.50E-07
15/08/2017,12,0.5,0.723979,0.487123388,0.012876612,0.229474246,0,3.45E-14,0,0,2.70E-07,0,3.23E-07
15/08/2017,13,0.62,0.49905,0.482353411,0.092761832,0,0.044884757,0,8.03E-13,1.33E-06,0,1.03E-06,0
15/08/2017,14,0.43,0.419837,0.397065187,0.0221952,0,0.010739613,0,8.54E-13,6.75E-07,0,5.15E-07,0
15/08/2017,15,0.29,0.669178,0.29,2.74E-14,0.328000179,0,3.03E-14,0,0,4.82E-07,0,4.72E-07
15/08/2017,16,0.23,0.214706,0.204022299,0.017506712,0,0.00847099,0,7.35E-13,5.59E-07,0,4.35E-07,0
15/08/2017,17,0.26,0.414806,0.26,1.37E-13,0.145290536,0,3.57E-14,0,0,2.52E-07,0,2.46E-07
15/08/2017,18,0.25,0,0,0.168478261,0,0.081521739,0,1.63E-13,7.79E-07,0,6.03E-07,0
15/08/2017,19,0.22,0,0,0.14826087,0,0.07173913,0,2.71E-13,9.78E-07,0,7.67E-07,0
15/08/2017,20,0.27,0,0,0.181956522,0,0.088043478,0,8.93E-14,5.93E-07,0,4.58E-07,0
15/08/2017,21,0.33,0,0,0.222391304,0,0.107608696,0,6.52E-14,5.31E-07,0,4.09E-07,0
15/08/2017,22,0.46,0,0,0.31,0,0.15,0,2.00E-13,1.17E-06,0,9.06E-07,0
15/08/2017,23,0.34,0,0,0.229130435,0,0.110869565,0,6.68E-14,5.46E-07,0,4.22E-07,0
16/08/2017,0,0.37,0,0,0.249347826,0,0.120652174,0,6.10E-14,5.67E-07,0,4.41E-07,0
16/08/2017,1,0.32,0,0,0.215652174,0,0.104347826,0,7.97E-14,5.84E-07,0,4.49E-07,0
16/08/2017,2,0.22,0,0,0.14826087,0,0.07173913,0,2.71E-13,9.78E-07,0,7.67E-07,0
16/08/2017,3,0.21,0,0,0.141521739,0,0.068478261,0,3.88E-13,1.11E-06,0,8.60E-07,0
16/08/2017,4,0.23,0,0,0.155,0,0.075,0,1.34E-13,6.83E-07,0,5.31E-07,0
16/08/2017,5,0.26,0,0,0.175217391,0,0.084782609,0,1.03E-13,6.25E-07,0,4.83E-07,0
16/08/2017,6,0.29,0.042813,0.042813,0.166582543,0,0.080604457,0,2.27E-13,9.44E-07,0,7.33E-07,0
16/08/2017,7,0.47,0.163727,0.163727,0.20640137,0,0.09987163,0,2.83E-13,1.14E-06,0,8.91E-07,0
16/08/2017,8,0.46,0.322212,0.317118967,0.096289392,0,0.046591641,0,2.21E-13,7.35E-07,0,5.69E-07,0
16/08/2017,9,0.42,0.635299,0.42,9.13E-13,0.206758125,0,3.02E-14,0,0,2.29E-07,0,2.58E-07
16/08/2017,10,1.77,0.834121,0.834121,0.630701065,0,0.305177935,0,6.28E-14,1.01E-06,0,7.91E-07,0
16/08/2017,11,1.21,0.79092,0.786121451,0.285657283,0,0.138221266,0,2.22E-13,1.23E-06,0,9.37E-07,0
16/08/2017,12,0.18,1.493472,0.18,1.08E-14,1.069932857,0,1.92E-14,0,0,6.57E-07,0,6.33E-07
16/08/2017,13,0.37,1.895849,0.37,1.36E-17,1.254414374,0,2.28E-17,0,0,0.007544124,0,0.004526474
16/08/2017,14,0.31,0.455283,0.305065503,0.004934497,0.145224681,0,1.63E-13,0,0,4.40E-07,0,4.74E-07
16/08/2017,15,0.32,0.576518,0.32,1.27E-13,0.231844821,0,8.18E-14,0,0,7.24E-07,0,6.47E-07
16/08/2017,16,0.29,0.184395,0.184028949,0.071415274,0,0.034555778,0,9.42E-13,1.21E-06,0,9.30E-07,0
16/08/2017,17,0.32,0.252384,0.244554345,0.050843811,0,0.024601844,0,9.85E-13,1.19E-06,0,9.31E-07,0
16/08/2017,18,0.48,0,0,0.323478261,0,0.156521739,0,1.16E-13,9.20E-07,0,7.15E-07,0
16/08/2017,19,0.26,0,0,0.175217391,0,0.084782609,0,1.03E-13,6.25E-07,0,4.83E-07,0
16/08/2017,20,0.24,0,0,0.16173913,0,0.07826087,0,1.70E-13,7.88E-07,0,6.12E-07,0
16/08/2017,21,0.36,0,0,0.242608696,0,0.117391304,0,2.18E-13,1.07E-06,0,8.27E-07,0
16/08/2017,22,0.24,0,0,0.16173913,0,0.07826087,0,1.70E-13,7.88E-07,0,6.12E-07,0
16/08/2017,23,0.5,0,0,0.336956522,0,0.163043478,0,9.90E-14,8.94E-07,0,7.00E-07,0
17/08/2017,0,0.36,0,0,0.242608696,0,0.117391304,0,2.18E-13,1.07E-06,0,8.27E-07,0
17/08/2017,1,0.34,0,0,0.229130435,0,0.110869565,0,6.68E-14,5.46E-07,0,4.22E-07,0
17/08/2017,2,0.33,0,0,0.222391304,0,0.107608696,0,6.52E-14,5.31E-07,0,4.09E-07,0
17/08/2017,3,0.25,0,0,0.168478261,0,0.081521739,0,1.63E-13,7.79E-07,0,6.03E-07,0
17/08/2017,4,0.22,0,0,0.14826087,0,0.07173913,0,2.71E-13,9.78E-07,0,7.67E-07,0
17/08/2017,5,0.25,0,0,0.168478261,0,0.081521739,0,1.63E-13,7.79E-07,0,6.03E-07,0
17/08/2017,6,0.21,0.176602,0.16979764,0.027092895,0,0.013109465,0,4.65E-13,5.25E-07,0,4.02E-07,0
17/08/2017,7,0.35,0.580387,0.35,2.31E-13,0.213257411,0,9.21E-14,0,0,6.72E-07,0,6.38E-07
17/08/2017,8,0.38,0.857053,0.38,1.23E-14,0.413881875,0,1.32E-14,0,0,2.74E-07,0,3.06E-07
17/08/2017,9,0.33,1.207059,0.33,1.20E-14,0.731297411,0,1.81E-14,0,0,3.91E-07,0,4.89E-07
17/08/2017,10,0.34,0.420328,0.297038855,0.042961145,0.122940828,0,9.95E-14,0,0,5.02E-07,0,4.59E-07
17/08/2017,11,0.37,1.702717,0.37,1.68E-14,1.100665446,0,2.72E-14,0,0,9.80E-07,0,8.42E-07
17/08/2017,12,0.37,2.895249,0.37,3.91E-19,1.982840682,0,8.32E-19,0,0,0.396962788,0,0.238177673
17/08/2017,13,0.35,2.909076,0.35,2.01E-17,2.006038225,0,3.37E-17,0,0,0.409364257,0,0.245618554
17/08/2017,14,0.24,2.41983,0.24,1.63E-23,1.72160211,0,3.16E-23,0,0,0.257303945,0,0.154382367
17/08/2017,15,0.23,1.384981,0.23,2.98E-15,0.946591875,0,5.10E-15,0,0,3.02E-07,0,2.88E-07
17/08/2017,16,0.37,1.149402,0.37,3.21E-14,0.656037321,0,4.53E-14,0,0,3.77E-07,0,5.60E-07
17/08/2017,17,0.9,0.493479,0.493479,0.273959804,0,0.132561196,0,1.05E-13,8.73E-07,0,6.80E-07,0
17/08/2017,18,1.23,0,0,0.828913043,0,0.401086957,0,2.88E-14,7.20E-07,0,5.55E-07,0
17/08/2017,19,0.58,0,0,0.390869565,0,0.189130435,0,8.14E-14,8.18E-07,0,6.47E-07,0
17/08/2017,20,0.33,0,0,0.222391304,0,0.107608696,0,6.52E-14,5.31E-07,0,4.09E-07,0
17/08/2017,21,0.29,0,0,0.195434783,0,0.094565217,0,9.60E-14,6.28E-07,0,4.83E-07,0
17/08/2017,22,0.22,0,0,0.14826087,0,0.07173913,0,2.71E-13,9.78E-07,0,7.67E-07,0
17/08/2017,23,0.22,0,0,0.14826087,0,0.07173913,0,2.71E-13,9.78E-07,0,7.67E-07,0
18/08/2017,0,0.28,0,0,0.188695652,0,0.091304348,0,8.01E-14,5.70E-07,0,4.40E-07,0
18/08/2017,1,0.28,0,0,0.188695652,0,0.091304348,0,8.01E-14,5.70E-07,0,4.40E-07,0
18/08/2017,2,0,0,0,0,0,0,5.02E-07,0,0,5.73E-07,0,3.80E-07
18/08/2017,3,0.31,0,0,0.208913043,0,0.101086957,0,8.52E-14,5.97E-07,0,4.59E-07,0
18/08/2017,4,0.29,0,0,0.195434783,0,0.094565217,0,9.60E-14,6.28E-07,0,4.83E-07,0
18/08/2017,5,0.27,0,0,0.181956522,0,0.088043478,0,8.93E-14,5.93E-07,0,4.58E-07,0
18/08/2017,6,0.22,0.136897,0.136897,0.056004196,0,0.027098804,0,3.15E-13,6.79E-07,0,5.27E-07,0
18/08/2017,7,0.36,0.607768,0.36,4.87E-14,0.228027857,0,2.23E-14,0,0,3.03E-07,0,2.86E-07
18/08/2017,8,0.2,1.430988,0.2,1.54E-14,1.005258214,0,2.70E-14,0,0,7.24E-07,0,6.83E-07
18/08/2017,9,0.35,2.135992,0.35,1.65E-14,1.442565417,0,1.93E-14,0,0,0.108130178,0,0.064878107
18/08/2017,10,0.64,2.644244,0.64,2.83E-24,1.622778407,0,7.43E-24,0,0,0.204472527,0,0.122683516
18/08/2017,11,4.12,3.199013,3.105862286,0.683440633,0,0.330697081,0,2.35E-14,6.73E-07,0,5.20E-07,0
18/08/2017,12,0.4,3.228136,0.4,8.33E-19,2.205401678,0,1.32E-18,0,0,0.518180858,0,0.310908515
18/08/2017,13,0.25,2.637825,0.25,1.15E-14,1.873930964,0,2.81E-14,0,0,0.33873936,0,0.203243616
18/08/2017,14,0.27,1.543991,0.27,1.01E-14,1.045439196,0,1.72E-14,0,0,6.57E-07,0,6.47E-07
18/08/2017,15,0.19,1.863712,0.19,8.96E-27,1.349066791,0,1.65E-26,0,0,0.05814556,0,0.034887336
18/08/2017,16,1.46,0.655857,0.655857,0.541922457,0,0.262220543,0,4.36E-14,7.66E-07,0,5.91E-07,0
18/08/2017,17,0.25,0.527494,0.25,7.25E-14,0.243075536,0,7.06E-14,0,0,4.99E-07,0,4.64E-07
18/08/2017,18,0.26,0.002857,0.002857,0.173292022,0,0.083850978,0,3.79E-13,1.19E-06,0,9.07E-07,0
18/08/2017,19,0.44,0,0,0.296521739,0,0.143478261,0,2.73E-13,1.35E-06,0,1.06E-06,0
18/08/2017,20,0.31,0,0,0.208913043,0,0.101086957,0,8.52E-14,5.97E-07,0,4.59E-07,0
18/08/2017,21,0.34,0,0,0.229130435,0,0.110869565,0,6.68E-14,5.46E-07,0,4.22E-07,0
18/08/2017,22,0.31,0,0,0.208913043,0,0.101086957,0,8.52E-14,5.97E-07,0,4.59E-07,0
18/08/2017,23,0.23,0,0,0.155,0,0.075,0,1.34E-13,6.83E-07,0,5.31E-07,0
19/08/2017,0,0.23,0,0,0.155,0,0.075,0,1.34E-13,6.83E-07,0,5.31E-07,0
19/08/2017,1,0.21,0,0,0.141521739,0,0.068478261,0,3.88E-13,1.11E-06,0,8.60E-07,0
19/08/2017,2,0.19,0,0,0.128043478,0,0.061956522,0,6.55E-13,1.31E-06,0,1.04E-06,0
19/08/2017,3,0.21,0,0,0.141521739,0,0.068478261,0,3.88E-13,1.11E-06,0,8.60E-07,0
19/08/2017,4,0.27,0,0,0.181956522,0,0.088043478,0,8.93E-14,5.93E-07,0,4.58E-07,0
19/08/2017,5,0.26,0,0,0.175217391,0,0.084782609,0,1.03E-13,6.25E-07,0,4.83E-07,0
19/08/2017,6,0.26,0.147138,0.147138,0.076059174,0,0.036802826,0,1.73E-13,5.72E-07,0,4.41E-07,0
19/08/2017,7,0.29,0.267054,0.254139226,0.024167044,0,0.011693731,0,1.72E-12,1.05E-06,0,8.18E-07,0
19/08/2017,8,0.33,1.216766,0.33,1.24E-14,0.739097679,0,1.89E-14,0,0,3.02E-07,0,4.83E-07
19/08/2017,9,0.23,1.787359,0.23,2.03E-20,1.267176776,0,3.51E-20,0,0,0.014366938,0,0.008620163
19/08/2017,10,0.17,0.858521,0.17,9.05E-15,0.566936518,0,1.50E-14,0,0,4.29E-07,0,4.02E-07
19/08/2017,11,0.14,1.441873,0.14,1.78E-14,1.057397946,0,3.22E-14,0,0,9.17E-07,0,8.28E-07
19/08/2017,12,0.15,0.358762,0.15,5.30E-14,0.17980875,0,6.12E-14,0,0,3.40E-07,0,4.11E-07
19/08/2017,13,0.3,2.980972,0.3,6.79E-24,2.091239468,0,1.10E-23,0,0,0.454913071,0,0.272947842
19/08/2017,14,0.66,1.478395,0.66,2.42E-14,0.710674554,0,2.58E-14,0,0,4.99E-07,0,5.96E-07
19/08/2017,15,1.19,1.962166,1.19,5.44E-14,0.716115536,0,2.06E-14,0,0,5.48E-07,0,5.43E-07
19/08/2017,16,1.2,1.083034,1.03293603,0.112586589,0,0.054477382,0,1.11E-13,5.60E-07,0,4.35E-07,0
19/08/2017,17,1.17,0.510723,0.510723,0.44429537,0,0.21498163,0,1.63E-13,1.33E-06,0,1.03E-06,0
19/08/2017,18,0.73,0,0,0.491956522,0,0.238043478,0,5.13E-14,7.22E-07,0,5.65E-07,0
19/08/2017,19,1.11,0,0,0.748043478,0,0.361956522,0,8.00E-14,1.17E-06,0,8.99E-07,0
19/08/2017,20,1.89,0,0,1.317858683,0,0.572141317,0,2.20E-26,0.046555195,0,0.040629988,0
19/08/2017,21,0.54,0,0,0.363913043,0,0.176086957,0,8.84E-14,8.55E-07,0,6.64E-07,0
19/08/2017,22,0.46,0,0,0.31,0,0.15,0,2.00E-13,1.17E-06,0,9.06E-07,0
19/08/2017,23,0.36,0,0,0.242608696,0,0.117391304,0,2.18E-13,1.07E-06,0,8.27E-07,0
20/08/2017,0,0.32,0,0,0.215652174,0,0.104347826,0,7.97E-14,5.84E-07,0,4.49E-07,0
20/08/2017,1,0.29,0,0,0.195434783,0,0.094565217,0,9.60E-14,6.28E-07,0,4.83E-07,0
20/08/2017,2,0.22,0,0,0.14826087,0,0.07173913,0,2.71E-13,9.78E-07,0,7.67E-07,0
20/08/2017,3,0.22,0,0,0.14826087,0,0.07173913,0,2.71E-13,9.78E-07,0,7.67E-07,0
20/08/2017,4,0.21,0,0,0.141521739,0,0.068478261,0,3.88E-13,1.11E-06,0,8.60E-07,0
20/08/2017,5,0.21,0,0,0.141521739,0,0.068478261,0,3.88E-13,1.11E-06,0,8.60E-07,0
20/08/2017,6,0.35,0.183218,0.183218,0.112396565,0,0.054385435,0,5.76E-13,1.19E-06,0,9.23E-07,0
20/08/2017,7,0.29,0.660876,0.29,2.97E-14,0.321328929,0,3.24E-14,0,0,4.99E-07,0,4.87E-07
20/08/2017,8,0.44,1.709328,0.44,1.49E-14,1.055352857,0,2.30E-14,0,0,8.37E-07,0,7.35E-07
20/08/2017,9,0.29,2.388251,0.29,2.11E-26,1.665786463,0,3.39E-26,0,0,0.227464749,0,0.13647885
20/08/2017,10,0.3,2.822692,0.3,1.55E-20,1.975874933,0,2.88E-20,0,0,0.39323888,0,0.235943328
20/08/2017,11,0.2,2.73643,0.2,9.23E-20,1.978599425,0,1.84E-19,0,0,0.394695401,0,0.236817241
20/08/2017,12,0.28,3.003541,0.28,3.79E-24,2.120781945,0,6.17E-24,0,0,0.470860613,0,0.282516368
20/08/2017,13,0.26,2.977143,0.26,1.94E-18,2.114687031,0,3.17E-18,0,0,0.467452273,0,0.280471364
20/08/2017,14,0.22,1.311433,0.22,3.83E-15,0.894722946,0,6.55E-15,0,0,2.46E-07,0,2.90E-07
20/08/2017,15,0.36,0.773765,0.36,1.61E-14,0.361418304,0,1.62E-14,0,0,3.03E-07,0,3.11E-07
20/08/2017,16,0.32,0.918212,0.32,9.59E-15,0.506420357,0,1.29E-14,0,0,2.86E-07,0,3.07E-07
20/08/2017,17,0.31,0.425888,0.291096495,0.018903505,0.131706285,0,1.84E-13,0,0,6.59E-07,0,6.76E-07
20/08/2017,18,0.31,0.002646,0.002646,0.20712987,0,0.10022413,0,2.63E-13,1.12E-06,0,8.60E-07,0
20/08/2017,19,0.25,0,0,0.168478261,0,0.081521739,0,1.63E-13,7.79E-07,0,6.03E-07,0
20/08/2017,20,0.22,0,0,0.14826087,0,0.07173913,0,2.71E-13,9.78E-07,0,7.67E-07,0
20/08/2017,21,0.66,0,0,0.444782609,0,0.215217391,0,5.00E-14,6.87E-07,0,5.35E-07,0
20/08/2017,22,0.37,0,0,0.249347826,0,0.120652174,0,6.10E-14,5.67E-07,0,4.41E-07,0
20/08/2017,23,0.2,0,0,0.134782609,0,0.065217391,0,6.50E-13,1.38E-06,0,1.08E-06,0
21/08/2017,0,0.25,0,0,0.168478261,0,0.081521739,0,1.63E-13,7.79E-07,0,6.03E-07,0
21/08/2017,1,0.24,0,0,0.16173913,0,0.07826087,0,1.70E-13,7.88E-07,0,6.12E-07,0
21/08/2017,2,0.25,0,0,0.168478261,0,0.081521739,0,1.63E-13,7.79E-07,0,6.03E-07,0
21/08/2017,3,0.24,0,0,0.16173913,0,0.07826087,0,1.70E-13,7.88E-07,0,6.12E-07,0
21/08/2017,4,0.18,0,0,0.121304348,0,0.058695652,0,6.27E-13,1.23E-06,0,9.69E-07,0
21/08/2017,5,0.18,0,0,0.121304348,0,0.058695652,0,6.27E-13,1.23E-06,0,9.69E-07,0
21/08/2017,6,0.3,0.192177,0.191582213,0.073064161,0,0.035353626,0,8.27E-13,1.15E-06,0,8.94E-07,0
21/08/2017,7,0.18,0.91618,0.18,7.27E-15,0.6060375,0,1.21E-14,0,0,4.24E-07,0,3.72E-07
21/08/2017,8,0.34,1.244025,0.34,2.81E-14,0.753770089,0,4.26E-14,0,0,5.58E-07,0,6.45E-07
21/08/2017,9,0.23,1.343019,0.23,6.77E-15,0.912872411,0,1.15E-14,0,0,4.79E-07,0,4.32E-07
21/08/2017,10,0.41,1.273836,0.41,5.69E-15,0.727100357,0,8.02E-15,0,0,2.60E-07,0,2.82E-07
21/08/2017,11,0.24,2.071516,0.24,1.98E-20,1.467728705,0,2.85E-20,0,0,0.121582539,0,0.072949523
21/08/2017,12,0.26,2.640775,0.26,3.89E-15,1.869521339,0,8.71E-15,0,0,0.336381962,0,0.201829177
21/08/2017,13,0.26,1.785345,0.26,1.53E-17,1.246029527,0,2.65E-17,0,0,0.003061562,0,0.001836937
21/08/2017,14,0.23,2.13906,0.23,1.20E-16,1.523518842,0,1.94E-16,0,0,0.151408097,0,0.090844858
21/08/2017,15,1.15,0.331791,0.331791,0.551401717,0,0.266807283,0,4.03E-14,7.21E-07,0,5.59E-07,0
21/08/2017,16,1.1,0.234164,0.234164,0.583498174,0,0.282337826,0,6.98E-14,9.75E-07,0,7.58E-07,0
21/08/2017,17,1.17,0.259758,0.259758,0.613423957,0,0.296818043,0,8.60E-14,1.12E-06,0,8.71E-07,0
21/08/2017,18,1.16,0.002102,0.002102,0.780322565,0,0.377575435,0,2.35E-14,6.34E-07,0,4.90E-07,0
21/08/2017,19,1.17,0,0,0.788478261,0,0.381521739,0,4.26E-14,8.57E-07,0,6.61E-07,0
21/08/2017,20,1.18,0,0,0.795217391,0,0.384782609,0,5.49E-14,9.75E-07,0,7.45E-07,0
21/08/2017,21,0.77,0,0,0.518913043,0,0.251086957,0,1.67E-13,1.32E-06,0,1.03E-06,0
21/08/2017,22,1.12,0,0,0.754782609,0,0.365217391,0,7.40E-14,1.12E-06,0,8.62E-07,0
21/08/2017,23,0.97,0,0,0.653695652,0,0.316304348,0,9.83E-14,1.14E-06,0,8.86E-07,0
22/08/2017,0,0.16,0,0,0.107826087,0,0.052173913,0,7.27E-13,1.27E-06,0,9.81E-07,0
22/08/2017,1,0.18,0,0,0.121304348,0,0.058695652,0,6.27E-13,1.23E-06,0,9.69E-07,0
22/08/2017,2,0.31,0,0,0.208913043,0,0.101086957,0,8.52E-14,5.97E-07,0,4.59E-07,0
22/08/2017,3,0.26,0,0,0.175217391,0,0.084782609,0,1.03E-13,6.25E-07,0,4.83E-07,0
22/08/2017,4,0.26,0,0,0.175217391,0,0.084782609,0,1.03E-13,6.25E-07,0,4.83E-07,0
22/08/2017,5,0.25,0,0,0.168478261,0,0.081521739,0,1.63E-13,7.79E-07,0,6.03E-07,0
22/08/2017,6,0.31,0.036995,0.036995,0.18398163,0,0.08902337,0,2.65E-13,1.05E-06,0,8.19E-07,0
22/08/2017,7,0.18,0.552976,0.18,1.15E-14,0.314177143,0,1.60E-14,0,0,1.90E-07,0,2.33E-07
22/08/2017,8,0.18,1.11422,0.18,1.11E-14,0.765176786,0,1.90E-14,0,0,5.38E-07,0,5.52E-07
22/08/2017,9,0.68,1.139807,0.68,6.52E-14,0.424130625,0,2.83E-14,0,0,5.60E-07,0,5.35E-07
22/08/2017,10,1.1,1.356783,0.959534078,0.140465922,0.396323301,0,1.90E-14,0,0,2.66E-07,0,3.55E-07
22/08/2017,11,1.31,0.361496,0.361496,0.639209217,0,0.309294783,0,8.79E-14,1.18E-06,0,9.20E-07,0
22/08/2017,12,1.47,0.452807,0.452807,0.68549963,0,0.33169337,0,2.57E-14,6.48E-07,0,4.97E-07,0
22/08/2017,13,3.31,0.437729,0.437729,2.117134795,0,0.755136205,0,2.29E-26,0.19130374,0,0.166955991,0
22/08/2017,14,1.13,2.286056,1.13,1.50E-14,1.019777143,0,1.35E-14,0,0,5.03E-07,0,4.29E-07
22/08/2017,15,0.85,0.283873,0.283873,0.38152037,0,0.18460663,0,3.67E-14,5.74E-07,0,4.39E-07,0
22/08/2017,16,0.15,0.230972,0.15,1.50E-12,0.077120357,0,1.71E-13,0,0,4.91E-07,0,5.03E-07
22/08/2017,17,0.16,0.553161,0.16,1.03E-14,0.328790089,0,1.52E-14,0,0,2.28E-07,0,2.45E-07
22/08/2017,18,1.76,0.017133,0.017133,1.198136232,0,0.544730768,0,1.93E-23,0.024873513,0,0.021707793,0
22/08/2017,19,1.2,0,0,0.808695652,0,0.391304348,0,4.60E-14,8.90E-07,0,6.81E-07,0
22/08/2017,20,1.29,0,0,0.869347826,0,0.420652174,0,3.66E-14,8.29E-07,0,6.31E-07,0
22/08/2017,21,1.28,0,0,0.862608696,0,0.417391304,0,2.74E-14,7.16E-07,0,5.49E-07,0
22/08/2017,22,1.33,0,0,0.896304348,0,0.433695652,0,5.62E-14,1.11E-06,0,8.47E-07,0
22/08/2017,23,1.21,0,0,0.815434783,0,0.394565217,0,3.42E-14,7.77E-07,0,5.95E-07,0
23/08/2017,0,0.62,0,0,0.417826087,0,0.202173913,0,7.85E-14,8.25E-07,0,6.43E-07,0
23/08/2017,1,0.3,0,0,0.202173913,0,0.097826087,0,9.19E-14,6.14E-07,0,4.72E-07,0
23/08/2017,2,0.28,0,0,0.188695652,0,0.091304348,0,8.01E-14,5.70E-07,0,4.40E-07,0
23/08/2017,3,0.32,0,0,0.215652174,0,0.104347826,0,7.97E-14,5.84E-07,0,4.49E-07,0
23/08/2017,4,0.26,0,0,0.175217391,0,0.084782609,0,1.03E-13,6.25E-07,0,4.83E-07,0
23/08/2017,5,0.27,0,0,0.181956522,0,0.088043478,0,8.93E-14,5.93E-07,0,4.58E-07,0
23/08/2017,6,0.29,0.147853,0.147853,0.095794717,0,0.046352283,0,1.23E-13,5.39E-07,0,4.15E-07,0
23/08/2017,7,0.25,0.493967,0.25,1.22E-13,0.216134196,0,1.04E-13,0,0,3.63E-07,0,4.39E-07
23/08/2017,8,0.45,1.072433,0.45,4.54E-14,0.536330089,0,5.23E-14,0,0,5.19E-07,0,6.05E-07
23/08/2017,9,0.87,2.405538,0.87,5.62E-15,1.297919515,0,7.30E-15,0,0,0.030802089,0,0.018481253
23/08/2017,10,0.96,2.927829,0.96,1.13E-24,1.619560474,0,2.60E-24,0,0,0.202752211,0,0.121651327
23/08/2017,11,0.32,0.679839,0.32,3.80E-14,0.314870625,0,3.74E-14,0,0,4.99E-07,0,4.98E-07
23/08/2017,12,0.28,3.243597,0.28,2.17E-15,2.295004463,0,3.63E-15,0,0,0.568287679,0,0.340972607
23/08/2017,13,0.36,2.692004,0.36,9.84E-19,1.841262567,0,2.21E-18,0,0,0.321274747,0,0.192764848
23/08/2017,14,1.35,2.66571,1.35,5.11E-15,1.165749107,0,4.35E-15,0,0,2.41E-07,0,2.84E-07
23/08/2017,15,1.86,1.966765,1.456880574,0.403119426,0.509884426,0,6.52E-14,0,0,1.09E-06,0,8.99E-07
23/08/2017,16,1.8,0.154479,0.154479,1.118925573,0,0.526595427,0,4.31E-27,0.010528498,0,0.009188508,0
23/08/2017,17,1.22,0.537161,0.537161,0.460174109,0,0.222664891,0,2.43E-14,5.22E-07,0,4.06E-07,0
23/08/2017,18,1.12,0.01983,0.01983,0.741418913,0,0.358751087,0,2.98E-14,7.12E-07,0,5.47E-07,0
23/08/2017,19,1.17,0,0,0.788478261,0,0.381521739,0,4.26E-14,8.57E-07,0,6.61E-07,0
23/08/2017,20,1.22,0,0,0.822173913,0,0.397826087,0,3.24E-14,7.59E-07,0,5.83E-07,0
23/08/2017,21,1.15,0,0,0.775,0,0.375,0,4.69E-14,8.93E-07,0,6.89E-07,0
23/08/2017,22,1.21,0,0,0.815434783,0,0.394565217,0,3.42E-14,7.77E-07,0,5.95E-07,0
23/08/2017,23,0.54,0,0,0.363913043,0,0.176086957,0,8.84E-14,8.55E-07,0,6.64E-07,0
24/08/2017,0,0.42,0,0,0.283043478,0,0.136956522,0,3.20E-13,1.40E-06,0,1.09E-06,0
24/08/2017,1,0.43,0,0,0.289782609,0,0.140217391,0,1.24E-13,8.81E-07,0,6.85E-07,0
24/08/2017,2,0.42,0,0,0.283043478,0,0.136956522,0,3.20E-13,1.40E-06,0,1.09E-06,0
24/08/2017,3,0.33,0,0,0.222391304,0,0.107608696,0,6.52E-14,5.31E-07,0,4.09E-07,0
24/08/2017,4,0.3,0,0,0.202173913,0,0.097826087,0,9.19E-14,6.14E-07,0,4.72E-07,0
24/08/2017,5,0.28,0,0,0.188695652,0,0.091304348,0,8.01E-14,5.70E-07,0,4.40E-07,0
24/08/2017,6,0.37,0.10883,0.10883,0.17600587,0,0.08516413,0,8.62E-14,6.18E-07,0,4.77E-07,0
24/08/2017,7,0.29,0.629063,0.29,3.83E-14,0.295764911,0,3.90E-14,0,0,5.21E-07,0,4.97E-07
24/08/2017,8,0.39,0.858594,0.39,1.28E-14,0.407888036,0,1.34E-14,0,0,2.64E-07,0,3.02E-07
24/08/2017,9,0.42,0.895877,0.42,6.04E-14,0.416151161,0,5.99E-14,0,0,9.65E-07,0,8.09E-07
24/08/2017,10,0.27,1.428089,0.27,1.45E-14,0.952303661,0,2.42E-14,0,0,5.67E-07,0,5.88E-07
24/08/2017,11,0.19,1.508201,0.19,6.45E-15,1.074536518,0,1.14E-14,0,0,5.51E-07,0,5.66E-07
24/08/2017,12,0.31,2.922386,0.31,1.95E-19,2.041978491,0,3.15E-19,0,0,0.42857802,0,0.257146812
24/08/2017,13,2.93,2.746215,2.608436816,0.216705624,0,0.10485756,0,7.38E-14,6.52E-07,0,5.16E-07,0
24/08/2017,14,0.3,1.090094,0.3,5.09E-15,0.659004107,0,7.70E-15,0,0,1.61E-07,0,2.47E-07
24/08/2017,15,0.23,1.377473,0.23,3.15E-15,0.940558661,0,5.39E-15,0,0,3.20E-07,0,3.01E-07
24/08/2017,16,1.07,0.977124,0.930719803,0.093862741,0,0.045417455,0,5.28E-13,1.12E-06,0,8.75E-07,0
24/08/2017,17,1.15,0.540713,0.540713,0.410606457,0,0.198680543,0,4.93E-14,7.06E-07,0,5.46E-07,0
24/08/2017,18,0.4,0.019463,0.019463,0.256448848,0,0.124088152,0,1.13E-13,8.29E-07,0,6.44E-07,0
24/08/2017,19,1.3,0,0,0.876086957,0,0.423913043,0,2.70E-14,7.12E-07,0,5.43E-07,0
24/08/2017,20,1.18,0,0,0.795217391,0,0.384782609,0,5.49E-14,9.75E-07,0,7.45E-07,0
24/08/2017,21,0.83,0,0,0.559347826,0,0.270652174,0,2.64E-14,5.25E-07,0,4.04E-07,0
24/08/2017,22,0.56,0,0,0.377391304,0,0.182608696,0,7.91E-14,8.14E-07,0,6.30E-07,0
24/08/2017,23,0.36,0,0,0.242608696,0,0.117391304,0,2.18E-13,1.07E-06,0,8.27E-07,0
25/08/2017,0,0.33,0,0,0.222391304,0,0.107608696,0,6.52E-14,5.31E-07,0,4.09E-07,0
25/08/2017,1,0.32,0,0,0.215652174,0,0.104347826,0,7.97E-14,5.84E-07,0,4.49E-07,0
25/08/2017,2,0.31,0,0,0.208913043,0,0.101086957,0,8.52E-14,5.97E-07,0,4.59E-07,0
25/08/2017,3,0.3,0,0,0.202173913,0,0.097826087,0,9.19E-14,6.14E-07,0,4.72E-07,0
25/08/2017,4,0.26,0,0,0.175217391,0,0.084782609,0,1.03E-13,6.25E-07,0,4.83E-07,0
25/08/2017,5,0.21,0,0,0.141521739,0,0.068478261,0,3.88E-13,1.11E-06,0,8.60E-07,0
25/08/2017,6,0.24,0.220694,0.210053915,0.020181057,0,0.009765028,0,1.01E-12,7.09E-07,0,5.54E-07,0
25/08/2017,7,0.38,0.448221,0.321227066,0.058772934,0.126993934,0,5.46E-14,0,0,4.28E-07,0,3.96E-07
25/08/2017,8,0.25,1.249572,0.25,4.66E-15,0.823316786,0,7.70E-15,0,0,2.48E-07,0,3.06E-07
25/08/2017,9,0.34,1.19108,0.34,1.37E-14,0.711225,0,2.04E-14,0,0,3.76E-07,0,4.96E-07
25/08/2017,10,0.3,2.212955,0.3,2.16E-27,1.531459812,0,5.35E-27,0,0,0.15565336,0,0.093392016
25/08/2017,11,0.27,1.862228,0.27,5.89E-25,1.295506976,0,1.00E-24,0,0,0.029512339,0,0.017707404
25/08/2017,12,0.24,2.067173,0.24,5.76E-21,1.46456325,0,8.39E-21,0,0,0.119890278,0,0.071934167
25/08/2017,13,0.19,3.055106,0.19,2.74E-20,2.21699203,0,5.06E-20,0,0,0.524662305,0,0.314797383
25/08/2017,14,0.18,1.219209,0.18,7.25E-15,0.849542946,0,1.26E-14,0,0,4.53E-07,0,4.65E-07
25/08/2017,15,0.18,0.510185,0.18,1.45E-14,0.279791518,0,1.94E-14,0,0,2.49E-07,0,2.68E-07
25/08/2017,16,0.21,0.203804,0.192870018,0.011544118,0,0.005585864,0,4.93E-12,1.09E-06,0,8.53E-07,0
25/08/2017,17,0.27,0.403348,0.268939009,0.001060991,0.129618396,0,1.95E-13,0,0,4.98E-07,0,5.58E-07
25/08/2017,18,0.3,0.013992,0.013992,0.192744522,0,0.093263478,0,2.89E-13,1.13E-06,0,8.71E-07,0
25/08/2017,19,0.5,0,0,0.336956522,0,0.163043478,0,9.90E-14,8.94E-07,0,7.00E-07,0
25/08/2017,20,0.36,0,0,0.242608696,0,0.117391304,0,2.18E-13,1.07E-06,0,8.27E-07,0
25/08/2017,21,0.27,0,0,0.181956522,0,0.088043478,0,8.93E-14,5.93E-07,0,4.58E-07,0
25/08/2017,22,0.28,0,0,0.188695652,0,0.091304348,0,8.01E-14,5.70E-07,0,4.40E-07,0
25/08/2017,23,0.24,0,0,0.16173913,0,0.07826087,0,1.70E-13,7.88E-07,0,6.12E-07,0
26/08/2017,0,0.22,0,0,0.14826087,0,0.07173913,0,2.71E-13,9.78E-07,0,7.67E-07,0
26/08/2017,1,0.29,0,0,0.195434783,0,0.094565217,0,9.60E-14,6.28E-07,0,4.83E-07,0
26/08/2017,2,0.29,0,0,0.195434783,0,0.094565217,0,9.60E-14,6.28E-07,0,4.83E-07,0
26/08/2017,3,0.31,0,0,0.208913043,0,0.101086957,0,8.52E-14,5.97E-07,0,4.59E-07,0
26/08/2017,4,0.27,0,0,0.181956522,0,0.088043478,0,8.93E-14,5.93E-07,0,4.58E-07,0
26/08/2017,5,0.21,0,0,0.141521739,0,0.068478261,0,3.88E-13,1.11E-06,0,8.60E-07,0
26/08/2017,6,0.21,0.220963,0.163932016,0.046067984,0.057030984,0,1.34E-13,0,0,4.55E-07,0,4.39E-07
26/08/2017,7,0.4,0.530577,0.36660021,0.03339979,0.161226009,0,4.54E-14,0,0,3.93E-07,0,3.94E-07
26/08/2017,8,0.26,1.190186,0.26,1.08E-14,0.76836375,0,1.75E-14,0,0,5.05E-07,0,5.21E-07
26/08/2017,9,0.4,1.47915,0.4,1.41E-14,0.899316964,0,2.14E-14,0,0,5.23E-07,0,5.65E-07
26/08/2017,10,0.49,2.964876,0.49,6.28E-16,1.954871999,0,9.96E-16,0,0,0.382010655,0,0.229206393
26/08/2017,11,0.43,3.173777,0.43,4.80E-19,2.146354748,0,7.57E-19,0,0,0.485161193,0,0.291096716
26/08/2017,12,0.57,3.15772,0.57,6.10E-24,2.042950795,0,9.32E-24,0,0,0.429097816,0,0.25745869
26/08/2017,13,0.34,3.077468,0.34,3.17E-23,2.135244121,0,5.09E-23,0,0,0.478948014,0,0.287368808
26/08/2017,14,0.27,2.537278,0.27,5.18E-17,1.787526368,0,8.84E-17,0,0,0.29254723,0,0.175528338
26/08/2017,15,0.27,2.016651,0.27,8.59E-17,1.408060284,0,8.96E-17,0,0,0.089683641,0,0.053810184
26/08/2017,16,0.39,1.249599,0.39,2.98E-14,0.722088482,0,4.27E-14,0,0,5.29E-07,0,6.27E-07
26/08/2017,17,0.35,0.517847,0.346243081,0.003756919,0.165719111,0,4.99E-14,0,0,3.48E-07,0,4.23E-07
26/08/2017,18,0.9,0.021796,0.021796,0.59183313,0,0.28637087,0,6.47E-14,9.50E-07,0,7.37E-07,0
26/08/2017,19,1.42,0,0,0.956956522,0,0.463043478,0,2.39E-14,7.61E-07,0,5.86E-07,0
26/08/2017,20,1.31,0,0,0.882826087,0,0.427173913,0,3.26E-14,7.85E-07,0,5.96E-07,0
26/08/2017,21,1.22,0,0,0.822173913,0,0.397826087,0,3.24E-14,7.59E-07,0,5.83E-07,0
26/08/2017,22,0.36,0,0,0.242608696,0,0.117391304,0,2.18E-13,1.07E-06,0,8.27E-07,0
26/08/2017,23,0.35,0,0,0.235869565,0,0.114130435,0,1.79E-13,9.39E-07,0,7.27E-07,0
27/08/2017,0,0.28,0,0,0.188695652,0,0.091304348,0,8.01E-14,5.70E-07,0,4.40E-07,0
27/08/2017,1,0.31,0,0,0.208913043,0,0.101086957,0,8.52E-14,5.97E-07,0,4.59E-07,0
27/08/2017,2,0.33,0,0,0.222391304,0,0.107608696,0,6.52E-14,5.31E-07,0,4.09E-07,0
27/08/2017,3,0.32,0,0,0.215652174,0,0.104347826,0,7.97E-14,5.84E-07,0,4.49E-07,0
27/08/2017,4,0.26,0,0,0.175217391,0,0.084782609,0,1.03E-13,6.25E-07,0,4.83E-07,0
27/08/2017,5,0.18,0,0,0.121304348,0,0.058695652,0,6.27E-13,1.23E-06,0,9.69E-07,0
27/08/2017,6,0.18,0.242827,0.166902969,0.013097031,0.074422228,0,2.86E-13,0,0,6.91E-07,0,7.26E-07
27/08/2017,7,0.38,0.981565,0.38,4.77E-14,0.513936161,0,5.93E-14,0,0,6.50E-07,0,7.11E-07
27/08/2017,8,0.31,1.83299,0.31,1.58E-26,1.247957371,0,2.67E-26,0,0,0.004092192,0,0.002455315
27/08/2017,9,0.46,2.539488,0.46,2.87E-26,1.664501476,0,6.11E-26,0,0,0.226777792,0,0.136066675
27/08/2017,10,2.96,2.962583,2.23344382,0.72655618,0.72913918,0,7.98E-15,0,0,4.13E-07,0,3.64E-07
27/08/2017,11,0.73,3.215792,0.73,2.80E-20,1.980321001,0,3.98E-20,0,0,0.39561576,0,0.237369456
27/08/2017,12,1.21,3.252175,1.21,6.60E-13,1.691970159,0,7.95E-13,0,0,0.241462624,0,0.144877574
27/08/2017,13,1.15,3.067455,1.15,3.30E-21,1.596693106,0,1.51E-21,0,0,0.190527255,0,0.114316353
27/08/2017,14,1.12,2.59026,1.12,5.12E-14,1.268562346,0,5.66E-14,0,0,0.015107667,0,0.0090646
27/08/2017,15,1.14,1.916439,1.14,3.65E-14,0.715531339,0,1.62E-14,0,0,4.61E-07,0,4.69E-07
27/08/2017,16,0,0.457921,0,0,0.367972232,0,7.28E-14,0,0,9.91E-07,0,5.83E-07
27/08/2017,17,1.24,0.120976,0.120976,0.75412487,0,0.36489913,0,2.94E-14,7.53E-07,0,5.84E-07,0
27/08/2017,18,1.22,0,0,0.822173913,0,0.397826087,0,3.24E-14,7.59E-07,0,5.83E-07,0
27/08/2017,19,1.23,0,0,0.828913043,0,0.401086957,0,2.88E-14,7.20E-07,0,5.55E-07,0
27/08/2017,20,1.32,0,0,0.889565217,0,0.430434783,0,3.24E-14,7.84E-07,0,5.96E-07,0
27/08/2017,21,1.16,0,0,0.78173913,0,0.37826087,0,4.43E-14,8.71E-07,0,6.72E-07,0
27/08/2017,22,1.17,0,0,0.788478261,0,0.381521739,0,4.26E-14,8.57E-07,0,6.61E-07,0
27/08/2017,23,1.13,0,0,0.761521739,0,0.368478261,0,7.57E-14,1.14E-06,0,8.70E-07,0
28/08/2017,0,1.11,0,0,0.748043478,0,0.361956522,0,8.00E-14,1.17E-06,0,8.99E-07,0
28/08/2017,1,0.37,0,0,0.249347826,0,0.120652174,0,6.10E-14,5.67E-07,0,4.41E-07,0
28/08/2017,2,0.37,0,0,0.249347826,0,0.120652174,0,6.10E-14,5.67E-07,0,4.41E-07,0
28/08/2017,3,0.33,0,0,0.222391304,0,0.107608696,0,6.52E-14,5.31E-07,0,4.09E-07,0
28/08/2017,4,0.32,0,0,0.215652174,0,0.104347826,0,7.97E-14,5.84E-07,0,4.49E-07,0
28/08/2017,5,0.28,0,0,0.188695652,0,0.091304348,0,8.01E-14,5.70E-07,0,4.40E-07,0
28/08/2017,6,0.23,0.276601,0.197125098,0.032874902,0.079475902,0,8.48E-14,0,0,2.92E-07,0,2.81E-07
28/08/2017,7,0.25,0.29089,0.209304754,0.040695246,0.081585246,0,7.17E-14,0,0,2.69E-07,0,2.68E-07
28/08/2017,8,0.8,1.068646,0.736760746,0.063239254,0.325897496,0,2.67E-14,0,0,4.92E-07,0,4.73E-07
28/08/2017,9,1.4,1.386746,1.309594026,0.060925765,0,0.029480209,0,5.42E-13,9.31E-07,0,7.20E-07,0
28/08/2017,10,2.05,1.803015,1.724591703,0.219296896,0,0.106111401,0,7.83E-14,8.41E-07,0,6.51E-07,0
28/08/2017,11,1.32,0.766689,0.766689,0.3728835,0,0.1804275,0,9.27E-14,9.69E-07,0,7.51E-07,0
28/08/2017,12,2.48,2.19937,2.101739766,0.254914505,0,0.123345728,0,6.11E-14,5.47E-07,0,4.32E-07,0
28/08/2017,13,2.92,2.200246,2.144400418,0.522686675,0,0.252912907,0,5.46E-14,8.22E-07,0,6.20E-07,0
28/08/2017,14,1.63,1.166293,1.144520184,0.32717118,0,0.158308636,0,8.73E-14,8.47E-07,0,6.49E-07,0
28/08/2017,15,2.07,1.374817,1.363305138,0.476250885,0,0.230443977,0,4.12E-14,7.06E-07,0,5.44E-07,0
28/08/2017,16,1.14,0.716989,0.716745433,0.285236773,0,0.138017793,0,1.03E-13,8.32E-07,0,6.37E-07,0
28/08/2017,17,1.19,0.433025,0.433025,0.510135326,0,0.246839674,0,5.66E-14,8.77E-07,0,6.85E-07,0
28/08/2017,18,1.77,0.027282,0.027282,1.19801499,0,0.54470301,0,7.48E-21,0.024851556,0,0.021688631,0
28/08/2017,19,2.19,0,0,1.561969355,0,0.628030645,0,1.27E-25,0.090763528,0,0.079211806,0
28/08/2017,20,1.34,0,0,0.903043478,0,0.436956522,0,2.04E-14,6.78E-07,0,5.19E-07,0
28/08/2017,21,1.37,0,0,0.92326087,0,0.44673913,0,2.12E-14,6.80E-07,0,5.21E-07,0
28/08/2017,22,1.33,0,0,0.896304348,0,0.433695652,0,5.62E-14,1.11E-06,0,8.47E-07,0
28/08/2017,23,1.26,0,0,0.849130435,0,0.410869565,0,2.77E-14,7.14E-07,0,5.47E-07,0
29/08/2017,0,0.87,0,0,0.586304348,0,0.283695652,0,2.61E-14,5.48E-07,0,4.20E-07,0
29/08/2017,1,0.29,0,0,0.195434783,0,0.094565217,0,9.60E-14,6.28E-07,0,4.83E-07,0
29/08/2017,2,0.25,0,0,0.168478261,0,0.081521739,0,1.63E-13,7.79E-07,0,6.03E-07,0
29/08/2017,3,0.34,0,0,0.229130435,0,0.110869565,0,6.68E-14,5.46E-07,0,4.22E-07,0
29/08/2017,4,0.29,0,0,0.195434783,0,0.094565217,0,9.60E-14,6.28E-07,0,4.83E-07,0
29/08/2017,5,0.32,0,0,0.215652174,0,0.104347826,0,7.97E-14,5.84E-07,0,4.49E-07,0
29/08/2017,6,0.28,0.252195,0.240583344,0.026563399,0,0.012853258,0,1.84E-12,1.18E-06,0,9.28E-07,0
29/08/2017,7,1.23,1.00287,0.9678,0.1767,0,0.0855,0,1.90E-13,9.38E-07,0,7.25E-07,0
29/08/2017,8,1.06,1.780596,1.06,3.68E-14,0.664228929,0,1.62E-14,0,0,4.31E-07,0,4.64E-07
29/08/2017,9,0.58,2.23879,0.58,9.05E-16,1.366616369,0,1.25E-15,0,0,0.067527612,0,0.040516567
29/08/2017,10,0.36,2.894489,0.36,5.67E-19,1.988846519,0,9.64E-19,0,0,0.400173525,0,0.240104115
29/08/2017,11,0.39,3.296978,0.39,3.13E-23,2.261896117,0,5.03E-23,0,0,0.549773143,0,0.329863886
29/08/2017,12,1.07,3.297074,1.07,3.98E-21,1.816532224,0,5.25E-21,0,0,0.308053839,0,0.184832304
29/08/2017,13,1.27,3.039251,1.27,3.81E-19,1.497418965,0,5.17E-19,0,0,0.137455032,0,0.082473019
29/08/2017,14,1.28,2.637535,1.28,1.35E-14,1.193733482,0,1.26E-14,0,0,3.80E-07,0,5.28E-07
29/08/2017,15,1.15,1.990472,1.15,5.40E-14,0.76779,0,2.88E-14,0,0,8.08E-07,0,7.58E-07
29/08/2017,16,1.25,1.209995,1.145386048,0.070500707,0,0.034113245,0,6.72E-13,1.16E-06,0,9.16E-07,0
29/08/2017,17,1.26,0.525312,0.525312,0.495115826,0,0.239572174,0,2.28E-14,5.25E-07,0,4.09E-07,0
29/08/2017,18,1.24,0.029947,0.029947,0.8154705,0,0.3945825,0,7.15E-14,1.17E-06,0,8.99E-07,0
29/08/2017,19,1.25,0,0,0.842391304,0,0.407608696,0,2.82E-14,7.17E-07,0,5.49E-07,0
29/08/2017,20,1.26,0,0,0.849130435,0,0.410869565,0,2.77E-14,7.14E-07,0,5.47E-07,0
29/08/2017,21,1.35,0,0,0.909782609,0,0.440217391,0,2.28E-14,7.14E-07,0,5.47E-07,0
29/08/2017,22,1.46,0,0,0.983913043,0,0.476086957,0,2.86E-14,7.97E-07,0,6.09E-07,0
29/08/2017,23,1.38,0,0,0.93,0,0.45,0,2.17E-14,6.91E-07,0,5.29E-07,0
30/08/2017,0,1.33,0,0,0.896304348,0,0.433695652,0,5.62E-14,1.11E-06,0,8.47E-07,0
30/08/2017,1,1.26,0,0,0.849130435,0,0.410869565,0,2.77E-14,7.14E-07,0,5.47E-07,0
30/08/2017,2,0.32,0,0,0.215652174,0,0.104347826,0,7.97E-14,5.84E-07,0,4.49E-07,0
30/08/2017,3,0.27,0,0,0.181956522,0,0.088043478,0,8.93E-14,5.93E-07,0,4.58E-07,0
30/08/2017,4,0.31,0,0,0.208913043,0,0.101086957,0,8.52E-14,5.97E-07,0,4.59E-07,0
30/08/2017,5,0.33,0,0,0.222391304,0,0.107608696,0,6.52E-14,5.31E-07,0,4.09E-07,0
30/08/2017,6,0.32,0.097573,0.097573,0.149896457,0,0.072530543,0,1.69E-13,8.21E-07,0,6.38E-07,0
30/08/2017,7,0.43,0.576592,0.397051896,0.032948104,0.176179254,0,3.02E-14,0,0,2.38E-07,0,3.20E-07
30/08/2017,8,0.56,0.604457,0.444887984,0.115112016,0.159569016,0,3.42E-14,0,0,2.26E-07,0,2.42E-07
30/08/2017,9,1.03,1.43623,0.977257997,0.052742003,0.447346449,0,2.78E-14,0,0,2.99E-07,0,4.47E-07
30/08/2017,10,0.2,1.428977,0.2,1.57E-14,1.003642232,0,2.75E-14,0,0,7.37E-07,0,6.92E-07
30/08/2017,11,0.21,2.526366,0.21,3.06E-22,1.818931643,0,5.11E-22,0,0,0.309336575,0,0.185601945
30/08/2017,12,0.28,1.162493,0.28,9.74E-15,0.731646161,0,1.54E-14,0,0,5.25E-07,0,5.23E-07
30/08/2017,13,0.27,0.818527,0.27,4.59E-14,0.462477054,0,6.38E-14,0,0,6.79E-07,0,7.27E-07
30/08/2017,14,0.27,0.402197,0.268392034,0.001607966,0.129089065,0,1.98E-13,0,0,5.02E-07,0,5.61E-07
30/08/2017,15,0.28,0.624727,0.28,4.08E-14,0.299512768,0,4.33E-14,0,0,5.09E-07,0,5.07E-07
30/08/2017,16,0.21,0.787065,0.21,9.70E-15,0.480587946,0,1.48E-14,0,0,3.89E-07,0,3.70E-07
30/08/2017,17,0.22,0.405318,0.22,5.01E-14,0.166594821,0,3.51E-14,0,0,2.63E-07,0,2.77E-07
30/08/2017,18,0.3,0,0,0.202173913,0,0.097826087,0,9.19E-14,6.14E-07,0,4.72E-07,0
30/08/2017,19,0.24,0,0,0.16173913,0,0.07826087,0,1.70E-13,7.88E-07,0,6.12E-07,0
30/08/2017,20,0.29,0,0,0.195434783,0,0.094565217,0,9.60E-14,6.28E-07,0,4.83E-07,0
30/08/2017,21,0.29,0,0,0.195434783,0,0.094565217,0,9.60E-14,6.28E-07,0,4.83E-07,0
30/08/2017,22,0.54,0,0,0.363913043,0,0.176086957,0,8.84E-14,8.55E-07,0,6.64E-07,0
30/08/2017,23,0.4,0,0,0.269565217,0,0.130434783,0,9.36E-14,7.27E-07,0,5.71E-07,0
31/08/2017,0,0.28,0,0,0.188695652,0,0.091304348,0,8.01E-14,5.70E-07,0,4.40E-07,0
31/08/2017,1,0.26,0,0,0.175217391,0,0.084782609,0,1.03E-13,6.25E-07,0,4.83E-07,0
31/08/2017,2,0.24,0,0,0.16173913,0,0.07826087,0,1.70E-13,7.88E-07,0,6.12E-07,0
31/08/2017,3,0.24,0,0,0.16173913,0,0.07826087,0,1.70E-13,7.88E-07,0,6.12E-07,0
31/08/2017,4,0.29,0,0,0.195434783,0,0.094565217,0,9.60E-14,6.28E-07,0,4.83E-07,0
31/08/2017,5,0.31,0.000502,0.000502,0.208574739,0,0.100923261,0,1.49E-13,8.12E-07,0,6.31E-07,0
31/08/2017,6,0.29,0.261306,0.249263848,0.027452624,0,0.013283528,0,1.68E-12,1.15E-06,0,9.01E-07,0
31/08/2017,7,0.29,0.883309,0.29,1.19E-14,0.500069732,0,1.66E-14,0,0,4.68E-07,0,4.23E-07
31/08/2017,8,0.22,1.581622,0.22,1.58E-14,1.111839107,0,2.76E-14,0,0,9.10E-07,0,8.08E-07
31/08/2017,9,0.38,2.328777,0.38,7.66E-17,1.563400073,0,1.20E-16,0,0,0.17272871,0,0.103637226
31/08/2017,10,0.26,2.936641,0.26,1.87E-18,2.085167305,0,3.05E-18,0,0,0.451666876,0,0.271000126
31/08/2017,11,0.19,3.094731,0.19,1.31E-22,2.245750183,0,2.31E-22,0,0,0.540744167,0,0.3244465
31/08/2017,12,0.3,3.371073,0.3,1.59E-12,2.374457525,0,3.19E-12,0,0,0.612718668,0,0.367631201
31/08/2017,13,0.49,3.040671,0.49,5.05E-22,2.010116217,0,7.88E-22,0,0,0.411544363,0,0.246926618
31/08/2017,14,0.39,2.551241,0.39,5.31E-17,1.718986219,0,1.07E-16,0,0,0.255905482,0,0.153543289
31/08/2017,15,0.31,1.663237,0.31,3.79E-15,1.112333304,0,6.35E-15,0,0,5.14E-07,0,4.31E-07
31/08/2017,16,0.51,1.078665,0.51,6.64E-14,0.497945089,0,6.49E-14,0,0,9.31E-07,0,7.94E-07
31/08/2017,17,1.15,0.491052,0.491052,0.444073652,0,0.214874348,0,2.62E-14,5.24E-07,0,4.06E-07,0
31/08/2017,18,1.24,0,0,0.835652174,0,0.404347826,0,2.88E-14,7.23E-07,0,5.53E-07,0
31/08/2017,19,1.13,0,0,0.761521739,0,0.368478261,0,7.57E-14,1.14E-06,0,8.70E-07,0
31/08/2017,20,1.15,0,0,0.775,0,0.375,0,4.69E-14,8.93E-07,0,6.89E-07,0
31/08/2017,21,1.25,0,0,0.842391304,0,0.407608696,0,2.82E-14,7.17E-07,0,5.49E-07,0
31/08/2017,22,0.57,0,0,0.384130435,0,0.185869565,0,7.42E-14,7.91E-07,0,6.10E-07,0
31/08/2017,23,0.8,0,0,0.539130435,0,0.260869565,0,2.95E-14,5.68E-07,0,4.40E-07,0
01/09/2017,0,0.45,0,0,0.30326087,0,0.14673913,0,1.90E-13,1.14E-06,0,8.86E-07,0
01/09/2017,1,0.2,0,0,0.134782609,0,0.065217391,0,6.50E-13,1.38E-06,0,1.08E-06,0
01/09/2017,2,0.18,0,0,0.121304348,0,0.058695652,0,6.27E-13,1.23E-06,0,9.69E-07,0
01/09/2017,3,0.18,0,0,0.121304348,0,0.058695652,0,6.27E-13,1.23E-06,0,9.69E-07,0
01/09/2017,4,0.21,0,0,0.141521739,0,0.068478261,0,3.88E-13,1.11E-06,0,8.60E-07,0
01/09/2017,5,0.26,0.002905,0.002905,0.173259674,0,0.083835326,0,4.14E-13,1.23E-06,0,9.38E-07,0
01/09/2017,6,0.28,0.276248,0.260984782,0.012814604,0,0.006200615,0,3.61E-12,1.15E-06,0,9.03E-07,0
01/09/2017,7,0.27,1.018694,0.27,1.40E-14,0.623325536,0,2.14E-14,0,0,6.38E-07,0,5.77E-07
01/09/2017,8,0.41,1.85384,0.41,1.51E-14,1.193175,0,2.44E-14,0,0,8.52E-07,0,8.43E-07
01/09/2017,9,0.33,2.430032,0.33,2.20E-24,1.670000023,0,4.08E-24,0,0,0.22971733,0,0.137830398
01/09/2017,10,0.42,3.015844,0.42,2.47E-17,2.037939128,0,3.91E-17,0,0,0.426418566,0,0.25585114
01/09/2017,11,0.31,3.243043,0.31,1.26E-27,2.275006932,0,2.09E-27,0,0,0.557104849,0,0.334262909
01/09/2017,12,1.37,3.24017,1.37,4.65E-25,1.578263789,0,5.87E-25,0,0,0.180674893,0,0.108404936
01/09/2017,13,2.14,2.992067,2.034247476,0.105752524,0.933142718,0,2.12E-14,0,0,8.49E-07,0,7.17E-07
01/09/2017,14,1.21,2.564117,1.21,1.44E-14,1.185361875,0,1.41E-14,0,0,5.25E-07,0,5.64E-07
01/09/2017,15,1.11,1.959334,1.11,3.67E-14,0.771696964,0,2.16E-14,0,0,6.33E-07,0,5.61E-07
01/09/2017,16,1.08,1.210959,0.880979164,0.199020836,0.329979836,0,7.50E-14,0,0,5.07E-07,0,6.87E-07
01/09/2017,17,1.14,0.516525,0.516525,0.420167935,0,0.203307065,0,1.67E-13,1.31E-06,0,1.01E-06,0
01/09/2017,18,1.25,0,0,0.842391304,0,0.407608696,0,2.82E-14,7.17E-07,0,5.49E-07,0
01/09/2017,19,1.25,0,0,0.842391304,0,0.407608696,0,2.82E-14,7.17E-07,0,5.49E-07,0
01/09/2017,20,1.17,0,0,0.788478261,0,0.381521739,0,4.26E-14,8.57E-07,0,6.61E-07,0
01/09/2017,21,0.78,0,0,0.525652174,0,0.254347826,0,3.72E-14,6.31E-07,0,4.91E-07,0
01/09/2017,22,1.15,0,0,0.775,0,0.375,0,4.69E-14,8.93E-07,0,6.89E-07,0
01/09/2017,23,0.36,0,0,0.242608696,0,0.117391304,0,2.18E-13,1.07E-06,0,8.27E-07,0
02/09/2017,0,0.28,0,0,0.188695652,0,0.091304348,0,8.01E-14,5.70E-07,0,4.40E-07,0
02/09/2017,1,0.36,0,0,0.242608696,0,0.117391304,0,2.18E-13,1.07E-06,0,8.27E-07,0
02/09/2017,2,0.31,0,0,0.208913043,0,0.101086957,0,8.52E-14,5.97E-07,0,4.59E-07,0
02/09/2017,3,0.29,0,0,0.195434783,0,0.094565217,0,9.60E-14,6.28E-07,0,4.83E-07,0
02/09/2017,4,0.28,0,0,0.188695652,0,0.091304348,0,8.01E-14,5.70E-07,0,4.40E-07,0
02/09/2017,5,0.18,0.00613,0.00613,0.117173261,0,0.056696739,0,1.18E-13,5.66E-07,0,4.36E-07,0
02/09/2017,6,0.29,0.319916,0.233891738,0.056108262,0.086024262,0,3.03E-13,0,0,8.91E-07,0,7.55E-07
02/09/2017,7,0.2,0.501635,0.2,1.71E-14,0.258456696,0,2.08E-14,0,0,2.55E-07,0,2.63E-07
02/09/2017,8,0.32,1.732919,0.32,3.91E-15,1.161095625,0,6.57E-15,0,0,5.40E-07,0,4.46E-07
02/09/2017,9,0.5,2.431015,0.5,1.12E-19,1.559200361,0,5.17E-20,0,0,0.170483533,0,0.10229012
02/09/2017,10,0.38,2.921682,0.38,2.49E-18,1.995546962,0,5.09E-18,0,0,0.4037556,0,0.24225336
02/09/2017,11,0.46,3.228102,0.46,9.11E-24,2.16618608,0,1.43E-23,0,0,0.496251083,0,0.29775065
02/09/2017,12,1.14,3.109172,1.14,5.78E-14,1.633658883,0,7.37E-14,0,0,0.210289259,0,0.126173555
02/09/2017,13,1.19,2.796421,1.19,6.21E-16,1.372907191,0,6.78E-16,0,0,0.070890703,0,0.042534422
02/09/2017,14,1.15,2.497226,1.15,1.37E-14,1.175003036,0,1.40E-14,0,0,5.30E-07,0,5.68E-07
02/09/2017,15,1.15,1.591868,1.08555812,0.06444188,0.494088503,0,2.40E-14,0,0,4.14E-07,0,4.80E-07
02/09/2017,16,1.23,1.11235,1.060659496,0.114120774,0,0.05521973,0,5.77E-13,1.28E-06,0,1.00E-06,0
02/09/2017,17,1.22,0.561783,0.561783,0.443581022,0,0.214635978,0,1.09E-13,1.13E-06,0,8.86E-07,0
02/09/2017,18,1.21,0,0,0.815434783,0,0.394565217,0,3.42E-14,7.77E-07,0,5.95E-07,0
02/09/2017,19,1.24,0,0,0.835652174,0,0.404347826,0,2.88E-14,7.23E-07,0,5.53E-07,0
02/09/2017,20,1.14,0,0,0.76826087,0,0.37173913,0,3.67E-14,7.78E-07,0,5.92E-07,0
02/09/2017,21,1.24,0,0,0.835652174,0,0.404347826,0,2.88E-14,7.23E-07,0,5.53E-07,0
02/09/2017,22,1.24,0,0,0.835652174,0,0.404347826,0,2.88E-14,7.23E-07,0,5.53E-07,0
02/09/2017,23,0.74,0,0,0.498695652,0,0.241304348,0,1.49E-13,1.26E-06,0,9.82E-07,0
03/09/2017,0,0.3,0,0,0.202173913,0,0.097826087,0,9.19E-14,6.14E-07,0,4.72E-07,0
03/09/2017,1,0.31,0,0,0.208913043,0,0.101086957,0,8.52E-14,5.97E-07,0,4.59E-07,0
03/09/2017,2,0.28,0,0,0.188695652,0,0.091304348,0,8.01E-14,5.70E-07,0,4.40E-07,0
03/09/2017,3,0.24,0,0,0.16173913,0,0.07826087,0,1.70E-13,7.88E-07,0,6.12E-07,0
03/09/2017,4,0.26,0,0,0.175217391,0,0.084782609,0,1.03E-13,6.25E-07,0,4.83E-07,0
03/09/2017,5,0.25,0.011278,0.011278,0.16087787,0,0.07784413,0,9.61E-14,5.95E-07,0,4.59E-07,0
03/09/2017,6,0.21,0.263606,0.185362075,0.024637925,0.07776975,0,1.00E-13,0,0,3.05E-07,0,3.59E-07
03/09/2017,7,0.43,0.782259,0.43,3.29E-14,0.317618839,0,2.20E-14,0,0,4.41E-07,0,3.87E-07
03/09/2017,8,0.28,1.17814,0.28,1.01E-14,0.744219643,0,1.60E-14,0,0,5.45E-07,0,5.32E-07
03/09/2017,9,0.37,2.261974,0.37,1.16E-17,1.521269569,0,1.90E-17,0,0,0.150205629,0,0.090123377
03/09/2017,10,0.33,2.202188,0.33,1.10E-19,1.503932819,0,1.88E-19,0,0,0.140937356,0,0.084562413
03/09/2017,11,0.36,2.747105,0.36,7.95E-16,1.881423682,0,9.43E-16,0,0,0.342744987,0,0.205646992
03/09/2017,12,0.24,2.63756,0.24,6.80E-16,1.880297588,0,1.50E-15,0,0,0.342142974,0,0.205285784
03/09/2017,13,0.63,1.886464,0.63,5.92E-15,1.060283571,0,8.17E-15,0,0,3.41E-07,0,3.98E-07
03/09/2017,14,1.14,2.034507,1.14,3.52E-14,0.810407411,0,2.18E-14,0,0,6.50E-07,0,5.77E-07
03/09/2017,15,1.25,1.579865,1.108469315,0.141530685,0.467873531,0,3.43E-14,0,0,4.27E-07,0,5.17E-07
03/09/2017,16,1.32,0.796311,0.796311,0.352920848,0,0.170768152,0,7.10E-14,8.12E-07,0,6.32E-07,0
03/09/2017,17,1.22,0.40368,0.40368,0.550128696,0,0.266191304,0,7.26E-14,1.02E-06,0,7.96E-07,0
03/09/2017,18,1.25,0,0,0.842391304,0,0.407608696,0,2.82E-14,7.17E-07,0,5.49E-07,0
03/09/2017,19,1.15,0,0,0.775,0,0.375,0,4.69E-14,8.93E-07,0,6.89E-07,0
03/09/2017,20,1.16,0,0,0.78173913,0,0.37826087,0,4.43E-14,8.71E-07,0,6.72E-07,0
03/09/2017,21,1.09,0,0,0.734565217,0,0.355434783,0,7.98E-14,1.17E-06,0,9.03E-07,0
03/09/2017,22,1.17,0,0,0.788478261,0,0.381521739,0,4.26E-14,8.57E-07,0,6.61E-07,0
03/09/2017,23,1.34,0,0,0.903043478,0,0.436956522,0,2.04E-14,6.78E-07,0,5.19E-07,0
04/09/2017,0,1.38,0,0,0.93,0,0.45,0,2.17E-14,6.91E-07,0,5.29E-07,0
04/09/2017,1,0.75,0,0,0.505434783,0,0.244565217,0,2.58E-14,5.13E-07,0,4.03E-07,0
04/09/2017,2,0.36,0,0,0.242608696,0,0.117391304,0,2.18E-13,1.07E-06,0,8.27E-07,0
04/09/2017,3,0.2,0,0,0.134782609,0,0.065217391,0,6.50E-13,1.38E-06,0,1.08E-06,0
04/09/2017,4,0.23,0,0,0.155,0,0.075,0,1.34E-13,6.83E-07,0,5.31E-07,0
04/09/2017,5,0.22,0.005215,0.005215,0.144746413,0,0.070038587,0,9.97E-14,5.75E-07,0,4.42E-07,0
04/09/2017,6,0.25,0.182373,0.178503221,0.048182612,0,0.023314167,0,2.31E-13,4.92E-07,0,3.78E-07,0
04/09/2017,7,0.32,0.178545,0.178545,0.09532837,0,0.04612663,0,1.17E-13,4.99E-07,0,3.84E-07,0
04/09/2017,8,0.56,0.312166,0.312166,0.167018565,0,0.080815435,0,1.59E-13,8.33E-07,0,6.48E-07,0
04/09/2017,9,1.2,0.296713,0.296713,0.608736891,0,0.294550109,0,1.05E-13,1.21E-06,0,9.48E-07,0
04/09/2017,10,1.47,0.366341,0.366341,0.743770196,0,0.359888804,0,2.25E-14,6.20E-07,0,4.71E-07,0
04/09/2017,11,1.26,0.398092,0.398092,0.580851043,0,0.281056957,0,5.71E-14,9.27E-07,0,7.20E-07,0
04/09/2017,12,1.16,0.451884,0.451884,0.477208609,0,0.230907391,0,2.57E-14,5.37E-07,0,4.16E-07,0
04/09/2017,13,1.29,0.369232,0.369232,0.620517565,0,0.300250435,0,3.45E-14,7.34E-07,0,5.68E-07,0
04/09/2017,14,1.35,0.367526,0.367526,0.662102043,0,0.320371957,0,8.35E-14,1.17E-06,0,9.12E-07,0
04/09/2017,15,1.3,0.260334,0.260334,0.700644478,0,0.339021522,0,3.61E-14,8.12E-07,0,6.32E-07,0
04/09/2017,16,1.29,0.245115,0.245115,0.70416163,0,0.34072337,0,4.51E-14,8.90E-07,0,6.89E-07,0
04/09/2017,17,1.27,0.325663,0.325663,0.636401022,0,0.307935978,0,1.04E-13,1.23E-06,0,9.62E-07,0
04/09/2017,18,1.34,0,0,0.903043478,0,0.436956522,0,2.04E-14,6.78E-07,0,5.19E-07,0
04/09/2017,19,1.25,0,0,0.842391304,0,0.407608696,0,2.82E-14,7.17E-07,0,5.49E-07,0
04/09/2017,20,1.2,0,0,0.808695652,0,0.391304348,0,4.60E-14,8.90E-07,0,6.81E-07,0
04/09/2017,21,1.25,0,0,0.842391304,0,0.407608696,0,2.82E-14,7.17E-07,0,5.49E-07,0
04/09/2017,22,1.38,0,0,0.93,0,0.45,0,2.17E-14,6.91E-07,0,5.29E-07,0
04/09/2017,23,1.4,0,0,0.943478261,0,0.456521739,0,2.44E-14,7.34E-07,0,5.62E-07,0
05/09/2017,0,1.49,0,0,1.004130435,0,0.485869565,0,2.20E-14,6.76E-07,0,5.17E-07,0
05/09/2017,1,1.32,0,0,0.889565217,0,0.430434783,0,3.24E-14,7.84E-07,0,5.96E-07,0
05/09/2017,2,1.22,0,0,0.822173913,0,0.397826087,0,3.24E-14,7.59E-07,0,5.83E-07,0
05/09/2017,3,0.95,0,0,0.640217391,0,0.309782609,0,2.66E-14,6.00E-07,0,4.63E-07,0
05/09/2017,4,0.26,0,0,0.175217391,0,0.084782609,0,1.03E-13,6.25E-07,0,4.83E-07,0
05/09/2017,5,0.27,0.01709,0.01709,0.170439348,0,0.082470652,0,3.90E-13,1.25E-06,0,9.66E-07,0
05/09/2017,6,0.74,0.331154,0.331154,0.275526652,0,0.133319348,0,6.98E-14,6.80E-07,0,5.23E-07,0
05/09/2017,7,1.21,0.79848,0.792533743,0.281335956,0,0.136130301,0,2.27E-13,1.23E-06,0,9.40E-07,0
05/09/2017,8,1.23,1.734725,1.176338401,0.053661599,0.54323071,0,1.65E-14,0,0,4.58E-07,0,4.20E-07
05/09/2017,9,0.32,1.603043,0.32,5.85E-15,1.056730982,0,9.68E-15,0,0,4.49E-07,0,4.08E-07
05/09/2017,10,0.61,2.589357,0.61,5.01E-13,1.602452587,0,1.21E-12,0,0,0.193606289,0,0.116163773
05/09/2017,11,1.27,2.719763,1.27,4.12E-27,1.264467987,0,4.07E-27,0,0,0.01342366,0,0.008054196
05/09/2017,12,1.17,2.56068,1.17,1.37E-14,1.211528571,0,1.42E-14,0,0,5.57E-07,0,5.75E-07
05/09/2017,13,1.34,2.220646,1.34,4.56E-14,0.815340536,0,1.81E-14,0,0,4.68E-07,0,5.09E-07
05/09/2017,14,1.21,0.710667,0.710667,0.336507022,0,0.162825978,0,4.24E-14,6.27E-07,0,4.92E-07,0
05/09/2017,15,1.24,1.589689,1.110276326,0.129723674,0.474460961,0,3.41E-14,0,0,4.18E-07,0,5.12E-07
05/09/2017,16,1.37,0.777609,0.777609,0.399220022,0,0.193170978,0,1.65E-13,1.33E-06,0,1.04E-06,0
05/09/2017,17,1.24,0.423876,0.423876,0.549996609,0,0.266127391,0,8.70E-14,1.11E-06,0,8.60E-07,0
05/09/2017,18,1.2,0,0,0.808695652,0,0.391304348,0,4.60E-14,8.90E-07,0,6.81E-07,0
05/09/2017,19,4.3,0,0,3.278881079,0,1.021118921,0,5.68E-27,0.40169547,0,0.350570592,0
05/09/2017,20,2.1,0,0,1.488736153,0,0.611263847,0,6.35E-20,0.077501028,0,0.067637261,0
05/09/2017,21,1.24,0,0,0.835652174,0,0.404347826,0,2.88E-14,7.23E-07,0,5.53E-07,0
05/09/2017,22,2.5,0,0,1.814217049,0,0.685782951,0,3.70E-23,0.136445472,0,0.119079685,0
05/09/2017,23,3.69,0,0,2.782522713,0,0.907477287,0,3.58E-20,0.311805193,0,0.272120896,0
06/09/2017,0,1.5,0,0,1.010869565,0,0.489130435,0,2.29E-14,6.79E-07,0,5.16E-07,0
06/09/2017,1,1.31,0,0,0.882826087,0,0.427173913,0,3.26E-14,7.85E-07,0,5.96E-07,0
06/09/2017,2,0.78,0,0,0.525652174,0,0.254347826,0,3.72E-14,6.31E-07,0,4.91E-07,0
06/09/2017,3,0.35,0,0,0.235869565,0,0.114130435,0,1.79E-13,9.39E-07,0,7.27E-07,0
06/09/2017,4,0.25,0,0,0.168478261,0,0.081521739,0,1.63E-13,7.79E-07,0,6.03E-07,0
06/09/2017,5,0.24,0.025293,0.025293,0.144693848,0,0.070013152,0,8.27E-14,5.45E-07,0,4.21E-07,0
06/09/2017,6,0.38,0.262528,0.258874395,0.081628125,0,0.03949748,0,4.57E-13,1.01E-06,0,7.92E-07,0
06/09/2017,7,1.17,0.857439,0.838731297,0.2232463,0,0.108022403,0,1.26E-13,8.19E-07,0,6.26E-07,0
06/09/2017,8,1.17,1.72518,1.154633316,0.015366684,0.551258048,0,2.53E-14,0,0,5.08E-07,0,4.18E-07
06/09/2017,9,1.35,2.202301,1.35,4.61E-14,0.793366875,0,1.58E-14,0,0,4.80E-07,0,4.95E-07
06/09/2017,10,1.23,2.536059,1.23,1.47E-14,1.148350982,0,1.37E-14,0,0,3.77E-07,0,5.29E-07
06/09/2017,11,1.17,3.249362,1.17,3.75E-13,1.716158957,0,4.68E-13,0,0,0.25439402,0,0.152636412
06/09/2017,12,0.3,3.254679,0.3,3.89E-15,2.28998367,0,6.48E-15,0,0,0.565479999,0,0.339287999
06/09/2017,13,0.33,2.647276,0.33,2.07E-15,1.828341273,0,4.55E-15,0,0,0.314366988,0,0.188620193
06/09/2017,14,0.55,2.484927,0.55,6.64E-22,1.565695994,0,2.66E-22,0,0,0.173956115,0,0.104373669
06/09/2017,15,1.19,1.994459,1.19,4.13E-14,0.742065268,0,1.79E-14,0,0,5.18E-07,0,4.99E-07
06/09/2017,16,1.26,0.907434,0.889710461,0.24954295,0,0.120746589,0,1.07E-13,8.04E-07,0,6.13E-07,0
06/09/2017,17,1.22,0.591769,0.591769,0.423373065,0,0.204857935,0,3.20E-14,5.51E-07,0,4.21E-07,0
06/09/2017,18,1.39,0,0,0.93673913,0,0.45326087,0,2.28E-14,7.09E-07,0,5.43E-07,0
06/09/2017,19,1.37,0,0,0.92326087,0,0.44673913,0,2.12E-14,6.80E-07,0,5.21E-07,0
06/09/2017,20,1.2,0,0,0.808695652,0,0.391304348,0,4.60E-14,8.90E-07,0,6.81E-07,0
06/09/2017,21,1.23,0,0,0.828913043,0,0.401086957,0,2.88E-14,7.20E-07,0,5.55E-07,0
06/09/2017,22,1.26,0,0,0.849130435,0,0.410869565,0,2.77E-14,7.14E-07,0,5.47E-07,0
06/09/2017,23,1.24,0,0,0.835652174,0,0.404347826,0,2.88E-14,7.23E-07,0,5.53E-07,0
07/09/2017,0,0.53,0,0,0.357173913,0,0.172826087,0,7.95E-14,8.04E-07,0,6.26E-07,0
07/09/2017,1,0.37,0,0,0.249347826,0,0.120652174,0,6.10E-14,5.67E-07,0,4.41E-07,0
07/09/2017,2,0.39,0,0,0.262826087,0,0.127173913,0,3.46E-13,1.38E-06,0,1.08E-06,0
07/09/2017,3,0.36,0,0,0.242608696,0,0.117391304,0,2.18E-13,1.07E-06,0,8.27E-07,0
07/09/2017,4,0.29,0,0,0.195434783,0,0.094565217,0,9.60E-14,6.28E-07,0,4.83E-07,0
07/09/2017,5,0.24,0.026309,0.026309,0.144009152,0,0.069681848,0,8.25E-14,5.43E-07,0,4.20E-07,0
07/09/2017,6,0.26,0.317105,0.225086148,0.034913852,0.092018852,0,6.33E-14,0,0,3.71E-07,0,3.23E-07
07/09/2017,7,0.27,1.055176,0.27,2.81E-14,0.652641429,0,4.35E-14,0,0,6.97E-07,0,6.95E-07
07/09/2017,8,0.87,1.808574,0.87,2.24E-14,0.824121964,0,2.12E-14,0,0,6.73E-07,0,5.84E-07
07/09/2017,9,1.31,2.449764,1.31,6.63E-15,1.021149643,0,4.87E-15,0,0,3.15E-07,0,3.29E-07
07/09/2017,10,1.33,2.892783,1.33,5.47E-21,1.351263452,0,5.48E-21,0,0,0.05955957,0,0.035735742
07/09/2017,11,0.86,3.217645,0.86,1.58E-15,1.896394541,0,2.35E-15,0,0,0.350748449,0,0.210449069
07/09/2017,12,0.83,3.312187,0.83,1.15E-19,1.984982084,0,1.39E-19,0,0,0.398107587,0,0.238864552
07/09/2017,13,0.28,3.074185,0.28,1.07E-22,2.17205238,0,1.78E-22,0,0,0.49953158,0,0.299718948
07/09/2017,14,0.32,2.548413,0.32,1.03E-19,1.762843401,0,1.84E-19,0,0,0.27935165,0,0.16761099
07/09/2017,15,0.47,1.940484,0.47,1.01E-14,1.219406786,0,1.59E-14,0,0,6.57E-07,0,6.20E-07
07/09/2017,16,0.43,1.222433,0.43,5.15E-15,0.671330089,0,6.88E-15,0,0,1.97E-07,0,2.37E-07
07/09/2017,17,0.42,0.52656,0.370414308,0.049585692,0.155239653,0,4.46E-14,0,0,4.21E-07,0,3.65E-07
07/09/2017,18,0.38,0,0,0.256086957,0,0.123913043,0,3.49E-13,1.35E-06,0,1.06E-06,0
07/09/2017,19,0.55,0,0,0.370652174,0,0.179347826,0,8.40E-14,8.37E-07,0,6.49E-07,0
07/09/2017,20,0.26,0,0,0.175217391,0,0.084782609,0,1.03E-13,6.25E-07,0,4.83E-07,0
07/09/2017,21,0.23,0,0,0.155,0,0.075,0,1.34E-13,6.83E-07,0,5.31E-07,0
07/09/2017,22,1.02,0,0,0.687391304,0,0.332608696,0,2.23E-14,5.86E-07,0,4.56E-07,0
07/09/2017,23,1.12,0,0,0.754782609,0,0.365217391,0,7.40E-14,1.12E-06,0,8.62E-07,0
08/09/2017,0,0.29,0,0,0.195434783,0,0.094565217,0,9.60E-14,6.28E-07,0,4.83E-07,0
08/09/2017,1,0.23,0,0,0.155,0,0.075,0,1.34E-13,6.83E-07,0,5.31E-07,0
08/09/2017,2,0.3,0,0,0.202173913,0,0.097826087,0,9.19E-14,6.14E-07,0,4.72E-07,0
08/09/2017,3,0.25,0,0,0.168478261,0,0.081521739,0,1.63E-13,7.79E-07,0,6.03E-07,0
08/09/2017,4,0.21,0,0,0.141521739,0,0.068478261,0,3.88E-13,1.11E-06,0,8.60E-07,0
08/09/2017,5,0.2,0.028996,0.028996,0.115241826,0,0.055762174,0,1.19E-13,5.91E-07,0,4.58E-07,0
08/09/2017,6,0.22,0.321561,0.215764808,0.004235192,0.10235304,0,9.83E-14,0,0,3.42E-07,0,3.53E-07
08/09/2017,7,0.23,1.074415,0.23,1.05E-14,0.697029911,0,1.72E-14,0,0,5.34E-07,0,5.46E-07
08/09/2017,8,0.41,1.902301,0.41,2.57E-15,1.232116875,0,4.18E-15,0,0,2.73E-07,0,2.83E-07
08/09/2017,9,0.39,2.546835,0.39,1.22E-26,1.715774846,0,2.11E-26,0,0,0.254188673,0,0.152513204
08/09/2017,10,0.32,3.045076,0.32,3.62E-18,2.124799015,0,5.84E-18,0,0,0.473107001,0,0.2838642
08/09/2017,11,0.44,3.29397,0.44,1.32E-21,2.227053936,0,2.10E-21,0,0,0.530289029,0,0.318173417
08/09/2017,12,0.32,3.328566,0.32,9.32E-17,2.330544097,0,1.58E-16,0,0,0.588161816,0,0.35289709
08/09/2017,13,0.21,3.092121,0.21,6.89E-21,2.230792315,0,1.44E-20,0,0,0.53237957,0,0.319427742
08/09/2017,14,1.13,2.561942,1.13,1.04E-19,1.241356702,0,1.12E-19,0,0,0.000597444,0,0.000358467
08/09/2017,15,0.59,1.969701,0.59,4.45E-15,1.156099018,0,6.49E-15,0,0,2.94E-07,0,3.33E-07
08/09/2017,16,0.36,1.250369,0.36,2.79E-14,0.744403661,0,4.15E-14,0,0,4.70E-07,0,6.29E-07
08/09/2017,17,0.3,0.546929,0.3,4.87E-14,0.222532232,0,3.28E-14,0,0,4.03E-07,0,3.76E-07
08/09/2017,18,0.42,0,0,0.283043478,0,0.136956522,0,3.20E-13,1.40E-06,0,1.09E-06,0
08/09/2017,19,1.03,0,0,0.694130435,0,0.335869565,0,1.13E-13,1.35E-06,0,1.05E-06,0
08/09/2017,20,0.68,0,0,0.45826087,0,0.22173913,0,7.13E-14,8.21E-07,0,6.42E-07,0
08/09/2017,21,0.25,0,0,0.168478261,0,0.081521739,0,1.63E-13,7.79E-07,0,6.03E-07,0
08/09/2017,22,0.32,0,0,0.215652174,0,0.104347826,0,7.97E-14,5.84E-07,0,4.49E-07,0
08/09/2017,23,0.24,0,0,0.16173913,0,0.07826087,0,1.70E-13,7.88E-07,0,6.12E-07,0
09/09/2017,0,0.29,0,0,0.195434783,0,0.094565217,0,9.60E-14,6.28E-07,0,4.83E-07,0
09/09/2017,1,0.3,0,0,0.202173913,0,0.097826087,0,9.19E-14,6.14E-07,0,4.72E-07,0
09/09/2017,2,0.26,0,0,0.175217391,0,0.084782609,0,1.03E-13,6.25E-07,0,4.83E-07,0
09/09/2017,3,0.28,0,0,0.188695652,0,0.091304348,0,8.01E-14,5.70E-07,0,4.40E-07,0
09/09/2017,4,0.21,0,0,0.141521739,0,0.068478261,0,3.88E-13,1.11E-06,0,8.60E-07,0
09/09/2017,5,0.17,0.034976,0.034976,0.090994435,0,0.044029565,0,5.06E-13,1.08E-06,0,8.37E-07,0
09/09/2017,6,0.21,0.327553,0.21,4.82E-13,0.111337232,0,8.16E-14,0,0,3.39E-07,0,3.95E-07
09/09/2017,7,0.32,1.065451,0.32,9.72E-15,0.624737411,0,1.42E-14,0,0,3.70E-07,0,3.51E-07
09/09/2017,8,0.29,1.799324,0.29,5.80E-15,1.236153214,0,9.97E-15,0,0,3.64E-07,0,4.70E-07
09/09/2017,9,0.45,2.478391,0.45,1.44E-14,1.626529868,0,2.18E-14,0,0,0.206478068,0,0.123886841
09/09/2017,10,0.31,2.787461,0.31,6.77E-16,1.943636566,0,1.10E-15,0,0,0.376004162,0,0.225602497
09/09/2017,11,0.29,2.876536,0.29,5.70E-15,2.021679639,0,1.28E-14,0,0,0.417726199,0,0.250635719
09/09/2017,12,0.5,3.236137,0.5,7.18E-20,2.145890263,0,1.11E-19,0,0,0.484901448,0,0.290940869
09/09/2017,13,0.22,3.016205,0.22,9.24E-26,2.169163864,0,1.53E-25,0,0,0.497916291,0,0.298749775
09/09/2017,14,0.25,2.324091,0.25,2.58E-27,1.645261663,0,4.76E-27,0,0,0.216492136,0,0.129895282
09/09/2017,15,0.29,1.960901,0.29,7.82E-26,1.354306592,0,1.26E-25,0,0,0.060946772,0,0.036568063
09/09/2017,16,0.3,1.151142,0.3,1.06E-14,0.708060536,0,1.63E-14,0,0,5.13E-07,0,5.09E-07
09/09/2017,17,0.3,0.493658,0.3,3.45E-13,0.179725179,0,1.29E-13,0,0,5.05E-07,0,5.19E-07
09/09/2017,18,0.23,0,0,0.155,0,0.075,0,1.34E-13,6.83E-07,0,5.31E-07,0
09/09/2017,19,0.25,0,0,0.168478261,0,0.081521739,0,1.63E-13,7.79E-07,0,6.03E-07,0
09/09/2017,20,0.22,0,0,0.14826087,0,0.07173913,0,2.71E-13,9.78E-07,0,7.67E-07,0
09/09/2017,21,0.22,0,0,0.14826087,0,0.07173913,0,2.71E-13,9.78E-07,0,7.67E-07,0
09/09/2017,22,0.44,0,0,0.296521739,0,0.143478261,0,2.73E-13,1.35E-06,0,1.06E-06,0
09/09/2017,23,0.32,0,0,0.215652174,0,0.104347826,0,7.97E-14,5.84E-07,0,4.49E-07,0
10/09/2017,0,0.3,0,0,0.202173913,0,0.097826087,0,9.19E-14,6.14E-07,0,4.72E-07,0
10/09/2017,1,0.3,0,0,0.202173913,0,0.097826087,0,9.19E-14,6.14E-07,0,4.72E-07,0
10/09/2017,2,0.17,0,0,0.114565217,0,0.055434783,0,7.31E-13,1.29E-06,0,1.01E-06,0
10/09/2017,3,0.21,0,0,0.141521739,0,0.068478261,0,3.88E-13,1.11E-06,0,8.60E-07,0
10/09/2017,4,0.18,0,0,0.121304348,0,0.058695652,0,6.27E-13,1.23E-06,0,9.69E-07,0
10/09/2017,5,0.27,0.047027,0.047027,0.150264413,0,0.072708587,0,4.33E-13,1.23E-06,0,9.47E-07,0
10/09/2017,6,0.27,0.358209,0.247488181,0.022511819,0.10885953,0,1.14E-13,0,0,5.02E-07,0,4.49E-07
10/09/2017,7,0.24,1.026554,0.24,3.21E-14,0.651338036,0,5.11E-14,0,0,1.00E-06,0,8.95E-07
10/09/2017,8,0.37,1.83267,0.37,9.75E-15,1.205091964,0,1.61E-14,0,0,7.69E-07,0,7.03E-07
10/09/2017,9,0.31,2.507019,0.31,5.82E-28,1.739232592,0,1.08E-27,0,0,0.266729248,0,0.160037549
10/09/2017,10,0.28,3.039016,0.28,4.17E-19,2.146528204,0,6.80E-19,0,0,0.485258192,0,0.291154915
10/09/2017,11,1.56,3.253729,1.56,7.55E-20,1.463412914,0,6.35E-20,0,0,0.119838011,0,0.071902806
10/09/2017,12,1.8,3.245313,1.8,1.80E-15,1.299488905,0,1.15E-15,0,0,0.034247159,0,0.020548295
10/09/2017,13,1.21,3.058315,1.21,9.56E-15,1.550672657,0,1.08E-14,0,0,0.165924599,0,0.099554759
10/09/2017,14,0.34,2.587002,0.34,5.01E-21,1.777849974,0,1.09E-20,0,0,0.287374204,0,0.172424522
10/09/2017,15,0.28,1.893674,0.28,1.17E-13,1.311867049,0,1.99E-13,0,0,0.038258478,0,0.022955087
10/09/2017,16,0.18,1.210724,0.18,7.55E-15,0.842724643,0,1.31E-14,0,0,4.80E-07,0,4.90E-07
10/09/2017,17,0.24,0.540037,0.24,1.71E-14,0.260386875,0,1.84E-14,0,0,2.32E-07,0,2.42E-07
10/09/2017,18,0.41,0,0,0.276304348,0,0.133695652,0,9.39E-14,7.50E-07,0,5.84E-07,0
10/09/2017,19,0.94,0,0,0.633478261,0,0.306521739,0,3.24E-14,6.36E-07,0,4.87E-07,0
10/09/2017,20,0.34,0,0,0.229130435,0,0.110869565,0,6.68E-14,5.46E-07,0,4.22E-07,0
10/09/2017,21,0.28,0,0,0.188695652,0,0.091304348,0,8.01E-14,5.70E-07,0,4.40E-07,0
10/09/2017,22,0.37,0,0,0.249347826,0,0.120652174,0,6.10E-14,5.67E-07,0,4.41E-07,0
10/09/2017,23,0.22,0,0,0.14826087,0,0.07173913,0,2.71E-13,9.78E-07,0,7.67E-07,0
11/09/2017,0,0.16,0,0,0.107826087,0,0.052173913,0,7.27E-13,1.27E-06,0,9.81E-07,0
11/09/2017,1,0.22,0,0,0.14826087,0,0.07173913,0,2.71E-13,9.78E-07,0,7.67E-07,0
11/09/2017,2,0.25,0,0,0.168478261,0,0.081521739,0,1.63E-13,7.79E-07,0,6.03E-07,0
11/09/2017,3,0.26,0,0,0.175217391,0,0.084782609,0,1.03E-13,6.25E-07,0,4.83E-07,0
11/09/2017,4,0.26,0,0,0.175217391,0,0.084782609,0,1.03E-13,6.25E-07,0,4.83E-07,0
11/09/2017,5,0.17,0.039275,0.039275,0.088097283,0,0.042627717,0,1.98E-13,6.63E-07,0,5.13E-07,0
11/09/2017,6,0.17,0.330917,0.17,9.58E-14,0.142969018,0,7.88E-14,0,0,3.57E-07,0,3.83E-07
11/09/2017,7,0.2,1.055014,0.2,1.59E-14,0.70313625,0,2.65E-14,0,0,5.97E-07,0,5.98E-07
11/09/2017,8,0.31,1.818051,0.31,5.47E-15,1.236737411,0,9.31E-15,0,0,3.86E-07,0,4.59E-07
11/09/2017,9,0.37,2.507011,0.37,1.47E-13,1.699868126,0,2.44E-13,0,0,0.245684898,0,0.147410939
11/09/2017,10,0.33,2.957746,0.33,7.80E-23,2.054631563,0,1.26E-22,0,0,0.435342387,0,0.261205432
11/09/2017,11,0.22,3.152328,0.22,1.11E-14,2.267956195,0,1.78E-14,0,0,0.553162003,0,0.331897202
11/09/2017,12,0.38,3.223303,0.38,8.86E-20,2.214957731,0,1.41E-19,0,0,0.523524704,0,0.314114822
11/09/2017,13,1.1,3.014086,1.1,7.51E-17,1.590593246,0,1.02E-16,0,0,0.187266254,0,0.112359752
11/09/2017,14,1.07,2.532941,1.07,1.89E-17,1.259583475,0,2.15E-17,0,0,0.010307539,0,0.006184523
11/09/2017,15,1.1,1.909351,1.1,4.53E-14,0.738764196,0,2.45E-14,0,0,6.71E-07,0,6.38E-07
11/09/2017,16,1.19,1.155716,1.093631272,0.064944143,0,0.031424585,0,3.96E-13,8.12E-07,0,6.31E-07,0
11/09/2017,17,1.26,0.522198,0.522198,0.497214391,0,0.240587609,0,2.29E-14,5.28E-07,0,4.10E-07,0
11/09/2017,18,1.75,0,0,1.20394037,0,0.54605963,0,3.49E-20,0.02592464,0,0.02262514,0
11/09/2017,19,3.03,0,0,2.245479235,0,0.784520765,0,4.96E-18,0.214546861,0,0.187240897,0
11/09/2017,20,0.27,0,0,0.181956522,0,0.088043478,0,8.93E-14,5.93E-07,0,4.58E-07,0
11/09/2017,21,0.25,0,0,0.168478261,0,0.081521739,0,1.63E-13,7.79E-07,0,6.03E-07,0
11/09/2017,22,0.25,0,0,0.168478261,0,0.081521739,0,1.63E-13,7.79E-07,0,6.03E-07,0
11/09/2017,23,0.46,0,0,0.31,0,0.15,0,2.00E-13,1.17E-06,0,9.06E-07,0
12/09/2017,0,0.32,0,0,0.215652174,0,0.104347826,0,7.97E-14,5.84E-07,0,4.49E-07,0
12/09/2017,1,0.38,0,0,0.256086957,0,0.123913043,0,3.49E-13,1.35E-06,0,1.06E-06,0
12/09/2017,2,0.32,0,0,0.215652174,0,0.104347826,0,7.97E-14,5.84E-07,0,4.49E-07,0
12/09/2017,3,0.26,0,0,0.175217391,0,0.084782609,0,1.03E-13,6.25E-07,0,4.83E-07,0
12/09/2017,4,0.19,0,0,0.128043478,0,0.061956522,0,6.55E-13,1.31E-06,0,1.04E-06,0
12/09/2017,5,0.2,0.053509,0.053509,0.098722196,0,0.047768804,0,7.59E-13,1.35E-06,0,1.04E-06,0
12/09/2017,6,0.24,0.245683,0.183871689,0.056128311,0.061811311,0,2.87E-13,0,0,4.92E-07,0,5.79E-07
12/09/2017,7,0.37,0.460799,0.324855938,0.045144062,0.135344456,0,5.52E-14,0,0,3.45E-07,0,3.64E-07
12/09/2017,8,0.43,1.185317,0.43,6.45E-15,0.641504732,0,8.44E-15,0,0,2.03E-07,0,2.51E-07
12/09/2017,9,0.33,2.525863,0.33,1.77E-26,1.739847753,0,2.93E-26,0,0,0.267058115,0,0.160234869
12/09/2017,10,0.24,2.895377,0.24,3.31E-22,2.068211021,0,5.44E-22,0,0,0.442602001,0,0.265561201
12/09/2017,11,0.92,3.255568,0.92,2.01E-14,1.8846766,0,2.75E-14,0,0,0.344484006,0,0.206690404
12/09/2017,12,0.61,3.290641,0.61,2.83E-18,2.113592986,0,4.29E-18,0,0,0.466863322,0,0.280117993
12/09/2017,13,0.27,2.937537,0.27,8.29E-22,2.079260594,0,9.39E-22,0,0,0.448509133,0,0.26910548
12/09/2017,14,0.31,2.619045,0.31,8.99E-24,1.820884269,0,1.56E-23,0,0,0.310380454,0,0.186228272
12/09/2017,15,0.39,1.947573,0.39,1.58E-18,1.278994571,0,2.57E-18,0,0,0.020684763,0,0.012410858
12/09/2017,16,0.24,1.231938,0.24,4.56E-15,0.81637875,0,7.57E-15,0,0,2.78E-07,0,3.07E-07
12/09/2017,17,0.2,0.536737,0.2,8.06E-14,0.286663661,0,1.03E-13,0,0,4.76E-07,0,5.92E-07
12/09/2017,18,0.25,0,0,0.168478261,0,0.081521739,0,1.63E-13,7.79E-07,0,6.03E-07,0
12/09/2017,19,0.15,0,0,0.101086957,0,0.048913043,0,1.32E-13,5.14E-07,0,3.96E-07,0
12/09/2017,20,0.23,0,0,0.155,0,0.075,0,1.34E-13,6.83E-07,0,5.31E-07,0
12/09/2017,21,0.27,0,0,0.181956522,0,0.088043478,0,8.93E-14,5.93E-07,0,4.58E-07,0
12/09/2017,22,1.26,0,0,0.849130435,0,0.410869565,0,2.77E-14,7.14E-07,0,5.47E-07,0
12/09/2017,23,0.82,0,0,0.552608696,0,0.267391304,0,2.64E-14,5.24E-07,0,4.04E-07,0
13/09/2017,0,0.45,0,0,0.30326087,0,0.14673913,0,1.90E-13,1.14E-06,0,8.86E-07,0
13/09/2017,1,0.22,0,0,0.14826087,0,0.07173913,0,2.71E-13,9.78E-07,0,7.67E-07,0
13/09/2017,2,0.18,0,0,0.121304348,0,0.058695652,0,6.27E-13,1.23E-06,0,9.69E-07,0
13/09/2017,3,0.21,0,0,0.141521739,0,0.068478261,0,3.88E-13,1.11E-06,0,8.60E-07,0
13/09/2017,4,0.23,0,0,0.155,0,0.075,0,1.34E-13,6.83E-07,0,5.31E-07,0
13/09/2017,5,0.3,0.024455,0.024455,0.18569337,0,0.08985163,0,2.02E-13,9.36E-07,0,7.24E-07,0
13/09/2017,6,0.27,0.166311,0.166311,0.06987737,0,0.03381163,0,1.88E-13,5.58E-07,0,4.29E-07,0
13/09/2017,7,0.31,0.274718,0.262545077,0.031980492,0,0.015474431,0,8.69E-13,8.76E-07,0,6.89E-07,0
13/09/2017,8,0.28,0.480681,0.28,2.43E-13,0.183761518,0,1.24E-13,0,0,4.05E-07,0,4.50E-07
13/09/2017,9,0.25,1.003088,0.25,1.65E-14,0.625249286,0,2.57E-14,0,0,6.49E-07,0,6.10E-07
13/09/2017,10,0.15,1.716027,0.15,2.33E-19,1.267663657,0,4.20E-19,0,0,0.014627226,0,0.008776336
13/09/2017,11,0.23,3.119832,0.23,3.70E-29,2.237840149,0,1.19E-28,0,0,0.536320793,0,0.321792476
13/09/2017,12,0.22,3.147938,0.22,1.82E-15,2.264770118,0,2.95E-15,0,0,0.551380315,0,0.330828189
13/09/2017,13,0.36,3.006593,0.36,6.83E-22,2.070555047,0,1.10E-21,0,0,0.443855124,0,0.266313074
13/09/2017,14,0.24,2.406474,0.24,1.74E-23,1.711867408,0,3.22E-23,0,0,0.252099746,0,0.151259848
13/09/2017,15,0.21,1.42212,0.21,1.54E-14,0.9909,0,2.67E-14,0,0,6.85E-07,0,6.59E-07
13/09/2017,16,0.24,1.07205,0.24,7.53E-15,0.687897321,0,1.21E-14,0,0,2.16E-07,0,3.51E-07
13/09/2017,17,0.41,0.426251,0.317439033,0.092560967,0.108811967,0,1.55E-13,0,0,6.02E-07,0,5.87E-07
13/09/2017,18,0.26,0,0,0.175217391,0,0.084782609,0,1.03E-13,6.25E-07,0,4.83E-07,0
13/09/2017,19,0.3,0,0,0.202173913,0,0.097826087,0,9.19E-14,6.14E-07,0,4.72E-07,0
13/09/2017,20,0.34,0,0,0.229130435,0,0.110869565,0,6.68E-14,5.46E-07,0,4.22E-07,0
13/09/2017,21,0.47,0,0,0.31673913,0,0.15326087,0,1.52E-13,1.03E-06,0,7.99E-07,0
13/09/2017,22,0.37,0,0,0.249347826,0,0.120652174,0,6.10E-14,5.67E-07,0,4.41E-07,0
13/09/2017,23,0.42,0,0,0.283043478,0,0.136956522,0,3.20E-13,1.40E-06,0,1.09E-06,0
14/09/2017,0,0.22,0,0,0.14826087,0,0.07173913,0,2.71E-13,9.78E-07,0,7.67E-07,0
14/09/2017,1,0.23,0,0,0.155,0,0.075,0,1.34E-13,6.83E-07,0,5.31E-07,0
14/09/2017,2,0.28,0,0,0.188695652,0,0.091304348,0,8.01E-14,5.70E-07,0,4.40E-07,0
14/09/2017,3,0.26,0,0,0.175217391,0,0.084782609,0,1.03E-13,6.25E-07,0,4.83E-07,0
14/09/2017,4,0.22,0,0,0.14826087,0,0.07173913,0,2.71E-13,9.78E-07,0,7.67E-07,0
14/09/2017,5,0.2,0.075179,0.075179,0.0841185,0,0.0407025,0,5.93E-13,1.09E-06,0,8.50E-07,0
14/09/2017,6,0.17,0.351178,0.17,6.56E-14,0.159250179,0,6.15E-14,0,0,3.50E-07,0,4.03E-07
14/09/2017,7,0.2,0.6347,0.2,1.09E-14,0.365383929,0,1.55E-14,0,0,2.72E-07,0,2.85E-07
14/09/2017,8,0.39,0.681727,0.39,3.79E-14,0.265762768,0,2.13E-14,0,0,2.82E-07,0,2.94E-07
14/09/2017,9,0.27,0.830185,0.27,3.43E-14,0.471845089,0,4.80E-14,0,0,5.97E-07,0,6.49E-07
14/09/2017,10,0.4,0.6801,0.4,4.66E-14,0.257223214,0,2.23E-14,0,0,2.88E-07,0,2.95E-07
14/09/2017,11,0.19,1.260496,0.19,8.72E-15,0.875487857,0,1.51E-14,0,0,6.10E-07,0,5.36E-07
14/09/2017,12,0.15,0.865792,0.15,5.36E-15,0.587243571,0,9.10E-15,0,0,3.14E-07,0,3.09E-07
14/09/2017,13,0.17,1.203153,0.17,1.03E-14,0.843872946,0,1.80E-14,0,0,6.44E-07,0,6.11E-07
14/09/2017,14,0.14,1.397727,0.14,1.70E-14,1.021923482,0,3.08E-14,0,0,8.23E-07,0,8.08E-07
14/09/2017,15,0.25,0.851832,0.25,1.82E-14,0.503704286,0,2.69E-14,0,0,5.44E-07,0,5.25E-07
14/09/2017,16,0.21,0.616659,0.21,1.03E-14,0.343654554,0,1.40E-14,0,0,2.60E-07,0,2.55E-07
14/09/2017,17,0.25,0.414444,0.25,8.77E-14,0.152231786,0,3.49E-14,0,0,2.55E-07,0,2.53E-07
14/09/2017,18,0.29,0.216436,0.211205704,0.053100504,0,0.025693792,0,1.15E-12,1.28E-06,0,9.88E-07,0
14/09/2017,19,0.35,0,0,0.235869565,0,0.114130435,0,1.79E-13,9.39E-07,0,7.27E-07,0
14/09/2017,20,1.59,0,0,1.073748011,0,0.516251989,0,7.05E-17,0.002346862,0,0.002048171,0
14/09/2017,21,1.65,0,0,1.122570146,0,0.527429854,0,9.56E-23,0.011188529,0,0.009764534,0
14/09/2017,22,0.31,0,0,0.208913043,0,0.101086957,0,8.52E-14,5.97E-07,0,4.59E-07,0
14/09/2017,23,0.34,0,0,0.229130435,0,0.110869565,0,6.68E-14,5.46E-07,0,4.22E-07,0
15/09/2017,0,0.29,0,0,0.195434783,0,0.094565217,0,9.60E-14,6.28E-07,0,4.83E-07,0
15/09/2017,1,0.24,0,0,0.16173913,0,0.07826087,0,1.70E-13,7.88E-07,0,6.12E-07,0
15/09/2017,2,0.18,0,0,0.121304348,0,0.058695652,0,6.27E-13,1.23E-06,0,9.69E-07,0
15/09/2017,3,0.18,0,0,0.121304348,0,0.058695652,0,6.27E-13,1.23E-06,0,9.69E-07,0
15/09/2017,4,0.2,0,0,0.134782609,0,0.065217391,0,6.50E-13,1.38E-06,0,1.08E-06,0
15/09/2017,5,0.22,0.055683,0.055683,0.11073537,0,0.05358163,0,6.43E-13,1.29E-06,0,9.95E-07,0
15/09/2017,6,0.25,0.4028,0.25,1.31E-13,0.142875,0,3.89E-14,0,0,2.64E-07,0,2.66E-07
15/09/2017,7,0.27,0.390095,0.262640956,0.007359044,0.123523505,0,5.92E-14,0,0,3.67E-07,0,3.23E-07
15/09/2017,8,0.22,0.924866,0.22,1.45E-14,0.58408875,0,2.29E-14,0,0,5.67E-07,0,5.33E-07
15/09/2017,9,0.33,0.858899,0.33,2.06E-14,0.451525982,0,2.58E-14,0,0,5.38E-07,0,5.22E-07
15/09/2017,10,0.24,1.25861,0.24,4.65E-15,0.837811607,0,7.76E-15,0,0,2.57E-07,0,3.06E-07
15/09/2017,11,0.18,0.706358,0.18,7.89E-15,0.437430536,0,1.22E-14,0,0,2.00E-07,0,2.27E-07
15/09/2017,12,0.2,0.931057,0.2,4.95E-15,0.603527946,0,8.05E-15,0,0,3.52E-07,0,3.10E-07
15/09/2017,13,0.25,0.809698,0.25,2.60E-14,0.469846607,0,3.74E-14,0,0,6.20E-07,0,5.93E-07
15/09/2017,14,0.21,0.898408,0.21,7.66E-15,0.57006,0,1.22E-14,0,0,4.18E-07,0,3.81E-07
15/09/2017,15,0.18,0.53866,0.18,7.59E-14,0.302673214,0,1.05E-13,0,0,5.26E-07,0,6.40E-07
15/09/2017,16,0.17,0.676695,0.17,9.56E-15,0.420826339,0,1.49E-14,0,0,2.64E-07,0,3.27E-07
15/09/2017,17,0.2,0.34846,0.2,1.16E-13,0.135369643,0,6.39E-14,0,0,2.89E-07,0,3.54E-07
15/09/2017,18,0.25,0.061815,0.061815,0.126820326,0,0.061364674,0,3.74E-13,1.07E-06,0,8.32E-07,0
15/09/2017,19,0.4,0,0,0.269565217,0,0.130434783,0,9.36E-14,7.27E-07,0,5.71E-07,0
15/09/2017,20,0.33,0,0,0.222391304,0,0.107608696,0,6.52E-14,5.31E-07,0,4.09E-07,0
15/09/2017,21,0.37,0,0,0.249347826,0,0.120652174,0,6.10E-14,5.67E-07,0,4.41E-07,0
15/09/2017,22,0.34,0,0,0.229130435,0,0.110869565,0,6.68E-14,5.46E-07,0,4.22E-07,0
15/09/2017,23,0.27,0,0,0.181956522,0,0.088043478,0,8.93E-14,5.93E-07,0,4.58E-07,0
16/09/2017,0,0.24,0,0,0.16173913,0,0.07826087,0,1.70E-13,7.88E-07,0,6.12E-07,0
16/09/2017,1,0.28,0,0,0.188695652,0,0.091304348,0,8.01E-14,5.70E-07,0,4.40E-07,0
16/09/2017,2,0.33,0,0,0.222391304,0,0.107608696,0,6.52E-14,5.31E-07,0,4.09E-07,0
16/09/2017,3,0.32,0,0,0.215652174,0,0.104347826,0,7.97E-14,5.84E-07,0,4.49E-07,0
16/09/2017,4,0.35,0,0,0.235869565,0,0.114130435,0,1.79E-13,9.39E-07,0,7.27E-07,0
16/09/2017,5,0.28,0.059679,0.059679,0.148477196,0,0.071843804,0,3.40E-13,1.09E-06,0,8.47E-07,0
16/09/2017,6,0.2,0.359978,0.2,7.15E-14,0.144625179,0,4.58E-14,0,0,2.49E-07,0,3.14E-07
16/09/2017,7,0.24,1.115717,0.24,1.19E-14,0.722986875,0,1.93E-14,0,0,5.24E-07,0,5.53E-07
16/09/2017,8,0.3,1.897302,0.3,1.00E-25,1.301391821,0,1.69E-25,0,0,0.032658393,0,0.019595036
16/09/2017,9,0.33,2.54158,0.33,1.05E-21,1.751303303,0,1.83E-21,0,0,0.273182282,0,0.163909369
16/09/2017,10,0.29,2.041001,0.29,5.42E-27,1.412688568,0,9.34E-27,0,0,0.092157934,0,0.05529476
16/09/2017,11,0.38,2.737859,0.38,1.06E-16,1.861565064,0,1.25E-16,0,0,0.332128516,0,0.19927711
16/09/2017,12,0.29,2.857195,0.29,4.50E-15,2.007582687,0,7.11E-15,0,0,0.410189931,0,0.246113959
16/09/2017,13,0.2,2.961689,0.2,2.87E-18,2.142662092,0,4.76E-18,0,0,0.483096221,0,0.289857733
16/09/2017,14,0.35,2.368851,0.35,1.27E-27,1.612287872,0,7.04E-28,0,0,0.198864259,0,0.119318555
16/09/2017,15,0.21,1.981662,0.21,6.70E-14,1.421916711,0,1.23E-13,0,0,0.097091323,0,0.058254794
16/09/2017,16,0.29,1.303652,0.29,4.14E-15,0.837845357,0,6.68E-15,0,0,2.78E-07,0,2.92E-07
16/09/2017,17,0.33,0.422952,0.295424303,0.034575697,0.126217067,0,1.15E-13,0,0,5.02E-07,0,5.06E-07
16/09/2017,18,0.47,0.234277,0.234277,0.158856804,0,0.076866196,0,2.70E-13,1.06E-06,0,8.24E-07,0
16/09/2017,19,0.36,0,0,0.242608696,0,0.117391304,0,2.18E-13,1.07E-06,0,8.27E-07,0
16/09/2017,20,0.57,0,0,0.384130435,0,0.185869565,0,7.42E-14,7.91E-07,0,6.10E-07,0
16/09/2017,21,0.44,0,0,0.296521739,0,0.143478261,0,2.73E-13,1.35E-06,0,1.06E-06,0
16/09/2017,22,0.29,0,0,0.195434783,0,0.094565217,0,9.60E-14,6.28E-07,0,4.83E-07,0
16/09/2017,23,0.25,0,0,0.168478261,0,0.081521739,0,1.63E-13,7.79E-07,0,6.03E-07,0
17/09/2017,0,0.34,0,0,0.229130435,0,0.110869565,0,6.68E-14,5.46E-07,0,4.22E-07,0
17/09/2017,1,0.33,0,0,0.222391304,0,0.107608696,0,6.52E-14,5.31E-07,0,4.09E-07,0
17/09/2017,2,0.29,0,0,0.195434783,0,0.094565217,0,9.60E-14,6.28E-07,0,4.83E-07,0
17/09/2017,3,0.17,0,0,0.114565217,0,0.055434783,0,7.31E-13,1.29E-06,0,1.01E-06,0
17/09/2017,4,0.18,0,0,0.121304348,0,0.058695652,0,6.27E-13,1.23E-06,0,9.69E-07,0
17/09/2017,5,0.2,0.062629,0.062629,0.092576109,0,0.044794891,0,1.17E-13,5.02E-07,0,3.88E-07,0
17/09/2017,6,0.19,0.421811,0.19,2.71E-14,0.201544554,0,2.86E-14,0,0,2.53E-07,0,2.76E-07
17/09/2017,7,0.26,0.993309,0.26,1.67E-14,0.610159018,0,2.57E-14,0,0,6.47E-07,0,6.08E-07
17/09/2017,8,0.84,1.346371,0.84,7.79E-14,0.474405268,0,2.16E-14,0,0,5.70E-07,0,4.56E-07
17/09/2017,9,0.29,2.551696,0.29,1.12E-20,1.784915578,0,2.03E-20,0,0,0.291151495,0,0.174690897
17/09/2017,10,0.27,3.007036,0.27,2.51E-21,2.129850289,0,4.08E-21,0,0,0.475931726,0,0.285559036
17/09/2017,11,0.35,3.132939,0.35,4.10E-22,2.168970813,0,6.65E-22,0,0,0.497808335,0,0.298685001
17/09/2017,12,0.27,3.026878,0.27,3.24E-18,2.144250776,0,5.28E-18,0,0,0.48398463,0,0.290390778
17/09/2017,13,0.5,3.004,0.5,3.74E-27,1.976828286,0,5.83E-27,0,0,0.393748545,0,0.236249127
17/09/2017,14,0.34,2.512573,0.34,2.74E-26,1.723601383,0,4.55E-26,0,0,0.258372761,0,0.155023657
17/09/2017,15,0.3,2.012385,0.3,1.12E-17,1.385271634,0,1.76E-17,0,0,0.077500767,0,0.04650046
17/09/2017,16,0.81,1.260861,0.81,3.02E-13,0.427388304,0,4.86E-14,0,0,4.56E-07,0,6.20E-07
17/09/2017,17,0.87,0.561155,0.558846896,0.209690135,0,0.101462969,0,1.28E-13,8.36E-07,0,6.52E-07,0
17/09/2017,18,0.45,0.21325,0.21325,0.159548913,0,0.077201087,0,2.92E-13,1.07E-06,0,8.38E-07,0
17/09/2017,19,0.28,0,0,0.188695652,0,0.091304348,0,8.01E-14,5.70E-07,0,4.40E-07,0
17/09/2017,20,0.29,0,0,0.195434783,0,0.094565217,0,9.60E-14,6.28E-07,0,4.83E-07,0
17/09/2017,21,0.45,0,0,0.30326087,0,0.14673913,0,1.90E-13,1.14E-06,0,8.86E-07,0
17/09/2017,22,0.36,0,0,0.242608696,0,0.117391304,0,2.18E-13,1.07E-06,0,8.27E-07,0
17/09/2017,23,0.31,0,0,0.208913043,0,0.101086957,0,8.52E-14,5.97E-07,0,4.59E-07,0
18/09/2017,0,0.26,0,0,0.175217391,0,0.084782609,0,1.03E-13,6.25E-07,0,4.83E-07,0
18/09/2017,1,0,0,0,0,0,0,5.02E-07,0,0,5.73E-07,0,3.80E-07
18/09/2017,2,0.23,0,0,0.155,0,0.075,0,1.34E-13,6.83E-07,0,5.31E-07,0
18/09/2017,3,0.28,0,0,0.188695652,0,0.091304348,0,8.01E-14,5.70E-07,0,4.40E-07,0
18/09/2017,4,0.29,0,0,0.195434783,0,0.094565217,0,9.60E-14,6.28E-07,0,4.83E-07,0
18/09/2017,5,0.31,0.065403,0.065403,0.164837109,0,0.079759891,0,2.52E-13,9.57E-07,0,7.51E-07,0
18/09/2017,6,0.27,0.375289,0.25560489,0.01439511,0.11671441,0,9.83E-14,0,0,4.78E-07,0,4.28E-07
18/09/2017,7,1.51,1.113648,1.088435304,0.284097947,0,0.137466749,0,3.68E-14,5.29E-07,0,4.04E-07,0
18/09/2017,8,2.28,1.503841,1.492747744,0.530539564,0,0.256712692,0,3.55E-14,6.49E-07,0,4.93E-07,0
18/09/2017,9,3.07,2.077092,2.054232919,0.684538685,0,0.331228396,0,4.61E-14,9.10E-07,0,7.12E-07,0
18/09/2017,10,1.13,2.889906,1.13,7.18E-22,1.480403643,0,8.56E-22,0,0,0.128358595,0,0.077015157
18/09/2017,11,3.38,3.003279,2.869345433,0.344136773,0,0.166517793,0,3.28E-14,5.90E-07,0,4.60E-07,0
18/09/2017,12,0.3,2.876703,0.3,1.99E-22,2.015241586,0,3.31E-22,0,0,0.414284399,0,0.248570639
18/09/2017,13,1.34,1.844365,1.259917961,0.080082039,0.57088835,0,3.12E-14,0,0,3.19E-07,0,5.39E-07
18/09/2017,14,0.36,1.567481,0.36,9.94E-15,0.999225804,0,1.59E-14,0,0,5.51E-07,0,5.83E-07
18/09/2017,15,1.8,0.795949,0.795949,0.676643065,0,0.327407935,0,8.62E-14,1.19E-06,0,9.24E-07,0
18/09/2017,16,1.89,0.713798,0.713798,0.79265787,0,0.38354413,0,5.17E-14,1.02E-06,0,7.88E-07,0
18/09/2017,17,0.24,0.340395,0.230438094,0.009561906,0.106875575,0,5.54E-14,0,0,2.90E-07,0,2.85E-07
18/09/2017,18,2.23,0.221419,0.221419,1.414348308,0,0.594232692,0,1.98E-26,0.064029423,0,0.055880224,0
18/09/2017,19,0.97,0,0,0.653695652,0,0.316304348,0,9.83E-14,1.14E-06,0,8.86E-07,0
18/09/2017,20,2.1,0,0,1.488736153,0,0.611263847,0,6.35E-20,0.077501028,0,0.067637261,0
18/09/2017,21,2,0,0,1.407365929,0,0.592634071,0,6.46E-19,0.062764917,0,0.054776655,0
18/09/2017,22,2.32,0,0,1.667750646,0,0.652249354,0,4.03E-20,0.109920472,0,0.095930594,0
18/09/2017,23,1.66,0,0,1.130707168,0,0.529292832,0,5.73E-25,0.01266214,0,0.011050595,0
19/09/2017,0,1.14,0,0,0.76826087,0,0.37173913,0,3.67E-14,7.78E-07,0,5.92E-07,0
19/09/2017,1,1.18,0,0,0.795217391,0,0.384782609,0,5.49E-14,9.75E-07,0,7.45E-07,0
19/09/2017,2,1.07,0,0,0.721086957,0,0.348913043,0,7.70E-14,1.16E-06,0,8.89E-07,0
19/09/2017,3,0.85,0,0,0.572826087,0,0.277173913,0,3.04E-14,5.75E-07,0,4.39E-07,0
19/09/2017,4,0.23,0,0,0.155,0,0.075,0,1.34E-13,6.83E-07,0,5.31E-07,0
19/09/2017,5,0.22,0.065571,0.065571,0.104071717,0,0.050357283,0,5.25E-13,1.14E-06,0,8.84E-07,0
19/09/2017,6,0.28,0.209747,0.204579508,0.050826853,0,0.024593639,0,1.17E-12,1.26E-06,0,9.74E-07,0
19/09/2017,7,0.32,0.613407,0.32,5.47E-14,0.261487768,0,4.32E-14,0,0,4.55E-07,0,4.60E-07
19/09/2017,8,1.39,1.086577,1.054041955,0.226406509,0,0.109551537,0,1.04E-13,7.50E-07,0,5.62E-07,0
19/09/2017,9,0.33,1.309572,0.33,2.52E-14,0.813673929,0,3.92E-14,0,0,5.19E-07,0,6.33E-07
19/09/2017,10,0.26,1.549307,0.26,1.32E-14,1.056943125,0,2.24E-14,0,0,7.65E-07,0,7.25E-07
19/09/2017,11,0.18,1.178133,0.18,9.95E-15,0.816535446,0,1.72E-14,0,0,6.01E-07,0,5.87E-07
19/09/2017,12,0.22,1.649245,0.22,3.23E-15,1.166179018,0,5.68E-15,0,0,4.37E-07,0,4.08E-07
19/09/2017,13,0.27,2.215813,0.27,1.50E-12,1.553222222,0,4.93E-12,0,0,0.167287603,0,0.100372562
19/09/2017,14,0.24,1.602004,0.24,3.67E-15,1.113753214,0,6.38E-15,0,0,5.50E-07,0,4.47E-07
19/09/2017,15,0.17,1.829219,0.17,9.74E-16,1.337045643,0,1.72E-15,0,0,0.051719022,0,0.031031413
19/09/2017,16,0.16,1.249875,0.16,6.11E-15,0.888649554,0,1.08E-14,0,0,3.37E-07,0,4.16E-07
19/09/2017,17,0.17,0.522882,0.17,1.29E-14,0.297226607,0,1.80E-14,0,0,2.43E-07,0,2.64E-07
19/09/2017,18,1.14,0.222206,0.222206,0.618513348,0,0.299280652,0,2.00E-14,5.52E-07,0,4.28E-07,0
19/09/2017,19,1.46,0,0,0.983913043,0,0.476086957,0,2.86E-14,7.97E-07,0,6.09E-07,0
19/09/2017,20,2.6,0,0,1.895587273,0,0.704412727,0,3.66E-28,0.151181583,0,0.131940291,0
19/09/2017,21,1.72,0,0,1.179529303,0,0.540470697,0,4.77E-24,0.021503806,0,0.018766958,0
19/09/2017,22,1.36,0,0,0.916521739,0,0.443478261,0,8.64E-14,1.37E-06,0,1.06E-06,0
19/09/2017,23,2.04,0,0,1.439914019,0,0.600085981,0,3.92E-18,0.068659362,0,0.059920897,0
20/09/2017,0,1.61,0,0,1.090022056,0,0.519977944,0,6.10E-22,0.005294084,0,0.004620292,0
20/09/2017,1,1.05,0,0,0.707608696,0,0.342391304,0,1.87E-14,5.54E-07,0,4.26E-07,0
20/09/2017,2,1.04,0,0,0.700869565,0,0.339130435,0,7.50E-14,1.09E-06,0,8.49E-07,0
20/09/2017,3,1.01,0,0,0.680652174,0,0.329347826,0,9.58E-14,1.19E-06,0,9.25E-07,0
20/09/2017,4,1.01,0,0,0.680652174,0,0.329347826,0,9.58E-14,1.19E-06,0,9.25E-07,0
20/09/2017,5,1.01,0.073188,0.073188,0.631329826,0,0.305482174,0,2.17E-14,5.82E-07,0,4.47E-07,0
20/09/2017,6,1.04,0.376526,0.376526,0.447123783,0,0.216350217,0,1.70E-13,1.38E-06,0,1.07E-06,0
20/09/2017,7,1.11,1.12496,0.844651803,0.265348197,0.280308197,0,7.92E-14,0,0,5.23E-07,0,6.27E-07
20/09/2017,8,1.52,1.765285,1.270882541,0.249117459,0.494402459,0,1.50E-14,0,0,3.13E-07,0,3.47E-07
20/09/2017,9,0.61,2.473571,0.61,5.26E-17,1.518060383,0,7.90E-17,0,0,0.148489989,0,0.089093994
20/09/2017,10,0.29,2.841636,0.29,9.06E-23,1.996242298,0,1.48E-22,0,0,0.404127328,0,0.242476397
20/09/2017,11,4.25,3.184459,3.105902532,0.771022207,0,0.373075261,0,8.76E-14,1.36E-06,0,1.07E-06,0
20/09/2017,12,1.26,3.1563,1.26,6.23E-20,1.589291496,0,6.22E-20,0,0,0.186570334,0,0.111942201
20/09/2017,13,0.28,2.956138,0.28,2.28E-24,2.086258414,0,3.72E-24,0,0,0.452250186,0,0.271350112
20/09/2017,14,0.35,2.193687,0.35,7.82E-22,1.484617204,0,1.72E-21,0,0,0.130611176,0,0.078366706
20/09/2017,15,0.22,0.475359,0.22,2.00E-14,0.222877768,0,2.03E-14,0,0,1.91E-07,0,2.18E-07
20/09/2017,16,0.75,0.641094,0.615218021,0.090831334,0,0.043950645,0,3.11E-13,9.40E-07,0,7.58E-07,0
20/09/2017,17,2,0.553568,0.553568,0.974769391,0,0.471662609,0,5.05E-14,1.07E-06,0,8.29E-07,0
20/09/2017,18,0.99,0.219364,0.219364,0.519341652,0,0.251294348,0,3.86E-14,6.69E-07,0,5.15E-07,0
20/09/2017,19,0.23,0,0,0.155,0,0.075,0,1.34E-13,6.83E-07,0,5.31E-07,0
20/09/2017,20,0.17,0,0,0.114565217,0,0.055434783,0,7.31E-13,1.29E-06,0,1.01E-06,0
20/09/2017,21,0.19,0,0,0.128043478,0,0.061956522,0,6.55E-13,1.31E-06,0,1.04E-06,0
20/09/2017,22,2.55,0,0,1.854902161,0,0.695097839,0,7.95E-27,0.143813528,0,0.125509988,0
20/09/2017,23,1.64,0,0,1.114433123,0,0.525566877,0,7.91E-21,0.009714918,0,0.008478474,0
21/09/2017,0,1.06,0,0,0.714347826,0,0.345652174,0,9.86E-14,1.29E-06,0,9.96E-07,0
21/09/2017,1,0.37,0,0,0.249347826,0,0.120652174,0,6.10E-14,5.67E-07,0,4.41E-07,0
21/09/2017,2,0.3,0,0,0.202173913,0,0.097826087,0,9.19E-14,6.14E-07,0,4.72E-07,0
21/09/2017,3,0.25,0,0,0.168478261,0,0.081521739,0,1.63E-13,7.79E-07,0,6.03E-07,0
21/09/2017,4,0.2,0,0,0.134782609,0,0.065217391,0,6.50E-13,1.38E-06,0,1.08E-06,0
21/09/2017,5,0.28,0.08367,0.08367,0.132309348,0,0.064020652,0,5.96E-13,1.37E-06,0,1.07E-06,0
21/09/2017,6,0.31,0.255681,0.246398144,0.04286212,0,0.020739736,0,1.05E-12,1.13E-06,0,8.86E-07,0
21/09/2017,7,0.24,0.791611,0.24,1.49E-14,0.462544554,0,2.16E-14,0,0,5.10E-07,0,4.74E-07
21/09/2017,8,0.39,1.066313,0.39,7.92E-15,0.574805089,0,1.03E-14,0,0,2.48E-07,0,2.61E-07
21/09/2017,9,0.22,2.054273,0.22,3.33E-21,1.468280455,0,4.98E-21,0,0,0.121877506,0,0.073126504
21/09/2017,10,0.22,1.69337,0.22,2.38E-15,1.201636607,0,4.20E-15,0,0,4.50E-07,0,3.42E-07
21/09/2017,11,0.25,2.33554,0.25,1.17E-25,1.653606422,0,2.07E-25,0,0,0.220953267,0,0.13257196
21/09/2017,12,0.23,1.534704,0.23,9.02E-15,1.066905,0,1.57E-14,0,0,8.07E-07,0,6.64E-07
21/09/2017,13,0.17,2.503198,0.17,9.60E-20,1.828284422,0,1.74E-19,0,0,0.314336595,0,0.188601957
21/09/2017,14,0.17,1.893347,0.17,1.28E-14,1.38378621,0,2.11E-14,0,0,0.076706655,0,0.046023993
21/09/2017,15,0.27,1.795347,0.27,2.73E-15,1.246759848,0,4.73E-15,0,0,0.003451993,0,0.002071196
21/09/2017,16,0.22,0.839074,0.22,9.56E-15,0.51514875,0,1.47E-14,0,0,4.34E-07,0,4.00E-07
21/09/2017,17,0.29,0.300928,0.224242098,0.065757902,0.076685902,0,9.71E-14,0,0,3.20E-07,0,3.23E-07
21/09/2017,18,1.94,0.230937,0.230937,1.170629841,0,0.538433159,0,3.56E-14,0.019892118,0,0.017360394,0
21/09/2017,19,1.9,0,0,1.325995706,0,0.574004294,0,1.63E-26,0.048028806,0,0.041916049,0
21/09/2017,20,1.94,0,0,1.358543795,0,0.581456205,0,6.85E-21,0.053923251,0,0.047060291,0
21/09/2017,21,1.99,0,0,1.399228907,0,0.590771093,0,8.80E-19,0.061291306,0,0.053490594,0
21/09/2017,22,2.07,0,0,1.464325086,0,0.605674914,0,2.11E-19,0.073080195,0,0.063779079,0
21/09/2017,23,0.33,0,0,0.222391304,0,0.107608696,0,6.52E-14,5.31E-07,0,4.09E-07,0
22/09/2017,0,0.27,0,0,0.181956522,0,0.088043478,0,8.93E-14,5.93E-07,0,4.58E-07,0
22/09/2017,1,0.26,0,0,0.175217391,0,0.084782609,0,1.03E-13,6.25E-07,0,4.83E-07,0
22/09/2017,2,0.26,0,0,0.175217391,0,0.084782609,0,1.03E-13,6.25E-07,0,4.83E-07,0
22/09/2017,3,0.27,0,0,0.181956522,0,0.088043478,0,8.93E-14,5.93E-07,0,4.58E-07,0
22/09/2017,4,0.32,0,0,0.215652174,0,0.104347826,0,7.97E-14,5.84E-07,0,4.49E-07,0
22/09/2017,5,0.41,0.089977,0.089977,0.215667674,0,0.104355326,0,6.07E-14,5.69E-07,0,4.39E-07,0
22/09/2017,6,0.23,0.223354,0.211357419,0.012563479,0,0.006079103,0,4.31E-12,1.11E-06,0,8.75E-07,0
22/09/2017,7,0.2,0.412564,0.2,3.36E-14,0.186881786,0,3.14E-14,0,0,2.58E-07,0,2.78E-07
22/09/2017,8,0.38,0.54994,0.370078794,0.009921206,0.174269801,0,7.69E-14,0,0,5.00E-07,0,4.38E-07
22/09/2017,9,0.44,0.753627,0.44,1.28E-13,0.287378839,0,6.43E-14,0,0,7.10E-07,0,6.40E-07
22/09/2017,10,0.29,1.255474,0.29,5.08E-15,0.799130893,0,8.11E-15,0,0,3.28E-07,0,3.19E-07
22/09/2017,11,0.27,2.029461,0.27,5.54E-19,1.417397027,0,8.95E-19,0,0,0.094675089,0,0.056805053
22/09/2017,12,0.17,3.113264,0.17,4.55E-15,2.272264293,0,8.00E-15,0,0,0.555571137,0,0.333342682
22/09/2017,13,0.34,2.912917,0.34,3.77E-18,2.015397563,0,6.25E-18,0,0,0.414367784,0,0.248620671
22/09/2017,14,0.19,2.54176,0.19,1.93E-24,1.843271315,0,3.35E-24,0,0,0.322348629,0,0.193409178
22/09/2017,15,0.27,1.953355,0.27,9.20E-20,1.361926132,0,1.68E-19,0,0,0.065020199,0,0.039012119
22/09/2017,16,0.27,1.232443,0.27,7.51E-15,0.795088125,0,1.22E-14,0,0,4.21E-07,0,3.94E-07
22/09/2017,17,0.21,0.541992,0.21,7.54E-14,0.283654286,0,9.38E-14,0,0,4.34E-07,0,5.42E-07
22/09/2017,18,0.17,0.228975,0.157458738,0.012541262,0.070121359,0,3.29E-13,0,0,7.55E-07,0,7.61E-07
22/09/2017,19,0.32,0,0,0.215652174,0,0.104347826,0,7.97E-14,5.84E-07,0,4.49E-07,0
22/09/2017,20,1.41,0,0,0.950217391,0,0.459782609,0,2.32E-14,7.43E-07,0,5.72E-07,0
22/09/2017,21,1.32,0,0,0.889565217,0,0.430434783,0,3.24E-14,7.84E-07,0,5.96E-07,0
22/09/2017,22,1.19,0,0,0.801956522,0,0.388043478,0,5.47E-14,9.70E-07,0,7.36E-07,0
22/09/2017,23,0.21,0,0,0.141521739,0,0.068478261,0,3.88E-13,1.11E-06,0,8.60E-07,0
23/09/2017,0,0.21,0,0,0.141521739,0,0.068478261,0,3.88E-13,1.11E-06,0,8.60E-07,0
23/09/2017,1,0.18,0,0,0.121304348,0,0.058695652,0,6.27E-13,1.23E-06,0,9.69E-07,0
23/09/2017,2,0.25,0,0,0.168478261,0,0.081521739,0,1.63E-13,7.79E-07,0,6.03E-07,0
23/09/2017,3,0.27,0,0,0.181956522,0,0.088043478,0,8.93E-14,5.93E-07,0,4.58E-07,0
23/09/2017,4,0.24,0,0,0.16173913,0,0.07826087,0,1.70E-13,7.88E-07,0,6.12E-07,0
23/09/2017,5,0.17,0.114413,0.113239053,0.038251942,0,0.018509004,0,8.30E-13,8.78E-07,0,6.86E-07,0
23/09/2017,6,0.17,0.173979,0.130218836,0.039781164,0.043760164,0,4.38E-13,0,0,7.96E-07,0,7.24E-07
23/09/2017,7,0.4,0.690088,0.4,4.17E-14,0.265249286,0,2.19E-14,0,0,2.92E-07,0,2.98E-07
23/09/2017,8,0.33,1.496752,0.33,1.11E-14,0.964086429,0,1.80E-14,0,0,5.39E-07,0,5.70E-07
23/09/2017,9,0.29,1.494239,0.29,1.05E-14,0.990995625,0,1.74E-14,0,0,5.45E-07,0,5.71E-07
23/09/2017,10,0.56,1.980119,0.56,7.59E-15,1.186167054,0,1.13E-14,0,0,4.90E-07,0,4.94E-07
23/09/2017,11,1.05,3.232549,1.05,4.20E-24,1.782621844,0,5.60E-24,0,0,0.289925259,0,0.173955155
23/09/2017,12,1.09,3.150068,1.09,2.24E-13,1.696265353,0,2.99E-13,0,0,0.243758846,0,0.146255308
23/09/2017,13,1.03,2.965492,1.03,1.69E-14,1.601093256,0,2.74E-14,0,0,0.192879587,0,0.115727752
23/09/2017,14,1.05,2.384464,1.05,1.09E-14,1.156712143,0,1.18E-14,0,0,5.19E-07,0,5.11E-07
23/09/2017,15,0.77,1.975089,0.77,6.27E-15,1.030250089,0,7.76E-15,0,0,2.14E-07,0,3.29E-07
23/09/2017,16,0.23,1.269776,0.23,5.51E-15,0.854016429,0,9.28E-15,0,0,4.38E-07,0,4.00E-07
23/09/2017,17,0.23,0.568533,0.23,8.70E-14,0.290517589,0,1.04E-13,0,0,6.01E-07,0,6.06E-07
23/09/2017,18,0.22,0.222764,0.167306295,0.052693705,0.055457705,0,1.60E-13,0,0,5.07E-07,0,5.02E-07
23/09/2017,19,0.36,0,0,0.242608696,0,0.117391304,0,2.18E-13,1.07E-06,0,8.27E-07,0
23/09/2017,20,0.37,0,0,0.249347826,0,0.120652174,0,6.10E-14,5.67E-07,0,4.41E-07,0
23/09/2017,21,0.5,0,0,0.336956522,0,0.163043478,0,9.90E-14,8.94E-07,0,7.00E-07,0
23/09/2017,22,0.29,0,0,0.195434783,0,0.094565217,0,9.60E-14,6.28E-07,0,4.83E-07,0
23/09/2017,23,0.3,0,0,0.202173913,0,0.097826087,0,9.19E-14,6.14E-07,0,4.72E-07,0
24/09/2017,0,0.3,0,0,0.202173913,0,0.097826087,0,9.19E-14,6.14E-07,0,4.72E-07,0
24/09/2017,1,0.35,0,0,0.235869565,0,0.114130435,0,1.79E-13,9.39E-07,0,7.27E-07,0
24/09/2017,2,0.34,0,0,0.229130435,0,0.110869565,0,6.68E-14,5.46E-07,0,4.22E-07,0
24/09/2017,3,0.23,0,0,0.155,0,0.075,0,1.34E-13,6.83E-07,0,5.31E-07,0
24/09/2017,4,0.24,0,0,0.16173913,0,0.07826087,0,1.70E-13,7.88E-07,0,6.12E-07,0
24/09/2017,5,0.2,0.119551,0.119551,0.05421563,0,0.02623337,0,3.86E-13,7.39E-07,0,5.74E-07,0
24/09/2017,6,0.26,0.274245,0.203304836,0.056695164,0.070940164,0,1.25E-13,0,0,3.63E-07,0,3.61E-07
24/09/2017,7,0.34,1.055829,0.34,6.19E-15,0.602541161,0,8.72E-15,0,0,1.94E-07,0,2.27E-07
24/09/2017,8,0.38,1.868528,0.38,4.16E-15,1.226674286,0,6.85E-15,0,0,5.30E-07,0,4.62E-07
24/09/2017,9,0.34,2.510041,0.34,1.47E-26,1.7217559,0,2.42E-26,0,0,0.257386161,0,0.154431697
24/09/2017,10,2.62,1.94032,1.895354395,0.488348125,0,0.23629748,0,5.74E-14,8.95E-07,0,7.04E-07,0
24/09/2017,11,0.62,3.102854,0.62,9.60E-26,1.9701621,0,7.54E-26,0,0,0.390184784,0,0.23411087
24/09/2017,12,0.33,3.23919,0.33,3.58E-23,2.259146947,0,5.93E-23,0,0,0.548235778,0,0.328941467
24/09/2017,13,0.43,2.935691,0.43,4.04E-15,1.972958749,0,6.39E-15,0,0,0.391679881,0,0.235007928
24/09/2017,14,0.3,1.958546,0.3,9.12E-23,1.346030345,0,2.07E-22,0,0,0.056522268,0,0.033913361
24/09/2017,15,0.34,1.861944,0.34,8.42E-15,1.249381571,0,1.41E-14,0,0,0.004853573,0,0.002912144
24/09/2017,16,0.25,0.613931,0.25,1.80E-14,0.312533839,0,2.14E-14,0,0,2.80E-07,0,3.38E-07
24/09/2017,17,0.26,0.620164,0.26,3.98E-14,0.310310357,0,4.59E-14,0,0,3.99E-07,0,4.64E-07
24/09/2017,18,0.41,0.235388,0.235388,0.117673304,0,0.056938696,0,5.15E-13,1.26E-06,0,9.79E-07,0
24/09/2017,19,0.34,0,0,0.229130435,0,0.110869565,0,6.68E-14,5.46E-07,0,4.22E-07,0
24/09/2017,20,0.32,0,0,0.215652174,0,0.104347826,0,7.97E-14,5.84E-07,0,4.49E-07,0
24/09/2017,21,0.31,0,0,0.208913043,0,0.101086957,0,8.52E-14,5.97E-07,0,4.59E-07,0
24/09/2017,22,0.28,0,0,0.188695652,0,0.091304348,0,8.01E-14,5.70E-07,0,4.40E-07,0
24/09/2017,23,0.35,0,0,0.235869565,0,0.114130435,0,1.79E-13,9.39E-07,0,7.27E-07,0
25/09/2017,0,0.31,0,0,0.208913043,0,0.101086957,0,8.52E-14,5.97E-07,0,4.59E-07,0
25/09/2017,1,0.33,0,0,0.222391304,0,0.107608696,0,6.52E-14,5.31E-07,0,4.09E-07,0
25/09/2017,2,0.2,0,0,0.134782609,0,0.065217391,0,6.50E-13,1.38E-06,0,1.08E-06,0
25/09/2017,3,0.24,0,0,0.16173913,0,0.07826087,0,1.70E-13,7.88E-07,0,6.12E-07,0
25/09/2017,4,0.21,0,0,0.141521739,0,0.068478261,0,3.88E-13,1.11E-06,0,8.60E-07,0
25/09/2017,5,0.32,0.122064,0.122064,0.133391652,0,0.064544348,0,1.06E-13,5.99E-07,0,4.63E-07,0
25/09/2017,6,0.29,0.259368,0.247620061,0.028560393,0,0.013819545,0,1.60E-12,1.14E-06,0,8.95E-07,0
25/09/2017,7,0.3,0.310163,0.231394311,0.068605689,0.078768689,0,2.38E-13,0,0,4.41E-07,0,5.23E-07
25/09/2017,8,0.21,0.613286,0.21,1.02E-14,0.340944107,0,1.39E-14,0,0,2.56E-07,0,2.51E-07
25/09/2017,9,0.33,0.695914,0.33,1.93E-14,0.320555893,0,1.88E-14,0,0,5.66E-07,0,4.40E-07
25/09/2017,10,0.66,0.832752,0.584598549,0.075401451,0.246385692,0,2.20E-14,0,0,2.16E-07,0,2.43E-07
25/09/2017,11,0.34,2.144276,0.34,2.20E-16,1.455163096,0,3.42E-16,0,0,0.114864931,0,0.068918958
25/09/2017,12,0.43,1.529956,0.43,1.25E-14,0.918446786,0,1.88E-14,0,0,5.44E-07,0,5.80E-07
25/09/2017,13,0.3,0.898169,0.3,1.27E-14,0.504778661,0,1.75E-14,0,0,5.25E-07,0,4.49E-07
25/09/2017,14,0.24,0.945685,0.24,1.83E-14,0.586354018,0,2.85E-14,0,0,6.06E-07,0,5.81E-07
25/09/2017,15,0.34,1.344335,0.34,2.17E-14,0.834376339,0,3.38E-14,0,0,4.98E-07,0,5.92E-07
25/09/2017,16,0.29,0.75533,0.29,1.10E-14,0.397229464,0,1.37E-14,0,0,2.26E-07,0,2.91E-07
25/09/2017,17,0.34,0.430953,0.302088038,0.037911962,0.127827133,0,1.40E-13,0,0,6.21E-07,0,5.68E-07
25/09/2017,18,0.53,0.262941,0.262941,0.179974543,0,0.087084457,0,2.04E-13,9.96E-07,0,7.80E-07,0
25/09/2017,19,0.26,0,0,0.175217391,0,0.084782609,0,1.03E-13,6.25E-07,0,4.83E-07,0
25/09/2017,20,2.01,0,0,1.415502952,0,0.594497048,0,5.09E-19,0.064238528,0,0.056062716,0
25/09/2017,21,1.06,0,0,0.714347826,0,0.345652174,0,9.86E-14,1.29E-06,0,9.96E-07,0
25/09/2017,22,1.22,0,0,0.822173913,0,0.397826087,0,3.24E-14,7.59E-07,0,5.83E-07,0
25/09/2017,23,1.07,0,0,0.721086957,0,0.348913043,0,7.70E-14,1.16E-06,0,8.89E-07,0
26/09/2017,0,0.99,0,0,0.667173913,0,0.322826087,0,9.41E-14,1.15E-06,0,8.90E-07,0
26/09/2017,1,0.17,0,0,0.114565217,0,0.055434783,0,7.31E-13,1.29E-06,0,1.01E-06,0
26/09/2017,2,0.2,0,0,0.134782609,0,0.065217391,0,6.50E-13,1.38E-06,0,1.08E-06,0
26/09/2017,3,0.19,0,0,0.128043478,0,0.061956522,0,6.55E-13,1.31E-06,0,1.04E-06,0
26/09/2017,4,0.28,0,0,0.188695652,0,0.091304348,0,8.01E-14,5.70E-07,0,4.40E-07,0
26/09/2017,5,0.24,0.106176,0.106176,0.090185739,0,0.043638261,0,3.07E-13,8.36E-07,0,6.58E-07,0
26/09/2017,6,0.24,0.441403,0.24,3.80E-14,0.181127411,0,2.64E-14,0,0,2.34E-07,0,2.30E-07
26/09/2017,7,0.33,1.093493,0.33,7.10E-15,0.640039018,0,1.03E-14,0,0,3.02E-07,0,2.92E-07
26/09/2017,8,1.48,1.905823,1.329185176,0.150814824,0.570179203,0,2.31E-14,0,0,3.94E-07,0,4.99E-07
26/09/2017,9,0.29,2.47425,0.29,1.12E-13,1.728468006,0,1.90E-13,0,0,0.260974471,0,0.156584683
26/09/2017,10,2.85,2.99887,2.224835574,0.625164426,0.774034426,0,2.41E-14,0,0,9.80E-07,0,7.73E-07
26/09/2017,11,3.03,1.628133,1.628133,0.944736457,0,0.457130543,0,1.97E-14,6.46E-07,0,4.98E-07,0
26/09/2017,12,1.11,1.702681,1.11,3.23E-13,0.565457946,0,3.14E-14,0,0,7.13E-07,0,6.65E-07
26/09/2017,13,0.21,0.743281,0.21,1.30E-14,0.445404375,0,1.95E-14,0,0,4.12E-07,0,4.10E-07
26/09/2017,14,0.16,1.733191,0.16,2.70E-15,1.2736141,0,4.84E-15,0,0,0.017808349,0,0.010685009
26/09/2017,15,0.29,0.532595,0.29,5.38E-14,0.218245982,0,3.72E-14,0,0,3.80E-07,0,3.76E-07
26/09/2017,16,1.24,0.702821,0.702821,0.362011935,0,0.175167065,0,7.32E-14,8.78E-07,0,6.95E-07,0
26/09/2017,17,0.29,0.420149,0.282646178,0.007353822,0.133205979,0,2.09E-13,0,0,5.13E-07,0,5.82E-07
26/09/2017,18,0.22,0.251582,0.181951508,0.038048492,0.069630492,0,1.15E-13,0,0,3.19E-07,0,3.25E-07
26/09/2017,19,0.23,0,0,0.155,0,0.075,0,1.34E-13,6.83E-07,0,5.31E-07,0
26/09/2017,20,1.08,0,0,0.727826087,0,0.352173913,0,7.98E-14,1.17E-06,0,9.01E-07,0
26/09/2017,21,0.93,0,0,0.62673913,0,0.30326087,0,7.38E-14,9.64E-07,0,7.40E-07,0
26/09/2017,22,0.63,0,0,0.424565217,0,0.205434783,0,8.00E-14,8.41E-07,0,6.55E-07,0
26/09/2017,23,0.39,0,0,0.262826087,0,0.127173913,0,3.46E-13,1.38E-06,0,1.08E-06,0
27/09/2017,0,0.26,0,0,0.175217391,0,0.084782609,0,1.03E-13,6.25E-07,0,4.83E-07,0
27/09/2017,1,0.24,0,0,0.16173913,0,0.07826087,0,1.70E-13,7.88E-07,0,6.12E-07,0
27/09/2017,2,0.26,0,0,0.175217391,0,0.084782609,0,1.03E-13,6.25E-07,0,4.83E-07,0
27/09/2017,3,0.31,0,0,0.208913043,0,0.101086957,0,8.52E-14,5.97E-07,0,4.59E-07,0
27/09/2017,4,0.31,0,0,0.208913043,0,0.101086957,0,8.52E-14,5.97E-07,0,4.59E-07,0
27/09/2017,5,0.25,0.090278,0.090278,0.107638739,0,0.052083261,0,2.39E-13,7.89E-07,0,6.15E-07,0
27/09/2017,6,0.21,0.402958,0.21,4.44E-14,0.171930536,0,3.52E-14,0,0,2.64E-07,0,2.83E-07
27/09/2017,7,0.23,1.147736,0.23,9.43E-15,0.755948571,0,1.56E-14,0,0,5.42E-07,0,5.56E-07
27/09/2017,8,0.93,1.946425,0.93,2.37E-14,0.891502232,0,2.27E-14,0,0,7.43E-07,0,6.39E-07
27/09/2017,9,0.52,2.047653,0.52,4.02E-17,1.266662198,0,6.09E-17,0,0,0.014091843,0,0.008455106
27/09/2017,10,0.47,2.987892,0.47,4.21E-23,1.984767069,0,6.64E-23,0,0,0.39799264,0,0.238795584
27/09/2017,11,0.26,3.22178,0.26,1.83E-19,2.292234245,0,1.77E-19,0,0,0.566738544,0,0.340043126
27/09/2017,12,0.24,3.033751,0.24,3.97E-23,2.16883437,0,6.71E-23,0,0,0.497732035,0,0.298639221
27/09/2017,13,0.41,2.964152,0.41,5.93E-21,2.006822482,0,1.03E-20,0,0,0.409783523,0,0.245870114
27/09/2017,14,0.38,2.333369,0.38,1.28E-14,1.566747015,0,2.33E-14,0,0,0.174517994,0,0.104710796
27/09/2017,15,0.33,1.038326,0.33,6.67E-15,0.595708393,0,9.46E-15,0,0,1.98E-07,0,2.75E-07
27/09/2017,16,0.22,0.436326,0.22,3.50E-14,0.191511964,0,3.01E-14,0,0,2.48E-07,0,2.50E-07
27/09/2017,17,0.16,0.66108,0.16,8.18E-15,0.415510714,0,1.29E-14,0,0,2.38E-07,0,2.74E-07
27/09/2017,18,0.22,0.126814,0.126814,0.062799261,0,0.030386739,0,2.88E-13,6.99E-07,0,5.45E-07,0
27/09/2017,19,0.32,0,0,0.215652174,0,0.104347826,0,7.97E-14,5.84E-07,0,4.49E-07,0
27/09/2017,20,0.34,0,0,0.229130435,0,0.110869565,0,6.68E-14,5.46E-07,0,4.22E-07,0
27/09/2017,21,0.31,0,0,0.208913043,0,0.101086957,0,8.52E-14,5.97E-07,0,4.59E-07,0
27/09/2017,22,0.4,0,0,0.269565217,0,0.130434783,0,9.36E-14,7.27E-07,0,5.71E-07,0
27/09/2017,23,0.22,0,0,0.14826087,0,0.07173913,0,2.71E-13,9.78E-07,0,7.67E-07,0
28/09/2017,0,0.32,0,0,0.215652174,0,0.104347826,0,7.97E-14,5.84E-07,0,4.49E-07,0
28/09/2017,1,0.25,0,0,0.168478261,0,0.081521739,0,1.63E-13,7.79E-07,0,6.03E-07,0
28/09/2017,2,0.28,0,0,0.188695652,0,0.091304348,0,8.01E-14,5.70E-07,0,4.40E-07,0
28/09/2017,3,0.3,0,0,0.202173913,0,0.097826087,0,9.19E-14,6.14E-07,0,4.72E-07,0
28/09/2017,4,0.2,0,0,0.134782609,0,0.065217391,0,6.50E-13,1.38E-06,0,1.08E-06,0
28/09/2017,5,0.21,0.110928,0.110928,0.066765913,0,0.032306087,0,3.92E-13,8.07E-07,0,6.37E-07,0
28/09/2017,6,0.28,0.258418,0.24586161,0.023006306,0,0.011132084,0,2.24E-12,1.21E-06,0,9.48E-07,0
28/09/2017,7,0.32,0.60759,0.32,5.67E-14,0.256813393,0,4.36E-14,0,0,4.66E-07,0,4.70E-07
28/09/2017,8,0.37,1.308298,0.37,4.05E-15,0.783721607,0,6.05E-15,0,0,1.97E-07,0,2.44E-07
28/09/2017,9,0.44,2.053327,0.44,1.38E-19,1.323275952,0,2.08E-19,0,0,0.044357708,0,0.026614625
28/09/2017,10,0.28,2.038689,0.28,2.30E-18,1.417563208,0,3.72E-18,0,0,0.094763929,0,0.056858358
28/09/2017,11,2.92,3.023927,2.254782574,0.665217426,0.769144426,0,1.60E-14,0,0,5.43E-07,0,5.05E-07
28/09/2017,12,0.4,3.265545,0.4,2.06E-21,2.232551552,0,3.34E-21,0,0,0.533363353,0,0.320018012
28/09/2017,13,0.23,2.801964,0.23,1.55E-18,2.006685456,0,3.92E-18,0,0,0.409710269,0,0.245826161
28/09/2017,14,0.24,0.790484,0.24,1.42E-14,0.461638929,0,2.06E-14,0,0,5.00E-07,0,4.64E-07
28/09/2017,15,0.63,1.013648,0.63,1.99E-13,0.358913571,0,5.81E-14,0,0,8.14E-07,0,7.15E-07
28/09/2017,16,0.9,1.256578,0.854684486,0.045315514,0.391630148,0,5.24E-14,0,0,6.02E-07,0,6.69E-07
28/09/2017,17,0.2,0.589383,0.2,5.64E-14,0.328968482,0,7.71E-14,0,0,4.61E-07,0,5.12E-07
28/09/2017,18,1.1,0.247703,0.247703,0.574374065,0,0.277922935,0,3.06E-14,6.25E-07,0,4.85E-07,0
28/09/2017,19,2.44,0,0,1.765394914,0,0.674605086,0,2.96E-20,0.127603806,0,0.111363321,0
28/09/2017,20,1.33,0,0,0.896304348,0,0.433695652,0,5.62E-14,1.11E-06,0,8.47E-07,0
28/09/2017,21,0.87,0,0,0.586304348,0,0.283695652,0,2.61E-14,5.48E-07,0,4.20E-07,0
28/09/2017,22,1.42,0,0,0.956956522,0,0.463043478,0,2.39E-14,7.61E-07,0,5.86E-07,0
28/09/2017,23,0.74,0,0,0.498695652,0,0.241304348,0,1.49E-13,1.26E-06,0,9.82E-07,0
29/09/2017,0,0.75,0,0,0.505434783,0,0.244565217,0,2.58E-14,5.13E-07,0,4.03E-07,0
29/09/2017,1,0.45,0,0,0.30326087,0,0.14673913,0,1.90E-13,1.14E-06,0,8.86E-07,0
29/09/2017,2,0.48,0,0,0.323478261,0,0.156521739,0,1.16E-13,9.20E-07,0,7.15E-07,0
29/09/2017,3,0.41,0,0,0.276304348,0,0.133695652,0,9.39E-14,7.50E-07,0,5.84E-07,0
29/09/2017,4,0.33,0,0,0.222391304,0,0.107608696,0,6.52E-14,5.31E-07,0,4.09E-07,0
29/09/2017,5,0.33,0.093542,0.093542,0.15935213,0,0.07710587,0,1.81E-13,8.71E-07,0,6.77E-07,0
29/09/2017,6,0.32,0.411698,0.287214686,0.032785314,0.123110986,0,1.79E-13,0,0,5.52E-07,0,5.40E-07
29/09/2017,7,0.47,1.093974,0.47,8.49E-15,0.539175536,0,9.51E-15,0,0,3.92E-07,0,3.68E-07
29/09/2017,8,0.91,1.88312,0.91,1.13E-14,0.855096429,0,1.06E-14,0,0,1.98E-07,0,3.12E-07
29/09/2017,9,2.42,2.503282,1.867241672,0.552758328,0.636040328,0,4.22E-14,0,0,1.08E-06,0,8.63E-07
29/09/2017,10,1.17,2.975079,1.17,4.00E-15,1.516244055,0,4.81E-15,0,0,0.147518975,0,0.088511385
29/09/2017,11,0.56,3.151035,0.56,6.85E-21,2.044638114,0,1.05E-20,0,0,0.429999862,0,0.257999917
29/09/2017,12,1.17,3.156262,1.17,2.83E-12,1.648301753,0,3.69E-12,0,0,0.218117376,0,0.130870426
29/09/2017,13,0.45,2.843646,0.45,4.15E-20,1.892750952,0,6.72E-20,0,0,0.348800576,0,0.209280346
29/09/2017,14,0.29,2.329736,0.29,2.11E-26,1.623137007,0,4.06E-26,0,0,0.204664236,0,0.122798541
29/09/2017,15,0.28,1.954858,0.28,1.99E-23,1.356461841,0,4.69E-23,0,0,0.062098974,0,0.037259385
29/09/2017,16,1.41,1.284913,1.224173288,0.125231045,0,0.060595667,0,2.20E-13,8.67E-07,0,6.74E-07,0
29/09/2017,17,1.8,0.572306,0.572306,0.827359,0,0.400335,0,6.58E-14,1.13E-06,0,8.75E-07,0
29/09/2017,18,0.27,0.237628,0.227275132,0.028792846,0,0.013932022,0,2.00E-12,1.27E-06,0,9.98E-07,0
29/09/2017,19,1.21,0,0,0.815434783,0,0.394565217,0,3.42E-14,7.77E-07,0,5.95E-07,0
29/09/2017,20,2.3,0,0,1.651476601,0,0.648523399,0,1.06E-17,0.10697325,0,0.093358473,0
29/09/2017,21,1.48,0,0,0.997391304,0,0.482608696,0,2.21E-14,6.85E-07,0,5.25E-07,0
29/09/2017,22,1.46,0,0,0.983913043,0,0.476086957,0,2.86E-14,7.97E-07,0,6.09E-07,0
29/09/2017,23,1.27,0,0,0.855869565,0,0.414130435,0,2.81E-14,7.21E-07,0,5.52E-07,0
30/09/2017,0,0.96,0,0,0.646956522,0,0.313043478,0,2.70E-14,5.99E-07,0,4.61E-07,0
30/09/2017,1,0.81,0,0,0.545869565,0,0.264130435,0,2.69E-14,5.42E-07,0,4.19E-07,0
30/09/2017,2,0.67,0,0,0.451521739,0,0.218478261,0,7.63E-14,8.42E-07,0,6.59E-07,0
30/09/2017,3,0.49,0,0,0.330217391,0,0.159782609,0,1.04E-13,8.89E-07,0,6.95E-07,0
30/09/2017,4,0.51,0,0,0.343695652,0,0.166304348,0,9.48E-14,8.79E-07,0,6.87E-07,0
30/09/2017,5,0.44,0.100241,0.100241,0.228968022,0,0.110790978,0,3.20E-13,1.34E-06,0,1.03E-06,0
30/09/2017,6,0.28,0.405036,0.272602698,0.007397302,0.128325192,0,1.93E-13,0,0,4.62E-07,0,5.29E-07
30/09/2017,7,0.29,1.172576,0.29,1.00E-14,0.732516429,0,1.57E-14,0,0,5.27E-07,0,5.16E-07
30/09/2017,8,0.26,0.974556,0.26,1.78E-14,0.595089643,0,2.72E-14,0,0,6.41E-07,0,6.06E-07
30/09/2017,9,1.61,2.431646,1.61,8.92E-13,0.78962625,0,2.32E-14,0,0,4.10E-07,0,5.16E-07
30/09/2017,10,0.93,2.748594,0.93,1.28E-15,1.508601919,0,1.81E-15,0,0,0.143433469,0,0.086060082
30/09/2017,11,1.47,2.828909,1.47,6.27E-15,1.210105446,0,5.01E-15,0,0,4.97E-07,0,4.19E-07
30/09/2017,12,1.16,2.799368,1.16,3.29E-15,1.39473447,0,3.98E-15,0,0,0.082559625,0,0.049535775
30/09/2017,13,1.78,1.762978,1.664910658,0.077560209,0,0.037529133,0,7.76E-13,1.18E-06,0,9.05E-07,0
30/09/2017,14,1.29,1.83122,1.239363618,0.050636382,0.575190598,0,3.21E-14,0,0,3.30E-07,0,5.43E-07
30/09/2017,15,0.59,1.996146,0.59,7.46E-15,1.177349464,0,1.10E-14,0,0,4.57E-07,0,4.73E-07
30/09/2017,16,0.22,1.168322,0.22,1.29E-14,0.779723036,0,2.15E-14,0,0,6.61E-07,0,6.34E-07
30/09/2017,17,1.07,0.571862,0.571862,0.335701696,0,0.162436304,0,5.17E-14,6.38E-07,0,4.88E-07,0
30/09/2017,18,1.75,0.238018,0.238018,1.018944391,0,0.493037609,0,2.81E-14,8.14E-07,0,6.26E-07,0
30/09/2017,19,1.74,0,0,1.195803347,0,0.544196653,0,7.70E-21,0.024451029,0,0.02133908,0
30/09/2017,20,1.73,0,0,1.187666325,0,0.542333675,0,6.40E-23,0.022977418,0,0.020053019,0
30/09/2017,21,1.61,0,0,1.090022056,0,0.519977944,0,6.10E-22,0.005294084,0,0.004620292,0
30/09/2017,22,1.8,0,0,1.244625482,0,0.555374518,0,5.96E-19,0.033292695,0,0.029055443,0
30/09/2017,23,1.65,0,0,1.122570146,0,0.527429854,0,9.56E-23,0.011188529,0,0.009764534,0
01/10/2017,0,0.65,0,0,0.438043478,0,0.211956522,0,4.98E-14,6.79E-07,0,5.29E-07,0
01/10/2017,1,0.57,0,0,0.384130435,0,0.185869565,0,7.42E-14,7.91E-07,0,6.10E-07,0
01/10/2017,2,0.54,0,0,0.363913043,0,0.176086957,0,8.84E-14,8.55E-07,0,6.64E-07,0
01/10/2017,3,0.53,0,0,0.357173913,0,0.172826087,0,7.95E-14,8.04E-07,0,6.26E-07,0
01/10/2017,4,0.56,0,0,0.377391304,0,0.182608696,0,7.91E-14,8.14E-07,0,6.30E-07,0
01/10/2017,5,0.57,0.027061,0.027061,0.365893674,0,0.177045326,0,1.80E-13,1.23E-06,0,9.49E-07,0
01/10/2017,6,0.64,0.288192,0.288192,0.237088,0,0.11472,0,1.15E-13,8.43E-07,0,6.55E-07,0
01/10/2017,7,0.59,0.524982,0.501490572,0.059647658,0,0.02886177,0,4.54E-13,8.28E-07,0,6.40E-07,0
01/10/2017,8,1.73,0.860447,0.860447,0.586003109,0,0.283549891,0,4.21E-14,7.85E-07,0,6.07E-07,0
01/10/2017,9,1.66,1.25135,1.219522434,0.296843577,0,0.143633989,0,4.55E-14,6.00E-07,0,4.70E-07,0
01/10/2017,10,0.96,1.128663,0.80964841,0.15035159,0.31901459,0,1.58E-14,0,0,2.56E-07,0,3.21E-07
01/10/2017,11,0.3,1.217551,0.3,5.13E-15,0.761424911,0,8.04E-15,0,0,2.11E-07,0,3.10E-07
01/10/2017,12,0.27,0.74871,0.27,1.80E-14,0.406374107,0,2.37E-14,0,0,5.19E-07,0,4.94E-07
01/10/2017,13,0.22,0.653334,0.22,1.80E-14,0.365893393,0,2.47E-14,0,0,2.80E-07,0,3.70E-07
01/10/2017,14,0.21,0.518193,0.21,9.78E-14,0.264530089,0,1.17E-13,0,0,5.05E-07,0,6.17E-07
01/10/2017,15,0.23,0.500951,0.23,2.05E-14,0.236210625,0,2.10E-14,0,0,2.35E-07,0,2.33E-07
01/10/2017,16,0.26,0.427757,0.26,8.40E-14,0.155697589,0,3.12E-14,0,0,2.40E-07,0,2.32E-07
01/10/2017,17,0.25,0.385425,0.25,3.85E-13,0.128912946,0,4.60E-14,0,0,2.82E-07,0,2.89E-07
01/10/2017,18,0.3,0.281748,0.267555157,0.021865003,0,0.01057984,0,1.38E-12,9.07E-07,0,7.09E-07,0
01/10/2017,19,0.29,0,0,0.195434783,0,0.094565217,0,9.60E-14,6.28E-07,0,4.83E-07,0
01/10/2017,20,1.17,0,0,0.788478261,0,0.381521739,0,4.26E-14,8.57E-07,0,6.61E-07,0
01/10/2017,21,1.69,0,0,1.155118235,0,0.534881765,0,2.30E-25,0.017082973,0,0.014908777,0
01/10/2017,22,2.03,0,0,1.431776997,0,0.598223003,0,3.98E-18,0.067185751,0,0.058634837,0
01/10/2017,23,2.1,0,0,1.488736153,0,0.611263847,0,6.35E-20,0.077501028,0,0.067637261,0
02/10/2017,0,1.1,0,0,0.741304348,0,0.358695652,0,8.04E-14,1.18E-06,0,9.02E-07,0
02/10/2017,1,0.53,0,0,0.357173913,0,0.172826087,0,7.95E-14,8.04E-07,0,6.26E-07,0
02/10/2017,2,0.48,0,0,0.323478261,0,0.156521739,0,1.16E-13,9.20E-07,0,7.15E-07,0
02/10/2017,3,0.52,0,0,0.350434783,0,0.169565217,0,8.97E-14,8.49E-07,0,6.61E-07,0
02/10/2017,4,0.5,0,0,0.336956522,0,0.163043478,0,9.90E-14,8.94E-07,0,7.00E-07,0
02/10/2017,5,0.44,0.12496,0.12496,0.212309565,0,0.102730435,0,3.46E-13,1.34E-06,0,1.03E-06,0
02/10/2017,6,0.43,0.327389,0.31865201,0.075038863,0,0.036309127,0,2.98E-13,7.55E-07,0,5.84E-07,0
02/10/2017,7,0.4,0.786481,0.4,6.56E-14,0.342707946,0,5.54E-14,0,0,6.98E-07,0,6.40E-07
02/10/2017,8,0.47,1.047824,0.47,2.87E-14,0.502090714,0,3.04E-14,0,0,7.92E-07,0,6.30E-07
02/10/2017,9,0.38,1.772328,0.38,1.06E-14,1.149370714,0,1.73E-14,0,0,7.04E-07,0,6.54E-07
02/10/2017,10,0.25,1.346603,0.25,3.61E-15,0.901288125,0,6.06E-15,0,0,3.20E-07,0,3.09E-07
02/10/2017,11,0.15,1.265644,0.15,5.55E-15,0.908553214,0,9.90E-15,0,0,3.36E-07,0,4.03E-07
02/10/2017,12,0.16,1.622315,0.16,1.33E-14,1.187931696,0,2.41E-14,0,0,9.23E-07,0,8.36E-07
02/10/2017,13,0.25,2.828848,0.25,4.47E-19,2.01316068,0,7.45E-19,0,0,0.413171941,0,0.247903165
02/10/2017,14,0.23,2.518491,0.23,1.30E-20,1.800072297,0,2.31E-20,0,0,0.299254318,0,0.179552591
02/10/2017,15,0.31,1.858658,0.31,9.17E-23,1.266665843,0,1.54E-22,0,0,0.014093792,0,0.008456275
02/10/2017,16,0.32,0.675166,0.32,3.99E-14,0.311115536,0,3.88E-14,0,0,5.41E-07,0,5.57E-07
02/10/2017,17,1.73,0.446501,0.446501,0.864966717,0,0.418532283,0,8.93E-14,1.33E-06,0,1.03E-06,0
02/10/2017,18,1.59,0.22837,0.22837,0.917620217,0,0.444009783,0,5.10E-14,1.03E-06,0,7.95E-07,0
02/10/2017,19,1.72,0,0,1.179529303,0,0.540470697,0,4.77E-24,0.021503806,0,0.018766958,0
02/10/2017,20,1.92,0,0,1.34226975,0,0.57773025,0,7.02E-23,0.050976028,0,0.04448817,0
02/10/2017,21,5.34,0,0,4.125131407,0,1.214868593,0,1.94E-18,0.554951025,0,0.484320894,0
02/10/2017,22,2.16,0,0,1.537558288,0,0.622441712,0,6.75E-26,0.086342695,0,0.075353625,0
02/10/2017,23,0.78,0,0,0.525652174,0,0.254347826,0,3.72E-14,6.31E-07,0,4.91E-07,0
03/10/2017,0,0.7,0,0,0.47173913,0,0.22826087,0,7.01E-14,8.27E-07,0,6.48E-07,0
03/10/2017,1,0.72,0,0,0.485217391,0,0.234782609,0,6.24E-14,7.95E-07,0,6.22E-07,0
03/10/2017,2,1.11,0,0,0.748043478,0,0.361956522,0,8.00E-14,1.17E-06,0,8.99E-07,0
03/10/2017,3,1.15,0,0,0.775,0,0.375,0,4.69E-14,8.93E-07,0,6.89E-07,0
03/10/2017,4,1,0,0,0.673913043,0,0.326086957,0,9.32E-14,1.16E-06,0,8.99E-07,0
03/10/2017,5,1.02,0.085237,0.085237,0.629948978,0,0.304814022,0,2.23E-14,5.70E-07,0,4.36E-07,0
03/10/2017,6,1.07,0.099625,0.099625,0.65394837,0,0.31642663,0,3.24E-14,7.36E-07,0,5.71E-07,0
03/10/2017,7,1.42,0.483833,0.483833,0.630895152,0,0.305271848,0,2.76E-14,6.49E-07,0,4.97E-07,0
03/10/2017,8,2.21,0.442047,0.442047,1.218548766,0,0.549404234,0,2.35E-14,0.028570214,0,0.024934005,0
03/10/2017,9,3.7,0.618403,0.618403,2.28746383,0,0.79413317,0,1.32E-22,0.222150252,0,0.193876583,0
03/10/2017,10,2.78,0.858506,0.858506,1.343485421,0,0.578008579,0,2.11E-13,0.051196186,0,0.044680308,0
03/10/2017,11,0.28,1.367345,0.28,8.43E-15,0.896259375,0,1.39E-14,0,0,4.64E-07,0,4.71E-07
03/10/2017,12,0.26,1.454238,0.26,1.31E-14,0.980548393,0,2.21E-14,0,0,5.81E-07,0,5.93E-07
03/10/2017,13,0.26,1.061929,0.26,5.22E-15,0.665300089,0,8.19E-15,0,0,2.92E-07,0,3.16E-07
03/10/2017,14,0.26,1.313571,0.26,5.47E-15,0.867512411,0,9.06E-15,0,0,3.97E-07,0,3.66E-07
03/10/2017,15,0.25,0.750035,0.25,4.60E-14,0.421903125,0,6.36E-14,0,0,8.85E-07,0,7.67E-07
03/10/2017,16,0.25,0.867158,0.25,1.89E-14,0.516019821,0,2.81E-14,0,0,5.57E-07,0,5.38E-07
03/10/2017,17,1.41,0.558928,0.558928,0.573548522,0,0.277523478,0,7.55E-14,1.05E-06,0,8.16E-07,0
03/10/2017,18,1.32,0.23203,0.23203,0.733197174,0,0.354772826,0,4.23E-14,8.61E-07,0,6.73E-07,0
03/10/2017,19,1.76,0,0,1.212077392,0,0.547922608,0,4.95E-20,0.027398251,0,0.023911201,0
03/10/2017,20,1.94,0,0,1.358543795,0,0.581456205,0,6.85E-21,0.053923251,0,0.047060291,0
03/10/2017,21,1.91,0,0,1.334132728,0,0.575867272,0,9.66E-27,0.049502417,0,0.04320211,0
03/10/2017,22,1.08,0,0,0.727826087,0,0.352173913,0,7.98E-14,1.17E-06,0,9.01E-07,0
03/10/2017,23,0.33,0,0,0.222391304,0,0.107608696,0,6.52E-14,5.31E-07,0,4.09E-07,0
04/10/2017,0,0.3,0,0,0.202173913,0,0.097826087,0,9.19E-14,6.14E-07,0,4.72E-07,0
04/10/2017,1,0.29,0,0,0.195434783,0,0.094565217,0,9.60E-14,6.28E-07,0,4.83E-07,0
04/10/2017,2,0.22,0,0,0.14826087,0,0.07173913,0,2.71E-13,9.78E-07,0,7.67E-07,0
04/10/2017,3,0.22,0,0,0.14826087,0,0.07173913,0,2.71E-13,9.78E-07,0,7.67E-07,0
04/10/2017,4,0.22,0,0,0.14826087,0,0.07173913,0,2.71E-13,9.78E-07,0,7.67E-07,0
04/10/2017,5,0.21,0.084746,0.084746,0.084410304,0,0.040843696,0,4.07E-13,8.62E-07,0,6.80E-07,0
04/10/2017,6,0.29,0.381104,0.264091323,0.025908677,0.115249668,0,2.16E-13,0,0,4.62E-07,0,5.16E-07
04/10/2017,7,0.22,0.909911,0.22,1.41E-14,0.572071339,0,2.22E-14,0,0,5.53E-07,0,5.21E-07
04/10/2017,8,0.43,1.685824,0.43,1.44E-14,1.043697857,0,2.24E-14,0,0,8.28E-07,0,7.28E-07
04/10/2017,9,0.34,2.434889,0.34,2.00E-24,1.666980341,0,3.81E-24,0,0,0.228103,0,0.1368618
04/10/2017,10,0.3,2.84101,0.3,1.79E-16,1.989226257,0,2.79E-16,0,0,0.400376534,0,0.24022592
04/10/2017,11,0.5,2.960697,0.5,4.17E-27,1.945266305,0,4.30E-27,0,0,0.376875425,0,0.226125255
04/10/2017,12,0.67,3.027817,0.67,1.94E-18,1.882671497,0,3.00E-18,0,0,0.343412072,0,0.206047243
04/10/2017,13,0.32,2.340926,0.32,4.81E-27,1.611613673,0,6.65E-27,0,0,0.19850383,0,0.119102298
04/10/2017,14,0.15,1.463339,0.15,1.21E-14,1.067415268,0,2.18E-14,0,0,7.31E-07,0,6.75E-07
04/10/2017,15,0.15,1.913065,0.15,4.22E-22,1.411277488,0,8.98E-22,0,0,0.091403567,0,0.05484214
04/10/2017,16,0.15,1.261123,0.15,5.62E-15,0.904920268,0,1.00E-14,0,0,3.34E-07,0,4.06E-07
04/10/2017,17,0.21,0.565376,0.21,7.27E-14,0.302445,0,9.35E-14,0,0,4.76E-07,0,5.60E-07
04/10/2017,18,0.27,0.244447,0.233058918,0.024895077,0,0.012046005,0,2.16E-12,1.24E-06,0,9.71E-07,0
04/10/2017,19,0.36,0,0,0.242608696,0,0.117391304,0,2.18E-13,1.07E-06,0,8.27E-07,0
04/10/2017,20,0.37,0,0,0.249347826,0,0.120652174,0,6.10E-14,5.67E-07,0,4.41E-07,0
04/10/2017,21,0.37,0,0,0.249347826,0,0.120652174,0,6.10E-14,5.67E-07,0,4.41E-07,0
04/10/2017,22,1.25,0,0,0.842391304,0,0.407608696,0,2.82E-14,7.17E-07,0,5.49E-07,0
04/10/2017,23,2.02,0,0,1.423639974,0,0.596360026,0,9.01E-20,0.065712139,0,0.057348776,0
05/10/2017,0,1.88,0,0,1.309721661,0,0.570278339,0,3.88E-26,0.045081584,0,0.039343928,0
05/10/2017,1,1.94,0,0,1.358543795,0,0.581456205,0,6.85E-21,0.053923251,0,0.047060291,0
05/10/2017,2,1.81,0,0,1.252762504,0,0.557237496,0,9.35E-19,0.034766306,0,0.030341504,0
05/10/2017,3,1.71,0,0,1.17139228,0,0.53860772,0,1.79E-24,0.020030195,0,0.017480898,0
05/10/2017,4,0.86,0,0,0.579565217,0,0.280434783,0,3.12E-14,5.85E-07,0,4.46E-07,0
05/10/2017,5,0.85,0.110844,0.110844,0.49812687,0,0.24102913,0,5.40E-14,8.00E-07,0,6.24E-07,0
05/10/2017,6,0.86,0.30149,0.30149,0.376387174,0,0.182122826,0,4.95E-14,6.64E-07,0,5.10E-07,0
05/10/2017,7,0.8,1.129809,0.765826454,0.034173546,0.3540256,0,8.60E-14,0,0,6.60E-07,0,7.94E-07
05/10/2017,8,0.7,1.674027,0.7,2.30E-14,0.838950268,0,2.65E-14,0,0,5.30E-07,0,6.39E-07
05/10/2017,9,0.33,1.081228,0.33,6.86E-15,0.630183214,0,9.92E-15,0,0,2.75E-07,0,2.75E-07
05/10/2017,10,0.32,2.008526,0.32,6.18E-17,1.369339404,0,9.85E-17,0,0,0.068983354,0,0.041390012
05/10/2017,11,0.59,0.5483,0.521268593,0.046318992,0,0.022412415,0,4.19E-13,6.72E-07,0,5.14E-07,0
05/10/2017,12,0.72,0.549675,0.534819607,0.124795482,0,0.060384911,0,1.19E-13,5.85E-07,0,4.48E-07,0
05/10/2017,13,0.89,0.412742,0.412742,0.321630391,0,0.155627609,0,3.65E-14,5.38E-07,0,4.17E-07,0
05/10/2017,14,0.82,0.527872,0.525853325,0.198229281,0,0.095917394,0,1.53E-13,9.05E-07,0,7.10E-07,0
05/10/2017,15,0.43,0.387825,0.36991303,0.040493393,0,0.019593577,0,1.13E-12,1.13E-06,0,8.85E-07,0
05/10/2017,16,0.32,0.678726,0.32,3.70E-14,0.31397625,0,3.63E-14,0,0,5.04E-07,0,5.01E-07
05/10/2017,17,0.82,0.502138,0.502138,0.214211348,0,0.103650652,0,1.47E-13,9.16E-07,0,7.15E-07,0
05/10/2017,18,1.84,0.172064,0.172064,1.137164709,0,0.530771291,0,2.00E-27,0.013831598,0,0.012071212,0
05/10/2017,19,1.85,0,0,1.285310594,0,0.564689406,0,6.81E-24,0.040660751,0,0.035485746,0
05/10/2017,20,1.78,0,0,1.228351437,0,0.551648563,0,3.05E-25,0.030345473,0,0.026483322,0
05/10/2017,21,1.91,0,0,1.334132728,0,0.575867272,0,9.66E-27,0.049502417,0,0.04320211,0
05/10/2017,22,1.82,0,0,1.260899526,0,0.559100474,0,4.41E-20,0.036239917,0,0.031627564,0
05/10/2017,23,1.93,0,0,1.350406773,0,0.579593227,0,2.07E-20,0.05244964,0,0.045774231,0
06/10/2017,0,1.58,0,0,1.065610989,0,0.514389011,0,9.54E-17,0.000873251,0,0.00076211,0
06/10/2017,1,1.12,0,0,0.754782609,0,0.365217391,0,7.40E-14,1.12E-06,0,8.62E-07,0
06/10/2017,2,1.05,0,0,0.707608696,0,0.342391304,0,1.87E-14,5.54E-07,0,4.26E-07,0
06/10/2017,3,0.95,0,0,0.640217391,0,0.309782609,0,2.66E-14,6.00E-07,0,4.63E-07,0
06/10/2017,4,0.89,0,0,0.599782609,0,0.290217391,0,3.26E-14,6.12E-07,0,4.66E-07,0
06/10/2017,5,0.8,0.154562,0.154562,0.434969087,0,0.210468913,0,4.83E-14,7.23E-07,0,5.58E-07,0
06/10/2017,6,0.79,0.23152,0.23152,0.376366957,0,0.182113043,0,5.72E-14,7.33E-07,0,5.65E-07,0
06/10/2017,7,0.86,0.532235,0.532235,0.220885109,0,0.106879891,0,8.42E-14,6.65E-07,0,5.07E-07,0
06/10/2017,8,1.15,0.739901,0.737131764,0.278237289,0,0.134630947,0,1.68E-13,1.05E-06,0,8.08E-07,0
06/10/2017,9,1.46,1.33314,1.269842163,0.128149846,0,0.06200799,0,2.91E-13,1.07E-06,0,8.35E-07,0
06/10/2017,10,2.03,1.370798,1.356085581,0.454159717,0,0.219754702,0,6.69E-14,9.30E-07,0,7.26E-07,0
06/10/2017,11,2.91,1.648183,1.648183,0.850354935,0,0.411462065,0,1.41E-14,5.52E-07,0,4.20E-07,0
06/10/2017,12,4.6,1.837122,1.837122,2.028121466,0,0.734756534,0,3.00E-18,0.175183466,0,0.152887389,0
06/10/2017,13,1.73,1.778474,1.329224492,0.400775508,0.449249508,0,3.10E-14,0,0,4.15E-07,0,4.76E-07
06/10/2017,14,1.63,1.593161,1.506584007,0.083171647,0,0.040244345,0,4.16E-13,9.63E-07,0,7.54E-07,0
06/10/2017,15,1.78,1.691406,1.604204229,0.118471063,0,0.057324708,0,3.23E-13,1.02E-06,0,7.95E-07,0
06/10/2017,16,2.73,1.273186,1.273186,0.981765957,0,0.475048043,0,4.45E-14,1.05E-06,0,8.06E-07,0
06/10/2017,17,2.06,0.591285,0.591285,0.989786196,0,0.478928804,0,4.94E-14,1.06E-06,0,8.22E-07,0
06/10/2017,18,2.35,0.24852,0.24852,1.489940433,0,0.611539567,0,7.47E-17,0.077719123,0,0.067827598,0
06/10/2017,19,2.12,0.001822,0.001822,1.503527633,0,0.614650367,0,1.14E-17,0.080179759,0,0.069975062,0
06/10/2017,20,2.11,0,0,1.496873176,0,0.613126824,0,4.21E-20,0.078974639,0,0.068923322,0
06/10/2017,21,1.42,0,0,0.956956522,0,0.463043478,0,2.39E-14,7.61E-07,0,5.86E-07,0
06/10/2017,22,0.37,0,0,0.249347826,0,0.120652174,0,6.10E-14,5.67E-07,0,4.41E-07,0
06/10/2017,23,0.36,0,0,0.242608696,0,0.117391304,0,2.18E-13,1.07E-06,0,8.27E-07,0
07/10/2017,0,0.47,0,0,0.31673913,0,0.15326087,0,1.52E-13,1.03E-06,0,7.99E-07,0
07/10/2017,1,0.92,0,0,0.62,0,0.3,0,4.39E-14,7.38E-07,0,5.66E-07,0
07/10/2017,2,1.2,0,0,0.808695652,0,0.391304348,0,4.60E-14,8.90E-07,0,6.81E-07,0
07/10/2017,3,1.15,0,0,0.775,0,0.375,0,4.69E-14,8.93E-07,0,6.89E-07,0
07/10/2017,4,1.13,0,0,0.761521739,0,0.368478261,0,7.57E-14,1.14E-06,0,8.70E-07,0
07/10/2017,5,1.09,0.040241,0.040241,0.707446283,0,0.342312717,0,3.41E-14,7.77E-07,0,6.00E-07,0
07/10/2017,6,1.09,0.294002,0.294002,0.536433435,0,0.259564565,0,9.85E-14,1.08E-06,0,8.41E-07,0
07/10/2017,7,1.1,0.78655,0.771935464,0.22108697,0,0.106977566,0,2.92E-13,1.23E-06,0,9.44E-07,0
07/10/2017,8,1.1,1.874601,1.1,6.61E-14,0.710840089,0,3.22E-14,0,0,7.95E-07,0,7.61E-07
07/10/2017,9,0.93,2.480838,0.93,1.78E-23,1.31344431,0,2.24E-23,0,0,0.039101686,0,0.023461012
07/10/2017,10,0.23,2.862458,0.23,7.15E-25,2.050777332,0,1.18E-24,0,0,0.433281904,0,0.259969143
07/10/2017,11,2.06,3.108798,2.06,8.54E-13,1.008319821,0,1.89E-14,0,0,5.66E-07,0,5.88E-07
07/10/2017,12,3.85,2.878553,2.808330141,0.701994905,0,0.339674954,0,1.54E-14,5.62E-07,0,4.35E-07,0
07/10/2017,13,3.34,2.892762,2.771795673,0.382920307,0,0.18528402,0,2.25E-14,5.80E-07,0,4.49E-07,0
07/10/2017,14,2.04,2.322177,1.681762082,0.358237918,0.640414918,0,2.10E-14,0,0,6.21E-07,0,5.43E-07
07/10/2017,15,2.05,1.020493,1.020493,0.693798196,0,0.335708804,0,6.92E-14,1.12E-06,0,8.68E-07,0
07/10/2017,16,1.74,0.389407,0.389407,0.910182239,0,0.440410761,0,2.15E-14,6.74E-07,0,5.13E-07,0
07/10/2017,17,1.36,0.275757,0.275757,0.7306855,0,0.3535575,0,5.98E-14,1.09E-06,0,8.53E-07,0
07/10/2017,18,1.3,0.136105,0.136105,0.784364022,0,0.379530978,0,3.29E-14,8.21E-07,0,6.38E-07,0
07/10/2017,19,1.93,0,0,1.350406773,0,0.579593227,0,2.07E-20,0.05244964,0,0.045774231,0
07/10/2017,20,2.02,0,0,1.423639974,0,0.596360026,0,9.01E-20,0.065712139,0,0.057348776,0
07/10/2017,21,2.08,0,0,1.472462109,0,0.607537891,0,1.71E-19,0.074553806,0,0.06506514,0
07/10/2017,22,2.03,0,0,1.431776997,0,0.598223003,0,3.98E-18,0.067185751,0,0.058634837,0
07/10/2017,23,1.53,0,0,1.031086957,0,0.498913043,0,2.03E-14,6.24E-07,0,4.74E-07,0
08/10/2017,0,0.84,0,0,0.566086957,0,0.273913043,0,2.93E-14,5.61E-07,0,4.28E-07,0
08/10/2017,1,0.34,0,0,0.229130435,0,0.110869565,0,6.68E-14,5.46E-07,0,4.22E-07,0
08/10/2017,2,0.36,0,0,0.242608696,0,0.117391304,0,2.18E-13,1.07E-06,0,8.27E-07,0
08/10/2017,3,0.33,0,0,0.222391304,0,0.107608696,0,6.52E-14,5.31E-07,0,4.09E-07,0
08/10/2017,4,0.34,0,0,0.229130435,0,0.110869565,0,6.68E-14,5.46E-07,0,4.22E-07,0
08/10/2017,5,0.34,0.152327,0.152327,0.126475283,0,0.061197717,0,9.83E-14,5.43E-07,0,4.18E-07,0
08/10/2017,6,0.24,0.35637,0.238029688,0.001970312,0.114222279,0,5.03E-14,0,0,2.74E-07,0,2.72E-07
08/10/2017,7,0.23,0.918253,0.23,1.61E-14,0.571542589,0,2.51E-14,0,0,5.77E-07,0,5.47E-07
08/10/2017,8,0.2,1.583719,0.2,2.52E-15,1.127988482,0,4.47E-15,0,0,4.27E-07,0,3.61E-07
08/10/2017,9,2.1,2.497876,1.785805836,0.314194164,0.712070164,0,2.49E-14,0,0,3.65E-07,0,5.57E-07
08/10/2017,10,2.3,2.96354,2.066475319,0.233524681,0.886911599,0,1.99E-14,0,0,8.45E-07,0,7.04E-07
08/10/2017,11,2.25,3.104711,2.119254589,0.130745411,0.96218186,0,2.03E-14,0,0,8.74E-07,0,7.27E-07
08/10/2017,12,2.28,3.129274,2.139511916,0.140488084,0.967269596,0,2.04E-14,0,0,8.86E-07,0,7.35E-07
08/10/2017,13,3.14,2.580533,2.487913669,0.439449484,0,0.212636847,0,2.81E-14,6.04E-07,0,4.69E-07,0
08/10/2017,14,1.89,2.387854,1.675577016,0.214422984,0.707010015,0,2.41E-14,0,0,3.94E-07,0,5.48E-07
08/10/2017,15,1.92,1.933282,1.454618721,0.465381279,0.478663279,0,1.80E-14,0,0,3.91E-07,0,3.93E-07
08/10/2017,16,2.26,0.996623,0.996623,0.851406239,0,0.411970761,0,5.14E-14,1.18E-06,0,9.11E-07,0
08/10/2017,17,2.4,0.621626,0.621626,1.227028357,0,0.551345643,0,1.20E-24,0.030105864,0,0.026274208,0
08/10/2017,18,2.6,0.235932,0.235932,1.703608876,0,0.660459124,0,1.07E-16,0.116414382,0,0.101598006,0
08/10/2017,19,2.56,0.003683,0.003683,1.860042318,0,0.696274682,0,6.85E-20,0.144744408,0,0.126322392,0
08/10/2017,20,2.48,0,0,1.797943004,0,0.682056996,0,1.70E-16,0.13349825,0,0.116507564,0
08/10/2017,21,2.13,0,0,1.51314722,0,0.61685278,0,5.83E-20,0.081921862,0,0.071495443,0
08/10/2017,22,1.04,0,0,0.700869565,0,0.339130435,0,7.50E-14,1.09E-06,0,8.49E-07,0
08/10/2017,23,0.94,0,0,0.633478261,0,0.306521739,0,3.24E-14,6.36E-07,0,4.87E-07,0
09/10/2017,0,0.77,0,0,0.518913043,0,0.251086957,0,1.67E-13,1.32E-06,0,1.03E-06,0
09/10/2017,1,0.94,0,0,0.633478261,0,0.306521739,0,3.24E-14,6.36E-07,0,4.87E-07,0
09/10/2017,2,1.58,0,0,1.065610989,0,0.514389011,0,9.54E-17,0.000873251,0,0.00076211,0
09/10/2017,3,1.6,0,0,1.081885034,0,0.518114966,0,9.87E-23,0.003820473,0,0.003334231,0
09/10/2017,4,1.56,0,0,1.051304348,0,0.508695652,0,2.32E-14,6.82E-07,0,5.19E-07,0
09/10/2017,5,1.65,0.047111,0.047111,1.08423582,0,0.51865318,0,3.01E-17,0.004246199,0,0.003705774,0
09/10/2017,6,1.56,0.112978,0.112978,0.975167,0,0.471855,0,5.12E-14,1.06E-06,0,8.13E-07,0
09/10/2017,7,2.05,0.648981,0.648981,0.944164978,0,0.456854022,0,6.77E-14,1.29E-06,0,1.02E-06,0
09/10/2017,8,2.39,1.000853,1.000853,0.936164283,0,0.452982717,0,4.63E-14,1.13E-06,0,8.68E-07,0
09/10/2017,9,3.82,1.423904,1.423904,1.729670131,0,0.666425869,0,1.61E-26,0.121134063,0,0.105717001,0
09/10/2017,10,4.77,2.592381,2.592381,1.554215878,0,0.623403122,0,1.67E-26,0.09138574,0,0.079754828,0
09/10/2017,11,2.85,3.156957,2.305174869,0.544825131,0.851782131,0,1.19E-14,0,0,6.81E-07,0,5.52E-07
09/10/2017,12,2.26,1.683119,1.642903639,0.415869287,0,0.201227074,0,8.81E-14,9.38E-07,0,7.17E-07,0
09/10/2017,13,2.22,1.455263,1.445828482,0.521724284,0,0.252447234,0,3.73E-14,6.67E-07,0,5.08E-07,0
09/10/2017,14,2.6,2.321387,2.216665065,0.258334413,0,0.125000522,0,1.73E-13,9.86E-07,0,7.79E-07,0
09/10/2017,15,1.91,1.991047,1.481515689,0.428484311,0.509531311,0,3.82E-14,0,0,7.26E-07,0,6.44E-07
09/10/2017,16,2.3,1.289913,1.289913,0.680710804,0,0.329376196,0,6.03E-14,1.03E-06,0,7.86E-07,0
09/10/2017,17,1.53,0.581439,0.581439,0.63924763,0,0.30931337,0,3.86E-14,7.84E-07,0,6.05E-07,0
09/10/2017,18,2.04,0.245954,0.245954,1.239780698,0,0.554265302,0,1.81E-14,0.032415307,0,0.028289723,0
09/10/2017,19,2.44,0.007154,0.007154,1.759573689,0,0.673272311,0,2.14E-22,0.126549584,0,0.110443274,0
09/10/2017,20,2.39,0,0,1.724709803,0,0.665290197,0,3.18E-16,0.12023575,0,0.104933018,0
09/10/2017,21,1.94,0,0,1.358543795,0,0.581456205,0,6.85E-21,0.053923251,0,0.047060291,0
09/10/2017,22,1.01,0,0,0.680652174,0,0.329347826,0,9.58E-14,1.19E-06,0,9.25E-07,0
09/10/2017,23,1.08,0,0,0.727826087,0,0.352173913,0,7.98E-14,1.17E-06,0,9.01E-07,0
10/10/2017,0,0.8,0,0,0.539130435,0,0.260869565,0,2.95E-14,5.68E-07,0,4.40E-07,0
10/10/2017,1,0.51,0,0,0.343695652,0,0.166304348,0,9.48E-14,8.79E-07,0,6.87E-07,0
10/10/2017,2,0.49,0,0,0.330217391,0,0.159782609,0,1.04E-13,8.89E-07,0,6.95E-07,0
10/10/2017,3,0.53,0,0,0.357173913,0,0.172826087,0,7.95E-14,8.04E-07,0,6.26E-07,0
10/10/2017,4,0.62,0,0,0.417826087,0,0.202173913,0,7.85E-14,8.25E-07,0,6.43E-07,0
10/10/2017,5,0.59,0.111453,0.111453,0.322499065,0,0.156047935,0,7.91E-14,7.83E-07,0,6.12E-07,0
10/10/2017,6,0.72,0.407809,0.407809,0.210389587,0,0.101801413,0,6.52E-14,5.64E-07,0,4.40E-07,0
10/10/2017,7,0.7,1.138551,0.7,1.16E-13,0.408657054,0,3.84E-14,0,0,5.50E-07,0,5.69E-07
10/10/2017,8,1.11,1.870996,1.11,3.85E-14,0.700711071,0,1.74E-14,0,0,4.90E-07,0,5.03E-07
10/10/2017,9,0.35,2.499528,0.35,1.99E-13,1.707533584,0,3.27E-13,0,0,0.249782873,0,0.149869724
10/10/2017,10,0.23,2.919111,0.23,1.04E-25,2.092069643,0,1.71E-25,0,0,0.455356885,0,0.273214131
10/10/2017,11,1.31,3.129521,1.31,1.49E-14,1.536974394,0,1.59E-14,0,0,0.158601471,0,0.095160882
10/10/2017,12,2,3.159568,2,7.65E-14,1.09251,0,1.69E-14,0,0,9.41E-07,0,7.47E-07
10/10/2017,13,2.67,2.918426,2.139691902,0.530308098,0.778734098,0,3.24E-14,0,0,1.13E-06,0,8.88E-07
10/10/2017,14,1.84,2.541549,1.734307905,0.105692095,0.788039908,0,1.82E-14,0,0,5.61E-07,0,5.37E-07
10/10/2017,15,1.7,1.333577,1.293076988,0.274230725,0,0.132692286,0,2.13E-13,1.23E-06,0,9.52E-07,0
10/10/2017,16,1.68,1.317932,1.277901758,0.27097925,0,0.131118992,0,2.16E-13,1.23E-06,0,9.55E-07,0
10/10/2017,17,1.63,0.567762,0.567762,0.715856043,0,0.346381957,0,1.61E-14,5.26E-07,0,4.05E-07,0
10/10/2017,18,2.24,0.275677,0.275677,1.378335475,0,0.585987525,0,4.11E-16,0.057507515,0,0.050188377,0
10/10/2017,19,2.33,0.01268,0.01268,1.665569924,0,0.651750076,0,2.17E-13,0.109525545,0,0.09558593,0
10/10/2017,20,2.46,0,0,1.781668959,0,0.678331041,0,3.58E-16,0.130551028,0,0.113935443,0
10/10/2017,21,2.35,0,0,1.692161713,0,0.657838287,0,2.26E-17,0.114341306,0,0.099788776,0
10/10/2017,22,2.34,0,0,1.684024691,0,0.655975309,0,4.97E-18,0.112867695,0,0.098502715,0
10/10/2017,23,0.63,0,0,0.424565217,0,0.205434783,0,8.00E-14,8.41E-07,0,6.55E-07,0
11/10/2017,0,0.68,0,0,0.45826087,0,0.22173913,0,7.13E-14,8.21E-07,0,6.42E-07,0
11/10/2017,1,0.71,0,0,0.478478261,0,0.231521739,0,7.02E-14,8.36E-07,0,6.52E-07,0
11/10/2017,2,0.7,0,0,0.47173913,0,0.22826087,0,7.01E-14,8.27E-07,0,6.48E-07,0
11/10/2017,3,0.7,0,0,0.47173913,0,0.22826087,0,7.01E-14,8.27E-07,0,6.48E-07,0
11/10/2017,4,0.67,0,0,0.451521739,0,0.218478261,0,7.63E-14,8.42E-07,0,6.59E-07,0
11/10/2017,5,0.62,0.111077,0.111077,0.342969848,0,0.165953152,0,7.47E-14,7.84E-07,0,6.12E-07,0
11/10/2017,6,0.64,0.421371,0.418372452,0.149357695,0,0.072269852,0,1.75E-13,7.78E-07,0,6.09E-07,0
11/10/2017,7,0.66,0.959188,0.644683107,0.015316893,0.304532039,0,2.34E-14,0,0,3.13E-07,0,3.32E-07
11/10/2017,8,1.22,1.424181,1.023764115,0.196235885,0.400416885,0,1.99E-14,0,0,2.78E-07,0,2.93E-07
11/10/2017,9,1.81,1.022574,1.022574,0.530656652,0,0.256769348,0,7.51E-14,1.02E-06,0,7.88E-07,0
11/10/2017,10,2.66,1.215014,1.215014,0.973794913,0,0.471191087,0,3.27E-14,8.56E-07,0,6.28E-07,0
11/10/2017,11,2.37,1.536573,1.529084659,0.566703817,0,0.274211524,0,3.77E-14,6.88E-07,0,5.21E-07,0
11/10/2017,12,1.72,0.485447,0.485447,0.83198137,0,0.40257163,0,6.11E-14,1.06E-06,0,8.37E-07,0
11/10/2017,13,0.29,0.537264,0.29,4.42E-14,0.221997857,0,3.15E-14,0,0,3.59E-07,0,3.36E-07
11/10/2017,14,0.25,0.423371,0.25,6.84E-14,0.159405268,0,3.20E-14,0,0,2.47E-07,0,2.42E-07
11/10/2017,15,0.19,0.467711,0.19,1.95E-14,0.238428482,0,2.32E-14,0,0,2.52E-07,0,2.77E-07
11/10/2017,16,0.27,0.220677,0.212897517,0.038482108,0,0.018620375,0,1.46E-12,1.23E-06,0,9.51E-07,0
11/10/2017,17,2.21,0.254872,0.254872,1.370853482,0,0.584274518,0,1.87E-13,0.05615253,0,0.049005844,0
11/10/2017,18,2.04,0.05371,0.05371,1.396210072,0,0.590079928,0,4.49E-17,0.060744596,0,0.053013466,0
11/10/2017,19,2.2,0,0,1.570106377,0,0.629893623,0,2.46E-26,0.092237139,0,0.080497867,0
11/10/2017,20,2.23,0,0,1.594517444,0,0.635482556,0,5.76E-25,0.096657973,0,0.084356049,0
11/10/2017,21,2.33,0,0,1.675887668,0,0.654112332,0,6.27E-21,0.111394084,0,0.097216655,0
11/10/2017,22,2.41,0,0,1.740983847,0,0.669016153,0,5.16E-17,0.123182972,0,0.10750514,0
11/10/2017,23,1.03,0,0,0.694130435,0,0.335869565,0,1.13E-13,1.35E-06,0,1.05E-06,0
12/10/2017,0,0.82,0,0,0.552608696,0,0.267391304,0,2.64E-14,5.24E-07,0,4.04E-07,0
12/10/2017,1,0.58,0,0,0.390869565,0,0.189130435,0,8.14E-14,8.18E-07,0,6.47E-07,0
12/10/2017,2,0.28,0,0,0.188695652,0,0.091304348,0,8.01E-14,5.70E-07,0,4.40E-07,0
12/10/2017,3,0.32,0,0,0.215652174,0,0.104347826,0,7.97E-14,5.84E-07,0,4.49E-07,0
12/10/2017,4,0.32,0,0,0.215652174,0,0.104347826,0,7.97E-14,5.84E-07,0,4.49E-07,0
12/10/2017,5,0.3,0.148345,0.148345,0.102202283,0,0.049452717,0,1.22E-13,5.52E-07,0,4.26E-07,0
12/10/2017,6,0.28,0.378443,0.259965248,0.020034752,0.116095401,0,4.65E-14,0,0,2.46E-07,0,2.55E-07
12/10/2017,7,0.33,0.983505,0.33,1.56E-14,0.551655804,0,2.15E-14,0,0,4.77E-07,0,4.76E-07
12/10/2017,8,0.26,1.483727,0.26,1.03E-14,1.004244911,0,1.75E-14,0,0,5.45E-07,0,5.70E-07
12/10/2017,9,3.23,2.274049,2.236532034,0.66951102,0,0.323956945,0,4.41E-14,8.45E-07,0,6.44E-07,0
12/10/2017,10,2.41,2.616831,1.922487885,0.487512115,0.694343115,0,2.41E-14,0,0,7.85E-07,0,6.64E-07
12/10/2017,11,1.5,3.116281,1.5,1.22E-24,1.402571999,0,1.16E-24,0,0,0.087419845,0,0.052451907
12/10/2017,12,1.49,3.017322,1.49,5.85E-23,1.336942432,0,5.29E-23,0,0,0.052689029,0,0.031613418
12/10/2017,13,1.47,2.889626,1.47,3.60E-23,1.256919675,0,3.03E-23,0,0,0.01030733,0,0.006184398
12/10/2017,14,1.51,2.527971,1.51,7.44E-14,0.939351696,0,3.20E-14,0,0,9.50E-07,0,8.63E-07
12/10/2017,15,1.53,1.936116,1.357888544,0.172111456,0.573763107,0,2.25E-14,0,0,4.33E-07,0,4.95E-07
12/10/2017,16,2.81,1.276627,1.276627,1.033360065,0,0.500012935,0,3.65E-14,9.31E-07,0,6.82E-07,0
12/10/2017,17,3.01,0.566838,0.566838,1.767967841,0,0.675194159,0,9.36E-26,0.128069761,0,0.111769974,0
12/10/2017,18,2.33,0.235869,0.235869,1.483960535,0,0.610170465,0,1.52E-12,0.076636166,0,0.066882472,0
12/10/2017,19,2.28,0.009836,0.009836,1.627198981,0,0.642965019,0,5.50E-13,0.102576584,0,0.089521383,0
12/10/2017,20,0.68,0,0,0.45826087,0,0.22173913,0,7.13E-14,8.21E-07,0,6.42E-07,0
12/10/2017,21,0.55,0,0,0.370652174,0,0.179347826,0,8.40E-14,8.37E-07,0,6.49E-07,0
12/10/2017,22,2.72,0,0,1.993231541,0,0.726768459,0,2.44E-23,0.168864916,0,0.147373018,0
12/10/2017,23,0.33,0,0,0.222391304,0,0.107608696,0,6.52E-14,5.31E-07,0,4.09E-07,0
13/10/2017,0,0.27,0,0,0.181956522,0,0.088043478,0,8.93E-14,5.93E-07,0,4.58E-07,0
13/10/2017,1,0.36,0,0,0.242608696,0,0.117391304,0,2.18E-13,1.07E-06,0,8.27E-07,0
13/10/2017,2,0.33,0,0,0.222391304,0,0.107608696,0,6.52E-14,5.31E-07,0,4.09E-07,0
13/10/2017,3,0.42,0,0,0.283043478,0,0.136956522,0,3.20E-13,1.40E-06,0,1.09E-06,0
13/10/2017,4,0.39,0,0,0.262826087,0,0.127173913,0,3.46E-13,1.38E-06,0,1.08E-06,0
13/10/2017,5,0.39,0.100254,0.100254,0.195263609,0,0.094482391,0,7.14E-14,5.94E-07,0,4.59E-07,0
13/10/2017,6,0.4,0.381352,0.361564696,0.025902053,0,0.012533251,0,4.33E-13,5.60E-07,0,4.37E-07,0
13/10/2017,7,0.43,1.140032,0.43,7.07E-15,0.605115,0,8.99E-15,0,0,1.97E-07,0,2.36E-07
13/10/2017,8,0.6,1.888235,0.6,5.82E-15,1.083403125,0,8.25E-15,0,0,4.11E-07,0,4.40E-07
13/10/2017,9,1.71,2.490108,1.672662463,0.037337537,0.791286254,0,2.14E-14,0,0,3.45E-07,0,5.23E-07
13/10/2017,10,0.21,2.902441,0.21,6.15E-25,2.093039032,0,1.02E-24,0,0,0.455875123,0,0.273525074
13/10/2017,11,0.24,3.051113,0.24,2.75E-24,2.181434977,0,4.68E-24,0,0,0.504778427,0,0.302867056
13/10/2017,12,0.3,3.145814,0.3,3.43E-19,2.210974046,0,5.77E-19,0,0,0.521296985,0,0.312778191
13/10/2017,13,0.3,2.813854,0.3,5.40E-24,1.969433236,0,9.01E-24,0,0,0.389795132,0,0.233877079
13/10/2017,14,0.31,1.667341,0.31,3.78E-15,1.115631161,0,6.34E-15,0,0,5.15E-07,0,4.31E-07
13/10/2017,15,0.32,0.27831,0.266544438,0.036024401,0,0.017431162,0,8.56E-13,9.31E-07,0,7.30E-07,0
13/10/2017,16,0.37,0.217642,0.217642,0.102676043,0,0.049681957,0,5.52E-13,1.18E-06,0,9.26E-07,0
13/10/2017,17,1.77,0.619002,0.619002,0.775672565,0,0.375325435,0,7.15E-14,1.14E-06,0,8.84E-07,0
13/10/2017,18,3.03,0.270093,0.270093,2.025703956,0,0.734203044,0,4.01E-12,0.174745657,0,0.1525053,0
13/10/2017,19,0.27,0.018617,0.018617,0.169410283,0,0.081972717,0,3.87E-13,1.24E-06,0,9.57E-07,0
13/10/2017,20,0.28,0,0,0.188695652,0,0.091304348,0,8.01E-14,5.70E-07,0,4.40E-07,0
13/10/2017,21,0.27,0,0,0.181956522,0,0.088043478,0,8.93E-14,5.93E-07,0,4.58E-07,0
13/10/2017,22,1.49,0,0,1.004130435,0,0.485869565,0,2.20E-14,6.76E-07,0,5.17E-07,0
13/10/2017,23,1.38,0,0,0.93,0,0.45,0,2.17E-14,6.91E-07,0,5.29E-07,0
14/10/2017,0,1.47,0,0,0.990652174,0,0.479347826,0,2.66E-14,7.59E-07,0,5.81E-07,0
14/10/2017,1,0.33,0,0,0.222391304,0,0.107608696,0,6.52E-14,5.31E-07,0,4.09E-07,0
14/10/2017,2,0.29,0,0,0.195434783,0,0.094565217,0,9.60E-14,6.28E-07,0,4.83E-07,0
14/10/2017,3,0.27,0,0,0.181956522,0,0.088043478,0,8.93E-14,5.93E-07,0,4.58E-07,0
14/10/2017,4,0.24,0,0,0.16173913,0,0.07826087,0,1.70E-13,7.88E-07,0,6.12E-07,0
14/10/2017,5,0.23,0.11426,0.11426,0.077998696,0,0.037741304,0,3.87E-13,8.95E-07,0,6.96E-07,0
14/10/2017,6,0.22,0.397597,0.22,5.83E-14,0.160390446,0,3.80E-14,0,0,2.67E-07,0,2.85E-07
14/10/2017,7,0.2,0.91565,0.2,6.42E-15,0.591147321,0,1.04E-14,0,0,3.92E-07,0,3.45E-07
14/10/2017,8,0.84,1.242464,0.830808135,0.009191865,0.39755626,0,3.12E-14,0,0,4.80E-07,0,5.01E-07
14/10/2017,9,0.68,1.93885,0.68,4.90E-15,1.06621875,0,6.57E-15,0,0,1.83E-07,0,2.85E-07
14/10/2017,10,0.49,2.296598,0.49,3.96E-15,1.467788472,0,3.73E-15,0,0,0.12161449,0,0.072968694
14/10/2017,11,0.39,2.470654,0.39,1.97E-14,1.660249286,0,3.22E-14,0,0,0.22450456,0,0.134702736
14/10/2017,12,0.5,2.490722,0.5,2.01E-22,1.602718622,0,4.83E-22,0,0,0.193748512,0,0.116249107
14/10/2017,13,0.54,2.358598,0.54,1.38E-14,1.480179153,0,2.52E-14,0,0,0.128238582,0,0.076943149
14/10/2017,14,0.47,2.036884,0.47,2.86E-17,1.291611929,0,4.58E-17,0,0,0.027430037,0,0.016458022
14/10/2017,15,0.51,1.675375,0.51,6.07E-15,0.977444196,0,8.79E-15,0,0,4.52E-07,0,4.08E-07
14/10/2017,16,0.24,1.163224,0.24,1.16E-14,0.761162143,0,1.90E-14,0,0,5.64E-07,0,5.80E-07
14/10/2017,17,0.39,0.573277,0.38403046,0.00596954,0.182932703,0,6.37E-14,0,0,4.55E-07,0,4.03E-07
14/10/2017,18,0.52,0.239089,0.239089,0.189309587,0,0.091601413,0,1.75E-13,9.21E-07,0,7.14E-07,0
14/10/2017,19,0.43,0.015694,0.015694,0.279206217,0,0.135099783,0,1.00E-13,8.00E-07,0,6.22E-07,0
14/10/2017,20,0.47,0,0,0.31673913,0,0.15326087,0,1.52E-13,1.03E-06,0,7.99E-07,0
14/10/2017,21,0.38,0,0,0.256086957,0,0.123913043,0,3.49E-13,1.35E-06,0,1.06E-06,0
14/10/2017,22,0.34,0,0,0.229130435,0,0.110869565,0,6.68E-14,5.46E-07,0,4.22E-07,0
14/10/2017,23,0.31,0,0,0.208913043,0,0.101086957,0,8.52E-14,5.97E-07,0,4.59E-07,0
15/10/2017,0,1.02,0,0,0.687391304,0,0.332608696,0,2.23E-14,5.86E-07,0,4.56E-07,0
15/10/2017,1,0.33,0,0,0.222391304,0,0.107608696,0,6.52E-14,5.31E-07,0,4.09E-07,0
15/10/2017,2,0.31,0,0,0.208913043,0,0.101086957,0,8.52E-14,5.97E-07,0,4.59E-07,0
15/10/2017,3,0.27,0,0,0.181956522,0,0.088043478,0,8.93E-14,5.93E-07,0,4.58E-07,0
15/10/2017,4,0.33,0,0,0.222391304,0,0.107608696,0,6.52E-14,5.31E-07,0,4.09E-07,0
15/10/2017,5,0.32,0.129986,0.129986,0.128052913,0,0.061961087,0,1.03E-13,5.75E-07,0,4.44E-07,0
15/10/2017,6,0.29,0.433958,0.289208452,0.000791548,0.139556566,0,1.74E-13,0,0,4.57E-07,0,5.32E-07
15/10/2017,7,0.49,1.004595,0.49,4.02E-14,0.452888839,0,3.71E-14,0,0,7.64E-07,0,5.81E-07
15/10/2017,8,0.5,1.519586,0.5,1.59E-14,0.85948875,0,2.21E-14,0,0,5.30E-07,0,5.76E-07
15/10/2017,9,0.34,1.967483,0.34,1.44E-15,1.326305109,0,2.32E-15,0,0,0.045977104,0,0.027586262
15/10/2017,10,0.29,2.258697,0.29,6.73E-20,1.571359264,0,1.12E-19,0,0,0.176983715,0,0.106190229
15/10/2017,11,0.34,2.440899,0.34,8.42E-14,1.671360812,0,1.52E-13,0,0,0.230444811,0,0.138266887
15/10/2017,12,2.72,2.426482,2.317237345,0.271427007,0,0.131335648,0,4.90E-14,5.58E-07,0,4.44E-07,0
15/10/2017,13,0.39,2.297945,0.39,3.49E-16,1.534367977,0,5.35E-16,0,0,0.157208073,0,0.094324844
15/10/2017,14,0.34,1.98767,0.34,2.81E-17,1.341018679,0,4.60E-17,0,0,0.053843018,0,0.032305811
15/10/2017,15,0.35,1.599074,0.35,5.11E-15,1.031845179,0,8.27E-15,0,0,3.77E-07,0,3.72E-07
15/10/2017,16,0.38,1.116947,0.38,6.56E-15,0.622725268,0,8.96E-15,0,0,2.22E-07,0,2.44E-07
15/10/2017,17,1.52,0.569297,0.569297,0.640691152,0,0.310011848,0,2.67E-14,6.40E-07,0,4.91E-07,0
15/10/2017,18,0.57,0.245626,0.245626,0.21859987,0,0.10577413,0,1.25E-13,8.61E-07,0,6.73E-07,0
15/10/2017,19,0.38,0.017681,0.017681,0.2441715,0,0.1181475,0,2.51E-13,1.14E-06,0,8.91E-07,0
15/10/2017,20,0.44,0,0,0.296521739,0,0.143478261,0,2.73E-13,1.35E-06,0,1.06E-06,0
15/10/2017,21,0.32,0,0,0.215652174,0,0.104347826,0,7.97E-14,5.84E-07,0,4.49E-07,0
15/10/2017,22,0.65,0,0,0.438043478,0,0.211956522,0,4.98E-14,6.79E-07,0,5.29E-07,0
15/10/2017,23,0.74,0,0,0.498695652,0,0.241304348,0,1.49E-13,1.26E-06,0,9.82E-07,0
16/10/2017,0,0.67,0,0,0.451521739,0,0.218478261,0,7.63E-14,8.42E-07,0,6.59E-07,0
16/10/2017,1,0.46,0,0,0.31,0,0.15,0,2.00E-13,1.17E-06,0,9.06E-07,0
16/10/2017,2,0.31,0,0,0.208913043,0,0.101086957,0,8.52E-14,5.97E-07,0,4.59E-07,0
16/10/2017,3,0.29,0,0,0.195434783,0,0.094565217,0,9.60E-14,6.28E-07,0,4.83E-07,0
16/10/2017,4,0.26,0,0,0.175217391,0,0.084782609,0,1.03E-13,6.25E-07,0,4.83E-07,0
16/10/2017,5,0.23,0.128861,0.128861,0.068158891,0,0.032980109,0,2.77E-13,7.06E-07,0,5.48E-07,0
16/10/2017,6,0.23,0.423151,0.23,4.40E-14,0.173692768,0,3.06E-14,0,0,2.53E-07,0,2.56E-07
16/10/2017,7,0.2,0.976068,0.2,1.54E-14,0.6396975,0,2.54E-14,0,0,6.22E-07,0,5.81E-07
16/10/2017,8,0.38,1.489249,0.38,7.38E-15,0.921896518,0,1.15E-14,0,0,5.48E-07,0,4.68E-07
16/10/2017,9,0.41,1.937469,0.41,1.66E-18,1.258510587,0,2.69E-18,0,0,0.00973397,0,0.005840382
16/10/2017,10,0.42,2.251359,0.42,2.32E-20,1.480733819,0,3.76E-20,0,0,0.128535108,0,0.077121065
16/10/2017,11,0.52,2.456588,0.52,3.62E-12,1.564720045,0,7.53E-12,0,0,0.173434371,0,0.104060622
16/10/2017,12,0.32,2.39102,0.32,1.44E-26,1.648125368,0,2.75E-26,0,0,0.218023081,0,0.130813848
16/10/2017,13,0.3,2.254555,0.3,1.42E-15,1.561780538,0,2.28E-15,0,0,0.171862902,0,0.103117741
16/10/2017,14,0.55,1.96638,0.55,6.11E-15,1.182358929,0,9.18E-15,0,0,3.62E-07,0,4.26E-07
16/10/2017,15,0.31,1.575429,0.31,6.26E-15,1.041773304,0,1.04E-14,0,0,4.03E-07,0,4.34E-07
16/10/2017,16,0.23,0.956288,0.23,1.69E-14,0.602106429,0,2.67E-14,0,0,6.03E-07,0,5.74E-07
16/10/2017,17,0.25,0.456187,0.25,2.27E-13,0.185775268,0,1.53E-13,0,0,4.86E-07,0,5.57E-07
16/10/2017,18,0.32,0.199579,0.199579,0.081153283,0,0.039267717,0,7.51E-13,1.14E-06,0,8.99E-07,0
16/10/2017,19,0.24,0.012391,0.012391,0.153388674,0,0.074220326,0,9.08E-14,5.68E-07,0,4.40E-07,0
16/10/2017,20,0.29,0,0,0.195434783,0,0.094565217,0,9.60E-14,6.28E-07,0,4.83E-07,0
16/10/2017,21,0.33,0,0,0.222391304,0,0.107608696,0,6.52E-14,5.31E-07,0,4.09E-07,0
16/10/2017,22,0.32,0,0,0.215652174,0,0.104347826,0,7.97E-14,5.84E-07,0,4.49E-07,0
16/10/2017,23,0.32,0,0,0.215652174,0,0.104347826,0,7.97E-14,5.84E-07,0,4.49E-07,0
17/10/2017,0,0.34,0,0,0.229130435,0,0.110869565,0,6.68E-14,5.46E-07,0,4.22E-07,0
17/10/2017,1,0.28,0,0,0.188695652,0,0.091304348,0,8.01E-14,5.70E-07,0,4.40E-07,0
17/10/2017,2,0.32,0,0,0.215652174,0,0.104347826,0,7.97E-14,5.84E-07,0,4.49E-07,0
17/10/2017,3,0.26,0,0,0.175217391,0,0.084782609,0,1.03E-13,6.25E-07,0,4.83E-07,0
17/10/2017,4,0.23,0,0,0.155,0,0.075,0,1.34E-13,6.83E-07,0,5.31E-07,0
17/10/2017,5,0.2,0.028871,0.028871,0.115326065,0,0.055802935,0,1.20E-13,5.93E-07,0,4.60E-07,0
17/10/2017,6,0.24,0.113458,0.113458,0.085278304,0,0.041263696,0,2.95E-13,8.25E-07,0,6.44E-07,0
17/10/2017,7,0.31,0.342263,0.250166443,0.059833557,0.092096557,0,2.56E-13,0,0,4.73E-07,0,5.39E-07
17/10/2017,8,0.68,0.626754,0.596386306,0.056348359,0,0.027265335,0,2.40E-13,5.72E-07,0,4.41E-07,0
17/10/2017,9,0.71,2.217743,0.71,2.29E-25,1.265998932,0,3.19E-25,0,0,0.01373726,0,0.008242356
17/10/2017,10,0.65,2.012844,0.65,7.26E-15,1.147374643,0,1.02E-14,0,0,3.86E-07,0,4.33E-07
17/10/2017,11,0.39,1.094043,0.39,7.23E-15,0.597088125,0,9.58E-15,0,0,2.31E-07,0,2.51E-07
17/10/2017,12,0.36,2.654292,0.36,3.46E-28,1.813775662,0,6.31E-28,0,0,0.306580174,0,0.183948104
17/10/2017,13,0.2,0.517621,0.2,1.38E-14,0.271302589,0,1.72E-14,0,0,2.05E-07,0,2.41E-07
17/10/2017,14,0.19,0.347864,0.19,9.90E-14,0.142122857,0,6.78E-14,0,0,3.24E-07,0,3.85E-07
17/10/2017,15,0.19,0.593488,0.19,5.61E-14,0.339499286,0,7.93E-14,0,0,4.49E-07,0,5.37E-07
17/10/2017,16,0.19,0.661564,0.19,1.10E-14,0.394203214,0,1.63E-14,0,0,2.53E-07,0,3.26E-07
17/10/2017,17,0.55,0.694888,0.487606459,0.062393541,0.205748186,0,2.77E-14,0,0,2.39E-07,0,2.74E-07
17/10/2017,18,0.64,0.229177,0.229177,0.276858978,0,0.133964022,0,1.12E-13,9.10E-07,0,7.09E-07,0
17/10/2017,19,0.53,0,0,0.357173913,0,0.172826087,0,7.95E-14,8.04E-07,0,6.26E-07,0
17/10/2017,20,0.53,0,0,0.357173913,0,0.172826087,0,7.95E-14,8.04E-07,0,6.26E-07,0
17/10/2017,21,0.49,0,0,0.330217391,0,0.159782609,0,1.04E-13,8.89E-07,0,6.95E-07,0
17/10/2017,22,0.34,0,0,0.229130435,0,0.110869565,0,6.68E-14,5.46E-07,0,4.22E-07,0
17/10/2017,23,0.89,0,0,0.599782609,0,0.290217391,0,3.26E-14,6.12E-07,0,4.66E-07,0
18/10/2017,0,0.31,0,0,0.208913043,0,0.101086957,0,8.52E-14,5.97E-07,0,4.59E-07,0
18/10/2017,1,0.81,0,0,0.545869565,0,0.264130435,0,2.69E-14,5.42E-07,0,4.19E-07,0
18/10/2017,2,0.2,0,0,0.134782609,0,0.065217391,0,6.50E-13,1.38E-06,0,1.08E-06,0
18/10/2017,3,0.23,0,0,0.155,0,0.075,0,1.34E-13,6.83E-07,0,5.31E-07,0
18/10/2017,4,0.28,0,0,0.188695652,0,0.091304348,0,8.01E-14,5.70E-07,0,4.40E-07,0
18/10/2017,5,0.27,0.041667,0.041667,0.153876587,0,0.074456413,0,4.07E-13,1.20E-06,0,9.29E-07,0
18/10/2017,6,0.25,0.157483,0.15739185,0.06240984,0,0.03019831,0,2.00E-13,5.52E-07,0,4.25E-07,0
18/10/2017,7,0.33,0.400775,0.284820082,0.045179918,0.115954918,0,7.54E-14,0,0,4.51E-07,0,4.12E-07
18/10/2017,8,0.6,0.508564,0.488517714,0.075129367,0,0.036352919,0,3.31E-13,7.84E-07,0,6.05E-07,0
18/10/2017,9,3.27,0.499305,0.499305,2.034482176,0,0.736212824,0,3.13E-13,0.176335389,0,0.153892702,0
18/10/2017,10,1.36,0.712975,0.712975,0.436038587,0,0.210986413,0,3.18E-14,5.85E-07,0,4.55E-07,0
18/10/2017,11,2.22,1.705403,1.65799394,0.378743215,0,0.183262846,0,2.46E-14,5.78E-07,0,4.44E-07,0
18/10/2017,12,4.34,1.00124,1.00124,2.496717939,0,0.842042061,0,1.83E-22,0.260046077,0,0.226949304,0
18/10/2017,13,1.1,0.791878,0.776454604,0.218041463,0,0.105503934,0,3.06E-13,1.26E-06,0,9.64E-07,0
18/10/2017,14,0.54,0.739351,0.505874517,0.034125483,0.228265662,0,2.67E-14,0,0,4.06E-07,0,3.56E-07
18/10/2017,15,0.35,0.531399,0.35,1.35E-12,0.173892054,0,6.85E-14,0,0,5.19E-07,0,5.24E-07
18/10/2017,16,0.33,0.710757,0.33,1.77E-14,0.332483304,0,1.78E-14,0,0,2.07E-07,0,2.78E-07
18/10/2017,17,0.29,0.319937,0.23390241,0.05609759,0.08603459,0,3.07E-13,0,0,8.94E-07,0,7.58E-07
18/10/2017,18,0.31,0.212331,0.209629244,0.067641162,0,0.032729594,0,8.13E-13,1.21E-06,0,9.39E-07,0
18/10/2017,19,0.35,0,0,0.235869565,0,0.114130435,0,1.79E-13,9.39E-07,0,7.27E-07,0
18/10/2017,20,0.27,0,0,0.181956522,0,0.088043478,0,8.93E-14,5.93E-07,0,4.58E-07,0
18/10/2017,21,0.27,0,0,0.181956522,0,0.088043478,0,8.93E-14,5.93E-07,0,4.58E-07,0
18/10/2017,22,0.42,0,0,0.283043478,0,0.136956522,0,3.20E-13,1.40E-06,0,1.09E-06,0
18/10/2017,23,0.38,0,0,0.256086957,0,0.123913043,0,3.49E-13,1.35E-06,0,1.06E-06,0
19/10/2017,0,0.81,0,0,0.545869565,0,0.264130435,0,2.69E-14,5.42E-07,0,4.19E-07,0
19/10/2017,1,0.37,0,0,0.249347826,0,0.120652174,0,6.10E-14,5.67E-07,0,4.41E-07,0
19/10/2017,2,0.36,0,0,0.242608696,0,0.117391304,0,2.18E-13,1.07E-06,0,8.27E-07,0
19/10/2017,3,0.36,0,0,0.242608696,0,0.117391304,0,2.18E-13,1.07E-06,0,8.27E-07,0
19/10/2017,4,0.32,0,0,0.215652174,0,0.104347826,0,7.97E-14,5.84E-07,0,4.49E-07,0
19/10/2017,5,0.34,0.04201,0.04201,0.200819348,0,0.097170652,0,2.40E-13,1.09E-06,0,8.44E-07,0
19/10/2017,6,0.33,0.170463,0.170463,0.107514065,0,0.052022935,0,1.05E-13,5.15E-07,0,3.95E-07,0
19/10/2017,7,0.32,0.269374,0.25896504,0.041132256,0,0.019902704,0,5.57E-13,7.79E-07,0,6.08E-07,0
19/10/2017,8,0.42,0.514865,0.364856643,0.055143357,0.149861267,0,9.44E-14,0,0,5.06E-07,0,4.58E-07
19/10/2017,9,0.5,0.71067,0.480798723,0.019201277,0.223353602,0,3.05E-14,0,0,2.71E-07,0,2.89E-07
19/10/2017,10,0.37,0.939814,0.37,1.05E-14,0.487618393,0,1.29E-14,0,0,2.10E-07,0,2.53E-07
19/10/2017,11,0.46,1.268962,0.46,3.52E-14,0.687023036,0,4.61E-14,0,0,5.13E-07,0,6.15E-07
19/10/2017,12,0.33,0.968222,0.33,1.43E-14,0.539374821,0,1.96E-14,0,0,4.38E-07,0,4.37E-07
19/10/2017,13,0.26,0.936954,0.26,2.00E-14,0.56487375,0,3.01E-14,0,0,6.21E-07,0,5.96E-07
19/10/2017,14,0.46,0.726308,0.46,1.09E-13,0.250961786,0,2.39E-14,0,0,3.29E-07,0,3.31E-07
19/10/2017,15,0.32,0.507971,0.32,2.38E-13,0.176762411,0,5.71E-14,0,0,4.11E-07,0,4.28E-07
19/10/2017,16,0.26,0.392392,0.26,1.09E-11,0.127279286,0,2.44E-13,0,0,6.32E-07,0,6.09E-07
19/10/2017,17,0.33,0.36743,0.267874262,0.062125738,0.099555738,0,1.99E-13,0,0,4.97E-07,0,5.35E-07
19/10/2017,18,0.35,0.253454,0.248319926,0.068523528,0,0.033156546,0,6.96E-13,1.16E-06,0,9.07E-07,0
19/10/2017,19,0.27,0,0,0.181956522,0,0.088043478,0,8.93E-14,5.93E-07,0,4.58E-07,0
19/10/2017,20,0.24,0,0,0.16173913,0,0.07826087,0,1.70E-13,7.88E-07,0,6.12E-07,0
19/10/2017,21,0.26,0,0,0.175217391,0,0.084782609,0,1.03E-13,6.25E-07,0,4.83E-07,0
19/10/2017,22,0.36,0,0,0.242608696,0,0.117391304,0,2.18E-13,1.07E-06,0,8.27E-07,0
19/10/2017,23,0.45,0,0,0.30326087,0,0.14673913,0,1.90E-13,1.14E-06,0,8.86E-07,0
20/10/2017,0,0.42,0,0,0.283043478,0,0.136956522,0,3.20E-13,1.40E-06,0,1.09E-06,0
20/10/2017,1,0.89,0,0,0.599782609,0,0.290217391,0,3.26E-14,6.12E-07,0,4.66E-07,0
20/10/2017,2,0.27,0,0,0.181956522,0,0.088043478,0,8.93E-14,5.93E-07,0,4.58E-07,0
20/10/2017,3,0.71,0,0,0.478478261,0,0.231521739,0,7.02E-14,8.36E-07,0,6.52E-07,0
20/10/2017,4,0.32,0,0,0.215652174,0,0.104347826,0,7.97E-14,5.84E-07,0,4.49E-07,0
20/10/2017,5,0.18,0.04172,0.04172,0.093188696,0,0.045091304,0,1.10E-13,5.05E-07,0,3.90E-07,0
20/10/2017,6,0.18,0.114791,0.114512342,0.044132987,0,0.021354671,0,7.10E-13,8.78E-07,0,6.85E-07,0
20/10/2017,7,0.19,0.191439,0.144009984,0.045990016,0.047429016,0,2.27E-13,0,0,5.61E-07,0,5.29E-07
20/10/2017,8,0.23,0.417209,0.23,4.77E-14,0.168917946,0,3.15E-14,0,0,2.53E-07,0,2.59E-07
20/10/2017,9,0.42,0.507778,0.361329803,0.058670197,0.146448197,0,6.25E-14,0,0,3.71E-07,0,3.73E-07
20/10/2017,10,0.46,0.602203,0.417807251,0.042192749,0.181748952,0,8.42E-14,0,0,5.97E-07,0,5.57E-07
20/10/2017,11,0.5,2.032397,0.5,1.13E-20,1.2686622,0,1.75E-20,0,0,0.01516105,0,0.00909663
20/10/2017,12,0.36,0.9935,0.36,3.99E-14,0.537991071,0,5.22E-14,0,0,5.22E-07,0,5.58E-07
20/10/2017,13,0.79,0.782056,0.73859083,0.03464531,0,0.01676386,0,1.01E-12,1.00E-06,0,7.83E-07,0
20/10/2017,14,0.24,0.79832,0.24,1.27E-14,0.467935714,0,1.84E-14,0,0,5.04E-07,0,4.64E-07
20/10/2017,15,0.24,0.748449,0.24,1.94E-14,0.427860804,0,2.74E-14,0,0,5.25E-07,0,4.94E-07
20/10/2017,16,0.29,0.984829,0.29,2.54E-14,0.581648304,0,3.74E-14,0,0,7.36E-07,0,6.75E-07
20/10/2017,17,0.35,0.500835,0.338158687,0.011841313,0.157895503,0,1.59E-13,0,0,5.24E-07,0,5.57E-07
20/10/2017,18,0.37,0.25635,0.252681623,0.079062385,0,0.038255993,0,7.35E-13,1.24E-06,0,9.63E-07,0
20/10/2017,19,0.36,0,0,0.242608696,0,0.117391304,0,2.18E-13,1.07E-06,0,8.27E-07,0
20/10/2017,20,0.39,0,0,0.262826087,0,0.127173913,0,3.46E-13,1.38E-06,0,1.08E-06,0
20/10/2017,21,0.39,0,0,0.262826087,0,0.127173913,0,3.46E-13,1.38E-06,0,1.08E-06,0
20/10/2017,22,0.43,0,0,0.289782609,0,0.140217391,0,1.24E-13,8.81E-07,0,6.85E-07,0
20/10/2017,23,0.56,0,0,0.377391304,0,0.182608696,0,7.91E-14,8.14E-07,0,6.30E-07,0
21/10/2017,0,0.34,0,0,0.229130435,0,0.110869565,0,6.68E-14,5.46E-07,0,4.22E-07,0
21/10/2017,1,0.26,0,0,0.175217391,0,0.084782609,0,1.03E-13,6.25E-07,0,4.83E-07,0
21/10/2017,2,0.21,0,0,0.141521739,0,0.068478261,0,3.88E-13,1.11E-06,0,8.60E-07,0
21/10/2017,3,0.24,0,0,0.16173913,0,0.07826087,0,1.70E-13,7.88E-07,0,6.12E-07,0
21/10/2017,4,0.22,0,0,0.14826087,0,0.07173913,0,2.71E-13,9.78E-07,0,7.67E-07,0
21/10/2017,5,0.27,0.15066,0.15066,0.080424783,0,0.038915217,0,1.50E-13,5.44E-07,0,4.19E-07,0
21/10/2017,6,0.31,0.418897,0.287774251,0.022225749,0.128491211,0,1.69E-13,0,0,4.71E-07,0,4.97E-07
21/10/2017,7,0.3,0.515101,0.3,9.26E-14,0.196956161,0,4.72E-14,0,0,3.93E-07,0,3.79E-07
21/10/2017,8,0.42,0.478744,0.34657482,0.07342518,0.13216918,0,1.14E-13,0,0,5.40E-07,0,5.12E-07
21/10/2017,9,0.34,1.195233,0.34,1.36E-14,0.714562232,0,2.02E-14,0,0,3.73E-07,0,4.96E-07
21/10/2017,10,0.34,1.322627,0.34,2.39E-14,0.816932411,0,3.70E-14,0,0,5.07E-07,0,6.14E-07
21/10/2017,11,0.32,1.741533,0.32,5.66E-15,1.168017589,0,9.51E-15,0,0,5.99E-07,0,5.36E-07
21/10/2017,12,0.21,1.037714,0.21,4.77E-15,0.682002321,0,7.86E-15,0,0,2.39E-07,0,2.62E-07
21/10/2017,13,0.21,0.712602,0.21,2.05E-14,0.420751607,0,3.01E-14,0,0,3.97E-07,0,4.42E-07
21/10/2017,14,0.19,0.50515,0.19,1.58E-14,0.268513393,0,2.02E-14,0,0,2.53E-07,0,2.67E-07
21/10/2017,15,0.22,0.452627,0.22,2.75E-14,0.204610982,0,2.55E-14,0,0,2.35E-07,0,2.33E-07
21/10/2017,16,0.59,0.869781,0.582164706,0.007835294,0.277901329,0,2.00E-14,0,0,2.57E-07,0,2.80E-07
21/10/2017,17,0.43,0.657738,0.43,8.51E-13,0.217557321,0,7.20E-14,0,0,6.29E-07,0,5.75E-07
21/10/2017,18,0.45,0.244105,0.244105,0.138755326,0,0.067139674,0,3.06E-13,1.06E-06,0,8.24E-07,0
21/10/2017,19,0.56,0,0,0.377391304,0,0.182608696,0,7.91E-14,8.14E-07,0,6.30E-07,0
21/10/2017,20,0.28,0,0,0.188695652,0,0.091304348,0,8.01E-14,5.70E-07,0,4.40E-07,0
21/10/2017,21,0.27,0,0,0.181956522,0,0.088043478,0,8.93E-14,5.93E-07,0,4.58E-07,0
21/10/2017,22,0.33,0,0,0.222391304,0,0.107608696,0,6.52E-14,5.31E-07,0,4.09E-07,0
21/10/2017,23,0.27,0,0,0.181956522,0,0.088043478,0,8.93E-14,5.93E-07,0,4.58E-07,0
22/10/2017,0,0.3,0,0,0.202173913,0,0.097826087,0,9.19E-14,6.14E-07,0,4.72E-07,0
22/10/2017,1,0.22,0,0,0.14826087,0,0.07173913,0,2.71E-13,9.78E-07,0,7.67E-07,0
22/10/2017,2,0.26,0,0,0.175217391,0,0.084782609,0,1.03E-13,6.25E-07,0,4.83E-07,0
22/10/2017,3,0.31,0,0,0.208913043,0,0.101086957,0,8.52E-14,5.97E-07,0,4.59E-07,0
22/10/2017,4,0.3,0,0,0.202173913,0,0.097826087,0,9.19E-14,6.14E-07,0,4.72E-07,0
22/10/2017,5,0.29,0.095116,0.095116,0.13133487,0,0.06354913,0,2.30E-13,8.52E-07,0,6.69E-07,0
22/10/2017,6,0.28,0.410766,0.275325692,0.004674308,0.130960347,0,1.85E-13,0,0,4.38E-07,0,5.07E-07
22/10/2017,7,0.37,0.738047,0.37,2.16E-14,0.325484196,0,1.88E-14,0,0,3.08E-07,0,3.21E-07
22/10/2017,8,0.4,0.973695,0.4,8.46E-15,0.493147768,0,9.96E-15,0,0,1.54E-07,0,2.27E-07
22/10/2017,9,0.31,0.683659,0.31,2.84E-14,0.325172411,0,2.97E-14,0,0,4.40E-07,0,4.40E-07
22/10/2017,10,0.3,1.984747,0.3,3.68E-16,1.365127301,0,6.15E-16,0,0,0.066731552,0,0.040038931
22/10/2017,11,0.2,2.02814,0.2,1.62E-16,1.462352607,0,2.90E-16,0,0,0.118708462,0,0.071225077
22/10/2017,12,0.21,2.021835,0.21,1.54E-16,1.451197349,0,2.62E-16,0,0,0.112744832,0,0.067646899
22/10/2017,13,0.25,1.978101,0.25,6.43E-15,1.393082137,0,1.03E-14,0,0,0.081676283,0,0.04900577
22/10/2017,14,0.42,1.854589,0.42,2.52E-15,1.186544732,0,4.04E-15,0,0,3.65E-07,0,3.51E-07
22/10/2017,15,0.37,0.342997,0.326174468,0.029534597,0,0.014290934,0,6.99E-13,7.24E-07,0,5.60E-07,0
22/10/2017,16,0.46,0.481184,0.357650885,0.102349115,0.123533115,0,9.37E-14,0,0,5.22E-07,0,4.81E-07
22/10/2017,17,0.57,0.320621,0.320621,0.168059761,0,0.081319239,0,1.05E-13,6.59E-07,0,5.09E-07,0
22/10/2017,18,0.46,0.084624,0.084624,0.252970783,0,0.122405217,0,2.60E-13,1.26E-06,0,9.74E-07,0
22/10/2017,19,0.49,0,0,0.330217391,0,0.159782609,0,1.04E-13,8.89E-07,0,6.95E-07,0
22/10/2017,20,0.34,0,0,0.229130435,0,0.110869565,0,6.68E-14,5.46E-07,0,4.22E-07,0
22/10/2017,21,0.27,0,0,0.181956522,0,0.088043478,0,8.93E-14,5.93E-07,0,4.58E-07,0
22/10/2017,22,0.29,0,0,0.195434783,0,0.094565217,0,9.60E-14,6.28E-07,0,4.83E-07,0
22/10/2017,23,0.34,0,0,0.229130435,0,0.110869565,0,6.68E-14,5.46E-07,0,4.22E-07,0
23/10/2017,0,0.44,0,0,0.296521739,0,0.143478261,0,2.73E-13,1.35E-06,0,1.06E-06,0
23/10/2017,1,0.3,0,0,0.202173913,0,0.097826087,0,9.19E-14,6.14E-07,0,4.72E-07,0
23/10/2017,2,0.25,0,0,0.168478261,0,0.081521739,0,1.63E-13,7.79E-07,0,6.03E-07,0
23/10/2017,3,0.2,0,0,0.134782609,0,0.065217391,0,6.50E-13,1.38E-06,0,1.08E-06,0
23/10/2017,4,0.22,0,0,0.14826087,0,0.07173913,0,2.71E-13,9.78E-07,0,7.67E-07,0
23/10/2017,5,0.21,0.042588,0.042588,0.11282113,0,0.05459087,0,1.08E-13,5.44E-07,0,4.20E-07,0
23/10/2017,6,0.22,0.198383,0.189224671,0.020739896,0,0.010035433,0,5.74E-13,5.34E-07,0,4.15E-07,0
23/10/2017,7,0.26,0.256872,0.242644966,0.011695784,0,0.00565925,0,4.66E-12,1.20E-06,0,9.33E-07,0
23/10/2017,8,0.33,0.533671,0.33,1.84E-13,0.190182054,0,5.73E-14,0,0,4.87E-07,0,4.67E-07
23/10/2017,9,0.49,0.833695,0.49,1.62E-13,0.315558482,0,7.81E-14,0,0,9.07E-07,0,7.81E-07
23/10/2017,10,0.3,1.270424,0.3,3.72E-15,0.803912143,0,5.91E-15,0,0,2.00E-07,0,2.45E-07
23/10/2017,11,2.26,0.967572,0.967572,0.870984087,0,0.421443913,0,4.70E-14,1.12E-06,0,8.64E-07,0
23/10/2017,12,1.54,0.902566,0.902566,0.429575087,0,0.207858913,0,1.63E-13,1.35E-06,0,1.05E-06,0
23/10/2017,13,3.4,0.84795,0.84795,1.85657025,0,0.69547975,0,1.22E-13,0.144115618,0,0.12577363,0
23/10/2017,14,0.36,0.730172,0.36,1.96E-14,0.326388214,0,1.77E-14,0,0,2.95E-07,0,3.04E-07
23/10/2017,15,0.18,0.491998,0.18,1.95E-14,0.265176964,0,2.54E-14,0,0,2.58E-07,0,2.83E-07
23/10/2017,16,0.18,0.308509,0.18,2.90E-13,0.117730446,0,1.46E-13,0,0,4.03E-07,0,5.43E-07
23/10/2017,17,0.31,0.25242,0.243632207,0.044726122,0,0.021641672,0,1.04E-12,1.15E-06,0,9.04E-07,0
23/10/2017,18,0.61,0.224255,0.224255,0.259958587,0,0.125786413,0,9.28E-14,8.08E-07,0,6.32E-07,0
23/10/2017,19,1.25,0,0,0.842391304,0,0.407608696,0,2.82E-14,7.17E-07,0,5.49E-07,0
23/10/2017,20,0.42,0,0,0.283043478,0,0.136956522,0,3.20E-13,1.40E-06,0,1.09E-06,0
23/10/2017,21,0.34,0,0,0.229130435,0,0.110869565,0,6.68E-14,5.46E-07,0,4.22E-07,0
23/10/2017,22,0.72,0,0,0.485217391,0,0.234782609,0,6.24E-14,7.95E-07,0,6.22E-07,0
23/10/2017,23,3.33,0,0,2.489589907,0,0.840410093,0,5.57E-20,0.258755194,0,0.225822714,0
24/10/2017,0,0.87,0,0,0.586304348,0,0.283695652,0,2.61E-14,5.48E-07,0,4.20E-07,0
24/10/2017,1,0.76,0,0,0.512173913,0,0.247826087,0,1.64E-13,1.32E-06,0,1.03E-06,0
24/10/2017,2,0.37,0,0,0.249347826,0,0.120652174,0,6.10E-14,5.67E-07,0,4.41E-07,0
24/10/2017,3,0.26,0,0,0.175217391,0,0.084782609,0,1.03E-13,6.25E-07,0,4.83E-07,0
24/10/2017,4,0.32,0,0,0.215652174,0,0.104347826,0,7.97E-14,5.84E-07,0,4.49E-07,0
24/10/2017,5,0.34,0.062501,0.062501,0.187010196,0,0.090488804,0,1.87E-13,9.08E-07,0,7.07E-07,0
24/10/2017,6,0.31,0.156438,0.156438,0.103487435,0,0.050074565,0,1.24E-13,5.52E-07,0,4.24E-07,0
24/10/2017,7,0.34,0.238284,0.234500258,0.071097652,0,0.03440209,0,7.86E-13,1.23E-06,0,9.57E-07,0
24/10/2017,8,0.42,0.479744,0.347083016,0.072916984,0.132660984,0,1.10E-13,0,0,5.32E-07,0,5.04E-07
24/10/2017,9,0.26,0.779318,0.26,2.49E-14,0.438201964,0,3.43E-14,0,0,6.41E-07,0,5.79E-07
24/10/2017,10,0.52,1.50537,0.52,1.70E-14,0.833600893,0,2.30E-14,0,0,5.30E-07,0,5.77E-07
24/10/2017,11,0.59,2.240691,0.59,1.69E-15,1.361442167,0,2.32E-15,0,0,0.06476147,0,0.038856882
24/10/2017,12,0.39,2.85124,0.39,3.15E-25,1.937644578,0,3.03E-25,0,0,0.372800829,0,0.223680498
24/10/2017,13,0.29,2.701914,0.29,2.99E-27,1.894404014,0,7.81E-27,0,0,0.349684308,0,0.209810585
24/10/2017,14,0.35,2.426514,0.35,2.59E-14,1.654316336,0,4.63E-14,0,0,0.221332789,0,0.132799673
24/10/2017,15,0.38,2.057106,0.38,1.96E-18,1.365388963,0,2.89E-18,0,0,0.066871438,0,0.040122863
24/10/2017,16,0.37,1.373211,0.37,1.91E-14,0.835883839,0,2.91E-14,0,0,4.81E-07,0,5.56E-07
24/10/2017,17,0.37,0.484898,0.336308196,0.033691804,0.146427287,0,3.88E-14,0,0,4.00E-07,0,3.61E-07
24/10/2017,18,0.5,0.249591,0.249591,0.168753891,0,0.081655109,0,8.23E-14,5.96E-07,0,4.62E-07,0
24/10/2017,19,0.35,0,0,0.235869565,0,0.114130435,0,1.79E-13,9.39E-07,0,7.27E-07,0
24/10/2017,20,0.38,0,0,0.256086957,0,0.123913043,0,3.49E-13,1.35E-06,0,1.06E-06,0
24/10/2017,21,0.36,0,0,0.242608696,0,0.117391304,0,2.18E-13,1.07E-06,0,8.27E-07,0
24/10/2017,22,1.54,0,0,1.037826087,0,0.502173913,0,2.01E-14,6.22E-07,0,4.73E-07,0
24/10/2017,23,1.5,0,0,1.010869565,0,0.489130435,0,2.29E-14,6.79E-07,0,5.16E-07,0
25/10/2017,0,0.98,0,0,0.660434783,0,0.319565217,0,9.62E-14,1.15E-06,0,8.88E-07,0
25/10/2017,1,0.95,0,0,0.640217391,0,0.309782609,0,2.66E-14,6.00E-07,0,4.63E-07,0
25/10/2017,2,0.86,0,0,0.579565217,0,0.280434783,0,3.12E-14,5.85E-07,0,4.46E-07,0
25/10/2017,3,0.32,0,0,0.215652174,0,0.104347826,0,7.97E-14,5.84E-07,0,4.49E-07,0
25/10/2017,4,0.49,0,0,0.330217391,0,0.159782609,0,1.04E-13,8.89E-07,0,6.95E-07,0
25/10/2017,5,0.29,0.157877,0.157877,0.089039413,0,0.043083587,0,1.51E-13,5.67E-07,0,4.36E-07,0
25/10/2017,6,0.27,0.211732,0.205310486,0.043595108,0,0.021094407,0,1.44E-12,1.29E-06,0,9.98E-07,0
25/10/2017,7,0.22,0.343639,0.22,3.76E-13,0.117031339,0,6.59E-14,0,0,2.74E-07,0,3.33E-07
25/10/2017,8,0.47,0.77873,0.47,5.68E-14,0.285854464,0,2.25E-14,0,0,3.26E-07,0,3.35E-07
25/10/2017,9,0.35,0.77135,0.35,1.55E-14,0.366709821,0,1.61E-14,0,0,3.13E-07,0,3.19E-07
25/10/2017,10,0.36,0.801099,0.36,2.66E-14,0.383383125,0,2.81E-14,0,0,4.22E-07,0,4.40E-07
25/10/2017,11,0.91,1.327139,0.891077808,0.018922192,0.422010782,0,7.52E-14,0,0,6.40E-07,0,8.15E-07
25/10/2017,12,0.45,2.298203,0.45,3.54E-15,1.495197388,0,4.40E-15,0,0,0.136267371,0,0.081760423
25/10/2017,13,0.34,2.175895,0.34,3.87E-22,1.478209035,0,8.20E-22,0,0,0.127185352,0,0.076311211
25/10/2017,14,0.43,1.919325,0.43,2.47E-15,1.231332589,0,3.98E-15,0,0,1.94E-07,0,2.36E-07
25/10/2017,15,0.33,1.716332,0.33,4.02E-15,1.140534643,0,6.70E-15,0,0,5.38E-07,0,4.46E-07
25/10/2017,16,0.26,0.866073,0.26,2.11E-14,0.507915804,0,3.07E-14,0,0,5.32E-07,0,5.27E-07
25/10/2017,17,0.2,0.45482,0.2,2.65E-14,0.2208375,0,2.88E-14,0,0,2.54E-07,0,2.64E-07
25/10/2017,18,0.18,0.07875,0.07875,0.068233696,0,0.033016304,0,5.62E-13,9.64E-07,0,7.48E-07,0
25/10/2017,19,0.21,0,0,0.141521739,0,0.068478261,0,3.88E-13,1.11E-06,0,8.60E-07,0
25/10/2017,20,0.51,0,0,0.343695652,0,0.166304348,0,9.48E-14,8.79E-07,0,6.87E-07,0
25/10/2017,21,0.59,0,0,0.397608696,0,0.192391304,0,8.91E-14,8.65E-07,0,6.80E-07,0
25/10/2017,22,0.47,0,0,0.31673913,0,0.15326087,0,1.52E-13,1.03E-06,0,7.99E-07,0
25/10/2017,23,1.12,0,0,0.754782609,0,0.365217391,0,7.40E-14,1.12E-06,0,8.62E-07,0
26/10/2017,0,0.82,0,0,0.552608696,0,0.267391304,0,2.64E-14,5.24E-07,0,4.04E-07,0
26/10/2017,1,0.3,0,0,0.202173913,0,0.097826087,0,9.19E-14,6.14E-07,0,4.72E-07,0
26/10/2017,2,0.27,0,0,0.181956522,0,0.088043478,0,8.93E-14,5.93E-07,0,4.58E-07,0
26/10/2017,3,0.27,0,0,0.181956522,0,0.088043478,0,8.93E-14,5.93E-07,0,4.58E-07,0
26/10/2017,4,0.23,0,0,0.155,0,0.075,0,1.34E-13,6.83E-07,0,5.31E-07,0
26/10/2017,5,0.23,0.040633,0.040633,0.127616891,0,0.061750109,0,8.34E-14,5.11E-07,0,3.94E-07,0
26/10/2017,6,0.21,0.296153,0.200828968,0.009171032,0.092737711,0,1.35E-13,0,0,5.10E-07,0,5.70E-07
26/10/2017,7,0.32,0.322742,0.242704951,0.077295049,0.080037049,0,2.58E-13,0,0,5.07E-07,0,5.58E-07
26/10/2017,8,0.3,0.505874,0.3,8.29E-14,0.189541607,0,3.76E-14,0,0,3.48E-07,0,3.35E-07
26/10/2017,9,0.41,0.614482,0.409334829,0.000665171,0.197743383,0,2.67E-14,0,0,2.26E-07,0,2.60E-07
26/10/2017,10,0.63,0.857599,0.587821702,0.042178298,0.264021002,0,2.38E-14,0,0,2.43E-07,0,2.71E-07
26/10/2017,11,0.53,0.641399,0.456284738,0.073715262,0.185114262,0,3.10E-14,0,0,2.41E-07,0,2.73E-07
26/10/2017,12,1.43,0.768563,0.768563,0.445751022,0,0.215685978,0,1.13E-13,1.20E-06,0,9.28E-07,0
26/10/2017,13,3.04,1.015908,1.015908,1.426969644,0,0.597122356,0,5.49E-26,0.066315141,0,0.057875032,0
26/10/2017,14,0.67,2.135879,0.67,5.46E-15,1.231777768,0,7.80E-15,0,0,2.99E-07,0,3.84E-07
26/10/2017,15,0.42,1.753286,0.42,1.48E-14,1.105140536,0,2.34E-14,0,0,8.54E-07,0,7.50E-07
26/10/2017,16,0.33,1.240345,0.33,4.35E-15,0.758045089,0,6.65E-15,0,0,2.52E-07,0,2.70E-07
26/10/2017,17,0.29,0.613538,0.29,3.92E-14,0.283289464,0,3.84E-14,0,0,4.33E-07,0,4.44E-07
26/10/2017,18,0.25,0.263671,0.195472148,0.054527852,0.068198852,0,1.17E-13,0,0,3.11E-07,0,3.76E-07
26/10/2017,19,0.73,0,0,0.491956522,0,0.238043478,0,5.13E-14,7.22E-07,0,5.65E-07,0
26/10/2017,20,1.84,0,0,1.277173571,0,0.562826429,0,4.22E-22,0.03918714,0,0.034199686,0
26/10/2017,21,1.8,0,0,1.244625482,0,0.555374518,0,5.96E-19,0.033292695,0,0.029055443,0
26/10/2017,22,1.37,0,0,0.92326087,0,0.44673913,0,2.12E-14,6.80E-07,0,5.21E-07,0
26/10/2017,23,1.17,0,0,0.788478261,0,0.381521739,0,4.26E-14,8.57E-07,0,6.61E-07,0
27/10/2017,0,0.93,0,0,0.62673913,0,0.30326087,0,7.38E-14,9.64E-07,0,7.40E-07,0
27/10/2017,1,1.64,0,0,1.114433123,0,0.525566877,0,7.91E-21,0.009714918,0,0.008478474,0
27/10/2017,2,1.58,0,0,1.065610989,0,0.514389011,0,9.54E-17,0.000873251,0,0.00076211,0
27/10/2017,3,0.68,0,0,0.45826087,0,0.22173913,0,7.13E-14,8.21E-07,0,6.42E-07,0
27/10/2017,4,0.3,0,0,0.202173913,0,0.097826087,0,9.19E-14,6.14E-07,0,4.72E-07,0
27/10/2017,5,0.31,0.135605,0.135605,0.117527065,0,0.056867935,0,1.09E-13,5.63E-07,0,4.35E-07,0
27/10/2017,6,0.3,0.400723,0.276276132,0.023723868,0.122202708,0,1.93E-13,0,0,4.66E-07,0,4.96E-07
27/10/2017,7,0.29,0.651524,0.29,3.31E-14,0.313813929,0,3.54E-14,0,0,5.20E-07,0,5.09E-07
27/10/2017,8,0.33,1.213001,0.33,1.15E-14,0.736072232,0,1.75E-14,0,0,3.18E-07,0,4.70E-07
27/10/2017,9,0.58,0.972408,0.58,1.53E-13,0.361935,0,6.65E-14,0,0,6.20E-07,0,6.32E-07
27/10/2017,10,0.79,2.823644,0.79,1.28E-26,1.655139952,0,2.69E-26,0,0,0.221773096,0,0.133063857
27/10/2017,11,1.11,2.849704,1.11,1.15E-14,1.464221413,0,3.46E-14,0,0,0.119707531,0,0.071824519
27/10/2017,12,1.02,1.753051,1.02,1.84E-14,0.671023125,0,9.41E-15,0,0,3.94E-07,0,3.76E-07
27/10/2017,13,0.27,2.873831,0.27,4.28E-18,2.032827608,0,7.13E-18,0,0,0.423685933,0,0.25421156
27/10/2017,14,0.27,2.522239,0.27,5.98E-27,1.776564987,0,1.02E-26,0,0,0.286687247,0,0.172012348
27/10/2017,15,0.21,2.038095,0.21,2.10E-20,1.463048672,0,3.20E-20,0,0,0.119080581,0,0.071448348
27/10/2017,16,0.25,1.359458,0.25,3.23E-15,0.911618036,0,5.42E-15,0,0,2.86E-07,0,2.84E-07
27/10/2017,17,0.31,0.646735,0.31,1.69E-14,0.295501339,0,1.62E-14,0,0,2.21E-07,0,2.76E-07
27/10/2017,18,0.52,0.224614,0.224614,0.199064478,0,0.096321522,0,9.96E-14,7.11E-07,0,5.51E-07,0
27/10/2017,19,1.05,0,0,0.707608696,0,0.342391304,0,1.87E-14,5.54E-07,0,4.26E-07,0
27/10/2017,20,0.51,0,0,0.343695652,0,0.166304348,0,9.48E-14,8.79E-07,0,6.87E-07,0
27/10/2017,21,0.4,0,0,0.269565217,0,0.130434783,0,9.36E-14,7.27E-07,0,5.71E-07,0
27/10/2017,22,0.29,0,0,0.195434783,0,0.094565217,0,9.60E-14,6.28E-07,0,4.83E-07,0
27/10/2017,23,1.1,0,0,0.741304348,0,0.358695652,0,8.04E-14,1.18E-06,0,9.02E-07,0
28/10/2017,0,0.67,0,0,0.451521739,0,0.218478261,0,7.63E-14,8.42E-07,0,6.59E-07,0
28/10/2017,1,0.3,0,0,0.202173913,0,0.097826087,0,9.19E-14,6.14E-07,0,4.72E-07,0
28/10/2017,2,0.36,0,0,0.242608696,0,0.117391304,0,2.18E-13,1.07E-06,0,8.27E-07,0
28/10/2017,3,0.32,0,0,0.215652174,0,0.104347826,0,7.97E-14,5.84E-07,0,4.49E-07,0
28/10/2017,4,0.28,0,0,0.188695652,0,0.091304348,0,8.01E-14,5.70E-07,0,4.40E-07,0
28/10/2017,5,0.17,0.105907,0.105907,0.043193109,0,0.020899891,0,6.73E-13,8.46E-07,0,6.61E-07,0
28/10/2017,6,0.19,0.357124,0.19,7.26E-14,0.149563929,0,5.42E-14,0,0,2.69E-07,0,3.37E-07
28/10/2017,7,0.19,1.100818,0.19,2.11E-14,0.747175179,0,3.59E-14,0,0,7.24E-07,0,7.42E-07
28/10/2017,8,0.21,1.807972,0.21,2.41E-25,1.295320387,0,4.21E-25,0,0,0.029412588,0,0.017647553
28/10/2017,9,0.47,2.409665,0.47,4.36E-22,1.563318441,0,2.42E-22,0,0,0.172685069,0,0.103611041
28/10/2017,10,0.41,2.866696,0.41,1.10E-25,1.935790349,0,1.05E-25,0,0,0.371809553,0,0.223085732
28/10/2017,11,0.36,3.125462,0.36,2.01E-19,2.157012501,0,3.22E-19,0,0,0.491121121,0,0.294672673
28/10/2017,12,1.02,3.111702,1.02,7.35E-24,1.714220179,0,9.61E-24,0,0,0.253357545,0,0.152014527
28/10/2017,13,0.36,2.930453,0.36,9.65E-17,2.01505937,0,1.59E-16,0,0,0.414186986,0,0.248512191
28/10/2017,14,0.35,2.561211,0.35,2.80E-17,1.75249208,0,7.71E-17,0,0,0.273817805,0,0.164290683
28/10/2017,15,0.37,1.996718,0.37,1.99E-23,1.327934119,0,3.60E-23,0,0,0.046847977,0,0.028108786
28/10/2017,16,0.26,1.34598,0.26,6.29E-15,0.893555357,0,1.05E-14,0,0,4.86E-07,0,4.65E-07
28/10/2017,17,0.44,0.633834,0.4271158,0.0128842,0.200434645,0,3.06E-14,0,0,2.34E-07,0,2.65E-07
28/10/2017,18,0.36,0.222287,0.222287,0.092806587,0,0.044906413,0,6.44E-13,1.23E-06,0,9.57E-07,0
28/10/2017,19,0.31,0,0,0.208913043,0,0.101086957,0,8.52E-14,5.97E-07,0,4.59E-07,0
28/10/2017,20,0.28,0,0,0.188695652,0,0.091304348,0,8.01E-14,5.70E-07,0,4.40E-07,0
28/10/2017,21,0.43,0,0,0.289782609,0,0.140217391,0,1.24E-13,8.81E-07,0,6.85E-07,0
28/10/2017,22,0.45,0,0,0.30326087,0,0.14673913,0,1.90E-13,1.14E-06,0,8.86E-07,0
28/10/2017,23,0.44,0,0,0.296521739,0,0.143478261,0,2.73E-13,1.35E-06,0,1.06E-06,0
29/10/2017,0,0.84,0,0,0.566086957,0,0.273913043,0,2.93E-14,5.61E-07,0,4.28E-07,0
29/10/2017,1,0.75,0,0,0.505434783,0,0.244565217,0,2.58E-14,5.13E-07,0,4.03E-07,0
29/10/2017,2,1.54,0,0,1.037826087,0,0.502173913,0,2.01E-14,6.22E-07,0,4.73E-07,0
29/10/2017,3,0.96,0,0,0.646956522,0,0.313043478,0,2.70E-14,5.99E-07,0,4.61E-07,0
29/10/2017,4,0.2,0,0,0.134782609,0,0.065217391,0,6.50E-13,1.38E-06,0,1.08E-06,0
29/10/2017,5,0.18,0.10458,0.10458,0.050826522,0,0.024593478,0,7.11E-13,9.22E-07,0,7.28E-07,0
29/10/2017,6,0.17,0.353157,0.17,7.22E-14,0.160840446,0,6.84E-14,0,0,3.54E-07,0,4.21E-07
29/10/2017,7,0.26,1.071671,0.26,2.91E-14,0.673128482,0,4.58E-14,0,0,7.29E-07,0,7.22E-07
29/10/2017,8,0.28,1.709974,0.28,3.11E-15,1.17158625,0,5.33E-15,0,0,4.35E-07,0,4.06E-07
29/10/2017,9,0.74,2.372724,0.74,1.07E-16,1.359279628,0,1.50E-16,0,0,0.063605371,0,0.038163222
29/10/2017,10,0.63,2.726422,0.63,1.99E-26,1.689234734,0,3.94E-26,0,0,0.240000258,0,0.144000155
29/10/2017,11,0.35,2.999766,0.35,3.29E-21,2.072138867,0,5.28E-21,0,0,0.444701839,0,0.266821103
29/10/2017,12,0.29,2.962934,0.29,4.66E-25,2.084651998,0,7.58E-25,0,0,0.451391392,0,0.270834835
29/10/2017,13,0.2,2.822307,0.2,8.66E-17,2.041192047,0,1.44E-16,0,0,0.428157585,0,0.256894551
29/10/2017,14,0.18,2.428756,0.18,1.78E-20,1.767466583,0,3.30E-20,0,0,0.281823215,0,0.169093929
29/10/2017,15,0.17,1.946977,0.17,9.19E-15,1.422875166,0,1.76E-14,0,0,0.097603716,0,0.05856223
29/10/2017,16,0.17,1.276703,0.17,4.29E-15,0.902975625,0,7.55E-15,0,0,3.23E-07,0,3.51E-07
29/10/2017,17,0.2,0.62127,0.2,6.26E-14,0.354591964,0,8.82E-14,0,0,6.47E-07,0,6.32E-07
29/10/2017,18,0.26,0.220482,0.211779447,0.03249646,0,0.015724093,0,1.77E-12,1.24E-06,0,9.60E-07,0
29/10/2017,19,0.51,0,0,0.343695652,0,0.166304348,0,9.48E-14,8.79E-07,0,6.87E-07,0
29/10/2017,20,0.56,0,0,0.377391304,0,0.182608696,0,7.91E-14,8.14E-07,0,6.30E-07,0
29/10/2017,21,0.61,0,0,0.411086957,0,0.198913043,0,7.71E-14,8.10E-07,0,6.32E-07,0
29/10/2017,22,0.52,0,0,0.350434783,0,0.169565217,0,8.97E-14,8.49E-07,0,6.61E-07,0
29/10/2017,23,0.32,0,0,0.215652174,0,0.104347826,0,7.97E-14,5.84E-07,0,4.49E-07,0
30/10/2017,0,1.05,0,0,0.707608696,0,0.342391304,0,1.87E-14,5.54E-07,0,4.26E-07,0
30/10/2017,1,0.33,0,0,0.222391304,0,0.107608696,0,6.52E-14,5.31E-07,0,4.09E-07,0
30/10/2017,2,0.29,0,0,0.195434783,0,0.094565217,0,9.60E-14,6.28E-07,0,4.83E-07,0
30/10/2017,3,0.3,0,0,0.202173913,0,0.097826087,0,9.19E-14,6.14E-07,0,4.72E-07,0
30/10/2017,4,0.34,0,0,0.229130435,0,0.110869565,0,6.68E-14,5.46E-07,0,4.22E-07,0
30/10/2017,5,0.38,0.040849,0.040849,0.228558283,0,0.110592717,0,1.91E-13,1.02E-06,0,7.94E-07,0
30/10/2017,6,0.34,0.156567,0.156567,0.123617891,0,0.059815109,0,9.60E-14,5.29E-07,0,4.07E-07,0
30/10/2017,7,0.36,0.268113,0.261706171,0.066241494,0,0.032052336,0,4.81E-13,9.40E-07,0,7.37E-07,0
30/10/2017,8,0.44,0.494025,0.359258607,0.080741393,0.134766393,0,1.12E-13,0,0,5.45E-07,0,5.10E-07
30/10/2017,9,0.53,0.546554,0.40808482,0.12191518,0.13846918,0,7.82E-14,0,0,3.32E-07,0,3.44E-07
30/10/2017,10,0.31,0.45052,0.302802044,0.007197956,0.143034236,0,1.67E-13,0,0,4.41E-07,0,4.76E-07
30/10/2017,11,0.4,0.464435,0.334385,0.065615,0.13005,0,9.52E-14,0,0,5.32E-07,0,4.74E-07
30/10/2017,12,0.33,0.477608,0.321397772,0.008602228,0.151352683,0,6.93E-14,0,0,4.20E-07,0,4.00E-07
30/10/2017,13,0.23,0.679944,0.23,2.03E-14,0.380044286,0,2.78E-14,0,0,4.30E-07,0,4.40E-07
30/10/2017,14,0.29,0.525683,0.29,5.79E-14,0.212691696,0,3.81E-14,0,0,3.79E-07,0,3.60E-07
30/10/2017,15,0.3,0.303546,0.228031574,0.071968426,0.075514426,0,1.24E-13,0,0,4.47E-07,0,3.82E-07
30/10/2017,16,0.28,0.428715,0.28,2.19E-12,0.142003125,0,1.95E-13,0,0,5.00E-07,0,5.69E-07
30/10/2017,17,0.43,0.337092,0.326881967,0.069492588,0,0.033625446,0,3.04E-13,7.29E-07,0,5.63E-07,0
30/10/2017,18,0.41,0.248278,0.248278,0.108986565,0,0.052735435,0,4.55E-13,1.14E-06,0,8.88E-07,0
30/10/2017,19,0.47,0,0,0.31673913,0,0.15326087,0,1.52E-13,1.03E-06,0,7.99E-07,0
30/10/2017,20,0.28,0,0,0.188695652,0,0.091304348,0,8.01E-14,5.70E-07,0,4.40E-07,0
30/10/2017,21,0.25,0,0,0.168478261,0,0.081521739,0,1.63E-13,7.79E-07,0,6.03E-07,0
30/10/2017,22,0.24,0,0,0.16173913,0,0.07826087,0,1.70E-13,7.88E-07,0,6.12E-07,0
30/10/2017,23,1.27,0,0,0.855869565,0,0.414130435,0,2.81E-14,7.21E-07,0,5.52E-07,0
31/10/2017,0,0.31,0,0,0.208913043,0,0.101086957,0,8.52E-14,5.97E-07,0,4.59E-07,0
31/10/2017,1,0.31,0,0,0.208913043,0,0.101086957,0,8.52E-14,5.97E-07,0,4.59E-07,0
31/10/2017,2,0.37,0,0,0.249347826,0,0.120652174,0,6.10E-14,5.67E-07,0,4.41E-07,0
31/10/2017,3,0.29,0,0,0.195434783,0,0.094565217,0,9.60E-14,6.28E-07,0,4.83E-07,0
31/10/2017,4,0.27,0,0,0.181956522,0,0.088043478,0,8.93E-14,5.93E-07,0,4.58E-07,0
31/10/2017,5,0.23,0.041589,0.041589,0.12697263,0,0.06143837,0,8.23E-14,5.06E-07,0,3.90E-07,0
31/10/2017,6,2.74,0.196325,0.196325,1.849755494,0,0.693919506,0,5.94E-17,0.142881469,0,0.124696555,0
31/10/2017,7,2.41,0.415132,0.415132,1.40319001,0,0.59167799,0,2.68E-27,0.06200866,0,0.054116649,0
31/10/2017,8,3.3,1.219127,1.219127,1.473172471,0,0.607700529,0,7.70E-21,0.074682452,0,0.065177413,0
31/10/2017,9,2.21,1.165612,1.165612,0.703826696,0,0.340561304,0,2.30E-14,6.32E-07,0,4.82E-07,0
31/10/2017,10,1.85,1.325912,1.300865741,0.37006874,0,0.179065519,0,1.18E-13,1.08E-06,0,8.28E-07,0
31/10/2017,11,0.31,1.327816,0.31,2.28E-14,0.842798571,0,3.63E-14,0,0,5.47E-07,0,6.29E-07
31/10/2017,12,0.26,1.945232,0.26,1.38E-19,1.362565345,0,2.34E-19,0,0,0.065361924,0,0.039217154
31/10/2017,13,0.26,2.67882,0.26,8.26E-19,1.897250956,0,1.47E-18,0,0,0.35120629,0,0.210723774
31/10/2017,14,0.23,2.433608,0.23,3.87E-22,1.738204166,0,7.25E-22,0,0,0.266179448,0,0.159707669
31/10/2017,15,0.82,1.972894,0.82,7.09E-15,0.992325536,0,8.25E-15,0,0,1.99E-07,0,3.14E-07
31/10/2017,16,1.03,1.010266,0.955019717,0.050530191,0,0.024450092,0,3.37E-13,6.30E-07,0,4.87E-07,0
31/10/2017,17,3.38,0.702325,0.702325,1.958791594,0,0.718883406,0,1.22E-14,0.162627857,0,0.141929767,0
31/10/2017,18,2.01,0.237238,0.237238,1.22246186,0,0.55030014,0,4.71E-14,0.029278873,0,0.025552471,0
31/10/2017,19,1.74,0,0,1.195803347,0,0.544196653,0,7.70E-21,0.024451029,0,0.02133908,0
31/10/2017,20,2.91,0,0,2.147834967,0,0.762165033,0,6.96E-26,0.196863527,0,0.171808169,0
31/10/2017,21,0.41,0,0,0.276304348,0,0.133695652,0,9.39E-14,7.50E-07,0,5.84E-07,0
31/10/2017,22,0.52,0,0,0.350434783,0,0.169565217,0,8.97E-14,8.49E-07,0,6.61E-07,0
31/10/2017,23,0.42,0,0,0.283043478,0,0.136956522,0,3.20E-13,1.40E-06,0,1.09E-06,0
01/11/2017,0,2.59,0,0,1.88745025,0,0.70254975,0,2.01E-28,0.149707972,0,0.13065423,0
01/11/2017,1,0.43,0,0,0.289782609,0,0.140217391,0,1.24E-13,8.81E-07,0,6.85E-07,0
01/11/2017,2,0.33,0,0,0.222391304,0,0.107608696,0,6.52E-14,5.31E-07,0,4.09E-07,0
01/11/2017,3,0.31,0,0,0.208913043,0,0.101086957,0,8.52E-14,5.97E-07,0,4.59E-07,0
01/11/2017,4,0.3,0,0,0.202173913,0,0.097826087,0,9.19E-14,6.14E-07,0,4.72E-07,0
01/11/2017,5,0.23,0.103092,0.103092,0.085524957,0,0.041383043,0,3.56E-13,8.57E-07,0,6.68E-07,0
01/11/2017,6,0.29,0.344745,0.246509754,0.043490246,0.098235246,0,8.82E-14,0,0,4.26E-07,0,3.75E-07
01/11/2017,7,0.42,1.07918,0.42,8.31E-15,0.563448214,0,1.03E-14,0,0,2.16E-07,0,2.45E-07
01/11/2017,8,0.33,1.783651,0.33,1.23E-14,1.194630268,0,2.07E-14,0,0,7.38E-07,0,7.62E-07
01/11/2017,9,0.45,2.382287,0.45,1.51E-17,1.556483158,0,2.44E-17,0,0,0.169030908,0,0.101418545
01/11/2017,10,0.34,2.84063,0.34,8.64E-22,1.962710198,0,1.65E-21,0,0,0.386200977,0,0.231720586
01/11/2017,11,0.35,2.997764,0.35,1.70E-21,2.070679682,0,2.73E-21,0,0,0.443921754,0,0.266353053
01/11/2017,12,0.33,2.966414,0.33,1.43E-22,2.060949353,0,2.31E-22,0,0,0.438719894,0,0.263231936
01/11/2017,13,1.21,2.815589,1.21,3.85E-15,1.373758504,0,4.17E-15,0,0,0.071345817,0,0.04280749
01/11/2017,14,0.3,2.520521,0.3,1.76E-20,1.755633482,0,3.27E-20,0,0,0.275497208,0,0.165298325
01/11/2017,15,0.23,1.995587,0.23,5.78E-17,1.418946591,0,9.33E-17,0,0,0.09550349,0,0.057302094
01/11/2017,16,0.18,1.054428,0.18,1.62E-14,0.717129643,0,2.75E-14,0,0,5.76E-07,0,5.90E-07
01/11/2017,17,0.31,0.696775,0.31,2.90E-14,0.335712054,0,3.11E-14,0,0,4.75E-07,0,4.67E-07
01/11/2017,18,0.4,0.221192,0.221192,0.120501043,0,0.058306957,0,4.36E-13,1.15E-06,0,8.95E-07,0
01/11/2017,19,0.3,0,0,0.202173913,0,0.097826087,0,9.19E-14,6.14E-07,0,4.72E-07,0
01/11/2017,20,0.31,0,0,0.208913043,0,0.101086957,0,8.52E-14,5.97E-07,0,4.59E-07,0
01/11/2017,21,0.32,0,0,0.215652174,0,0.104347826,0,7.97E-14,5.84E-07,0,4.49E-07,0
01/11/2017,22,0.55,0,0,0.370652174,0,0.179347826,0,8.40E-14,8.37E-07,0,6.49E-07,0
01/11/2017,23,0.48,0,0,0.323478261,0,0.156521739,0,1.16E-13,9.20E-07,0,7.15E-07,0
02/11/2017,0,1.36,0,0,0.916521739,0,0.443478261,0,8.64E-14,1.37E-06,0,1.06E-06,0
02/11/2017,1,0.53,0,0,0.357173913,0,0.172826087,0,7.95E-14,8.04E-07,0,6.26E-07,0
02/11/2017,2,0.3,0,0,0.202173913,0,0.097826087,0,9.19E-14,6.14E-07,0,4.72E-07,0
02/11/2017,3,0.28,0,0,0.188695652,0,0.091304348,0,8.01E-14,5.70E-07,0,4.40E-07,0
02/11/2017,4,0.32,0,0,0.215652174,0,0.104347826,0,7.97E-14,5.84E-07,0,4.49E-07,0
02/11/2017,5,0.3,0.141443,0.141443,0.10685363,0,0.05170337,0,1.15E-13,5.52E-07,0,4.25E-07,0
02/11/2017,6,0.36,0.335389,0.318768789,0.027786251,0,0.01344496,0,7.74E-13,7.44E-07,0,5.77E-07,0
02/11/2017,7,0.45,0.77482,0.45,6.29E-14,0.297176786,0,3.26E-14,0,0,5.09E-07,0,4.74E-07
02/11/2017,8,0.54,1.456234,0.54,1.76E-14,0.779652321,0,2.26E-14,0,0,5.11E-07,0,5.63E-07
02/11/2017,9,0.27,2.098652,0.27,1.21E-17,1.46782783,0,1.72E-17,0,0,0.121635532,0,0.072981319
02/11/2017,10,0.32,2.802969,0.32,9.55E-17,1.94838001,0,1.56E-16,0,0,0.37854002,0,0.227124012
02/11/2017,11,0.27,3.060111,0.27,1.43E-22,2.168369885,0,2.38E-22,0,0,0.49747229,0,0.298483374
02/11/2017,12,0.69,3.055949,0.69,1.95E-16,1.890056343,0,3.36E-16,0,0,0.347360031,0,0.208416018
02/11/2017,13,0.35,2.88409,0.35,8.04E-19,1.987826839,0,1.38E-18,0,0,0.399628401,0,0.239777041
02/11/2017,14,3.14,2.463969,2.389045618,0.506077953,0,0.244876429,0,5.56E-14,8.36E-07,0,6.30E-07,0
02/11/2017,15,0.47,2.015954,0.47,2.06E-17,1.276356813,0,3.22E-17,0,0,0.019274611,0,0.011564766
02/11/2017,16,0.38,1.287667,0.38,4.45E-15,0.759910982,0,6.53E-15,0,0,2.09E-07,0,2.43E-07
02/11/2017,17,0.43,0.627043,0.421027077,0.008972923,0.199381042,0,2.92E-14,0,0,2.28E-07,0,2.64E-07
02/11/2017,18,0.43,0.277708,0.276513239,0.10343673,0,0.050050031,0,2.41E-13,8.23E-07,0,6.44E-07,0
02/11/2017,19,0.45,0,0,0.30326087,0,0.14673913,0,1.90E-13,1.14E-06,0,8.86E-07,0
02/11/2017,20,0.5,0,0,0.336956522,0,0.163043478,0,9.90E-14,8.94E-07,0,7.00E-07,0
02/11/2017,21,0.37,0,0,0.249347826,0,0.120652174,0,6.10E-14,5.67E-07,0,4.41E-07,0
02/11/2017,22,1.59,0,0,1.073748011,0,0.516251989,0,7.05E-17,0.002346862,0,0.002048171,0
02/11/2017,23,1.58,0,0,1.065610989,0,0.514389011,0,9.54E-17,0.000873251,0,0.00076211,0
03/11/2017,0,0.95,0,0,0.640217391,0,0.309782609,0,2.66E-14,6.00E-07,0,4.63E-07,0
03/11/2017,1,1.07,0,0,0.721086957,0,0.348913043,0,7.70E-14,1.16E-06,0,8.89E-07,0
03/11/2017,2,0.79,0,0,0.532391304,0,0.257608696,0,3.28E-14,5.99E-07,0,4.65E-07,0
03/11/2017,3,0.3,0,0,0.202173913,0,0.097826087,0,9.19E-14,6.14E-07,0,4.72E-07,0
03/11/2017,4,0.25,0,0,0.168478261,0,0.081521739,0,1.63E-13,7.79E-07,0,6.03E-07,0
03/11/2017,5,0.28,0.153741,0.153741,0.085087587,0,0.041171413,0,1.46E-13,5.51E-07,0,4.25E-07,0
03/11/2017,6,0.31,0.424368,0.290374165,0.019625835,0.131007256,0,1.75E-13,0,0,5.11E-07,0,4.89E-07
03/11/2017,7,0.38,1.100268,0.38,7.38E-15,0.6093225,0,9.98E-15,0,0,2.47E-07,0,2.63E-07
03/11/2017,8,1.42,1.59341,1.158946066,0.261053934,0.434463934,0,5.70E-14,0,0,6.40E-07,0,6.78E-07
03/11/2017,9,0.68,2.178268,0.68,4.84E-19,1.256906359,0,6.88E-19,0,0,0.008876345,0,0.005325807
03/11/2017,10,0.91,2.716025,0.91,1.03E-13,1.497983105,0,1.45E-13,0,0,0.137756623,0,0.082653974
03/11/2017,11,0.36,2.928716,0.36,7.39E-17,2.013793334,0,1.22E-16,0,0,0.413510159,0,0.248106096
03/11/2017,12,0.38,2.792586,0.38,5.27E-15,1.901453583,0,6.09E-15,0,0,0.353453026,0,0.212071816
03/11/2017,13,0.6,2.777991,0.6,4.86E-28,1.746500821,0,9.09E-28,0,0,0.270614862,0,0.162368917
03/11/2017,14,0.38,2.40225,0.38,3.11E-18,1.616951871,0,4.90E-18,0,0,0.201357645,0,0.120814587
03/11/2017,15,0.26,1.808391,0.26,2.62E-26,1.262826918,0,4.52E-26,0,0,0.012041492,0,0.007224895
03/11/2017,16,0.22,1.176345,0.22,1.27E-14,0.786170089,0,2.13E-14,0,0,6.84E-07,0,6.50E-07
03/11/2017,17,0.32,0.587058,0.32,5.12E-14,0.240314464,0,3.53E-14,0,0,4.23E-07,0,4.16E-07
03/11/2017,18,0.3,0.310779,0.231707361,0.068292639,0.079071639,0,1.97E-13,0,0,4.20E-07,0,4.93E-07
03/11/2017,19,0.32,0,0,0.215652174,0,0.104347826,0,7.97E-14,5.84E-07,0,4.49E-07,0
03/11/2017,20,0.85,0,0,0.572826087,0,0.277173913,0,3.04E-14,5.75E-07,0,4.39E-07,0
03/11/2017,21,0.63,0,0,0.424565217,0,0.205434783,0,8.00E-14,8.41E-07,0,6.55E-07,0
03/11/2017,22,0.69,0,0,0.465,0,0.225,0,7.73E-14,8.62E-07,0,6.75E-07,0
03/11/2017,23,0.63,0,0,0.424565217,0,0.205434783,0,8.00E-14,8.41E-07,0,6.55E-07,0
04/11/2017,0,1.17,0,0,0.788478261,0,0.381521739,0,4.26E-14,8.57E-07,0,6.61E-07,0
04/11/2017,1,1.63,0,0,1.106296101,0,0.523703899,0,1.11E-21,0.008241307,0,0.007192413,0
04/11/2017,2,0.85,0,0,0.572826087,0,0.277173913,0,3.04E-14,5.75E-07,0,4.39E-07,0
04/11/2017,3,0.28,0,0,0.188695652,0,0.091304348,0,8.01E-14,5.70E-07,0,4.40E-07,0
04/11/2017,4,0.26,0,0,0.175217391,0,0.084782609,0,1.03E-13,6.25E-07,0,4.83E-07,0
04/11/2017,5,0.25,0.145516,0.145516,0.07041313,0,0.03407087,0,2.88E-13,7.08E-07,0,5.44E-07,0
04/11/2017,6,0.38,0.306344,0.296038549,0.056582717,0,0.027378734,0,5.01E-13,8.71E-07,0,6.78E-07,0
04/11/2017,7,0.39,0.539258,0.367864047,0.022135953,0.167287787,0,4.16E-14,0,0,2.50E-07,0,2.82E-07
04/11/2017,8,0.45,1.076687,0.45,1.01E-14,0.539748482,0,1.17E-14,0,0,3.48E-07,0,3.29E-07
04/11/2017,9,0.5,1.943471,0.5,9.68E-15,1.200110625,0,1.50E-14,0,0,6.27E-07,0,5.91E-07
04/11/2017,10,0.48,2.779055,0.48,2.83E-22,1.825993603,0,5.07E-22,0,0,0.313111918,0,0.187867151
04/11/2017,11,0.45,2.963884,0.45,7.53E-23,1.980388056,0,1.19E-22,0,0,0.395651608,0,0.237390965
04/11/2017,12,0.38,2.965186,0.38,5.79E-16,2.027255445,0,9.32E-16,0,0,0.42070704,0,0.252424224
04/11/2017,13,0.3,2.805821,0.3,1.14E-21,1.963578275,0,1.57E-21,0,0,0.386665053,0,0.231999032
04/11/2017,14,1.67,2.457185,1.645570797,0.024429203,0.784423352,0,2.17E-14,0,0,3.35E-07,0,5.16E-07
04/11/2017,15,0.68,1.99447,0.68,7.23E-15,1.110913393,0,9.86E-15,0,0,3.19E-07,0,4.01E-07
04/11/2017,16,1.25,1.335793,0.986222672,0.263777328,0.349570328,0,2.34E-14,0,0,2.80E-07,0,2.93E-07
04/11/2017,17,0.93,0.648457,0.638611346,0.196370615,0,0.095018039,0,1.77E-13,9.50E-07,0,7.40E-07,0
04/11/2017,18,0.47,0.22192,0.22192,0.167184348,0,0.080895652,0,2.87E-13,1.10E-06,0,8.59E-07,0
04/11/2017,19,0.53,0,0,0.357173913,0,0.172826087,0,7.95E-14,8.04E-07,0,6.26E-07,0
04/11/2017,20,1.11,0,0,0.748043478,0,0.361956522,0,8.00E-14,1.17E-06,0,8.99E-07,0
04/11/2017,21,1.05,0,0,0.707608696,0,0.342391304,0,1.87E-14,5.54E-07,0,4.26E-07,0
04/11/2017,22,1.06,0,0,0.714347826,0,0.345652174,0,9.86E-14,1.29E-06,0,9.96E-07,0
04/11/2017,23,1.05,0,0,0.707608696,0,0.342391304,0,1.87E-14,5.54E-07,0,4.26E-07,0
05/11/2017,0,1.25,0,0,0.842391304,0,0.407608696,0,2.82E-14,7.17E-07,0,5.49E-07,0
05/11/2017,1,1.91,0,0,1.334132728,0,0.575867272,0,9.66E-27,0.049502417,0,0.04320211,0
05/11/2017,1,1.02,0,0,0.687391304,0,0.332608696,0,2.23E-14,5.86E-07,0,4.56E-07,0
05/11/2017,2,0.87,0,0,0.586304348,0,0.283695652,0,2.61E-14,5.48E-07,0,4.20E-07,0
05/11/2017,3,0.98,0,0,0.660434783,0,0.319565217,0,9.62E-14,1.15E-06,0,8.88E-07,0
05/11/2017,4,1.02,0.05043,0.05043,0.65340587,0,0.31616413,0,2.81E-14,6.76E-07,0,5.21E-07,0
05/11/2017,5,0.94,0.142936,0.142936,0.537151826,0,0.259912174,0,2.14E-14,5.14E-07,0,3.93E-07,0
05/11/2017,6,0.94,0.281107,0.281107,0.444036587,0,0.214856413,0,4.43E-14,6.70E-07,0,5.16E-07,0
05/11/2017,7,0.92,0.412825,0.412825,0.341791848,0,0.165383152,0,3.40E-14,5.34E-07,0,4.14E-07,0
05/11/2017,8,0.52,0.861081,0.52,2.06E-13,0.315868661,0,8.13E-14,0,0,9.57E-07,0,8.13E-07
05/11/2017,9,0.33,0.943138,0.33,2.90E-14,0.519218036,0,3.89E-14,0,0,6.67E-07,0,6.40E-07
05/11/2017,10,0.56,2.374559,0.56,3.64E-24,1.478693,0,8.75E-24,0,0,0.127444081,0,0.076466449
05/11/2017,11,3.2,1.391965,1.391965,1.251505549,0,0.556529451,0,2.16E-24,0.034837235,0,0.030403405,0
05/11/2017,12,1.18,2.61416,1.18,1.40E-26,1.2465852,0,1.47E-26,0,0,0.003579153,0,0.002147492
05/11/2017,13,0.6,2.43086,0.6,2.21E-15,1.493489661,0,3.34E-15,0,0,0.135354415,0,0.081212649
05/11/2017,14,0.57,1.76165,0.57,7.91E-15,1.003379464,0,1.11E-14,0,0,6.12E-07,0,5.33E-07
05/11/2017,15,0.67,1.367477,0.67,8.67E-15,0.614311875,0,7.93E-15,0,0,3.53E-07,0,3.45E-07
05/11/2017,16,0.74,0.658952,0.629412268,0.074526515,0,0.036061217,0,3.37E-13,8.20E-07,0,6.44E-07,0
05/11/2017,17,0.71,0.221034,0.221034,0.329520565,0,0.159445435,0,8.66E-14,8.70E-07,0,6.76E-07,0
05/11/2017,18,0.54,0,0,0.363913043,0,0.176086957,0,8.84E-14,8.55E-07,0,6.64E-07,0
05/11/2017,19,0.56,0,0,0.377391304,0,0.182608696,0,7.91E-14,8.14E-07,0,6.30E-07,0
05/11/2017,20,0.39,0,0,0.262826087,0,0.127173913,0,3.46E-13,1.38E-06,0,1.08E-06,0
05/11/2017,21,0.5,0,0,0.336956522,0,0.163043478,0,9.90E-14,8.94E-07,0,7.00E-07,0
05/11/2017,22,0.41,0,0,0.276304348,0,0.133695652,0,9.39E-14,7.50E-07,0,5.84E-07,0
05/11/2017,23,0.59,0,0,0.397608696,0,0.192391304,0,8.91E-14,8.65E-07,0,6.80E-07,0
06/11/2017,0,1.13,0,0,0.761521739,0,0.368478261,0,7.57E-14,1.14E-06,0,8.70E-07,0
06/11/2017,1,1.69,0,0,1.155118235,0,0.534881765,0,2.30E-25,0.017082973,0,0.014908777,0
06/11/2017,2,1.13,0,0,0.761521739,0,0.368478261,0,7.57E-14,1.14E-06,0,8.70E-07,0
06/11/2017,3,0.96,0,0,0.646956522,0,0.313043478,0,2.70E-14,5.99E-07,0,4.61E-07,0
06/11/2017,4,0.89,0.101919,0.101919,0.531098065,0,0.256982935,0,5.58E-14,8.12E-07,0,6.28E-07,0
06/11/2017,5,0.98,0.334419,0.334419,0.435065457,0,0.210515543,0,3.39E-14,5.79E-07,0,4.48E-07,0
06/11/2017,6,1.08,1.05332,0.996300922,0.0564059,0,0.027293178,0,6.15E-13,9.63E-07,0,7.51E-07,0
06/11/2017,7,1.1,1.733757,1.1,2.61E-13,0.597661875,0,5.54E-14,0,0,1.02E-06,0,9.12E-07
06/11/2017,8,1.12,2.349209,1.12,1.77E-14,1.077757232,0,1.70E-14,0,0,3.44E-07,0,5.47E-07
06/11/2017,9,0.57,2.776423,0.57,4.91E-14,1.76503728,0,8.05E-14,0,0,0.280524504,0,0.168314702
06/11/2017,10,0.31,2.982415,0.31,2.42E-26,2.085731445,0,3.91E-26,0,0,0.451968467,0,0.27118108
06/11/2017,11,0.26,3.0332,0.26,2.58E-23,2.155370837,0,4.22E-23,0,0,0.490203085,0,0.294121851
06/11/2017,12,0.25,2.854707,0.25,9.93E-18,2.032008365,0,1.64E-17,0,0,0.423247964,0,0.253948778
06/11/2017,13,1.59,2.466184,1.59,3.85E-14,0.831844286,0,5.60E-15,0,0,2.57E-07,0,2.95E-07
06/11/2017,14,0.24,1.951675,0.24,1.44E-21,1.380380959,0,2.77E-21,0,0,0.074886199,0,0.044931719
06/11/2017,15,0.36,1.330143,0.36,2.42E-14,0.808507768,0,3.68E-14,0,0,5.01E-07,0,6.08E-07
06/11/2017,16,0.32,0.6358,0.32,2.05E-14,0.279482143,0,1.77E-14,0,0,2.57E-07,0,2.77E-07
06/11/2017,17,0.97,0.216506,0.216506,0.507789435,0,0.245704565,0,3.33E-14,6.18E-07,0,4.75E-07,0
06/11/2017,18,2.52,0,0,1.830491094,0,0.689508906,0,3.84E-28,0.139392694,0,0.121651806,0
06/11/2017,19,2.28,0,0,1.635202556,0,0.644797444,0,9.51E-14,0.104026029,0,0.090786352,0
06/11/2017,20,0.47,0,0,0.31673913,0,0.15326087,0,1.52E-13,1.03E-06,0,7.99E-07,0
06/11/2017,21,1.31,0,0,0.882826087,0,0.427173913,0,3.26E-14,7.85E-07,0,5.96E-07,0
06/11/2017,22,0.37,0,0,0.249347826,0,0.120652174,0,6.10E-14,5.67E-07,0,4.41E-07,0
06/11/2017,23,1.71,0,0,1.17139228,0,0.53860772,0,1.79E-24,0.020030195,0,0.017480898,0
07/11/2017,0,0.58,0,0,0.390869565,0,0.189130435,0,8.14E-14,8.18E-07,0,6.47E-07,0
07/11/2017,1,0.57,0,0,0.384130435,0,0.185869565,0,7.42E-14,7.91E-07,0,6.10E-07,0
07/11/2017,2,0.25,0,0,0.168478261,0,0.081521739,0,1.63E-13,7.79E-07,0,6.03E-07,0
07/11/2017,3,0.18,0,0,0.121304348,0,0.058695652,0,6.27E-13,1.23E-06,0,9.69E-07,0
07/11/2017,4,0.2,0.098273,0.098273,0.068555152,0,0.033171848,0,5.32E-13,9.14E-07,0,7.21E-07,0
07/11/2017,5,0.19,0.324988,0.19,1.62E-13,0.123740357,0,8.04E-14,0,0,4.95E-07,0,5.03E-07
07/11/2017,6,0.28,1.036732,0.28,1.44E-14,0.630588214,0,2.20E-14,0,0,6.40E-07,0,5.72E-07
07/11/2017,7,0.24,1.722068,0.24,6.07E-15,1.210233214,0,1.06E-14,0,0,7.25E-07,0,6.00E-07
07/11/2017,8,1.87,2.339755,1.6469965,0.2230035,0.689028871,0,3.04E-14,0,0,3.91E-07,0,6.08E-07
07/11/2017,9,0.43,2.698733,0.43,6.19E-22,1.800248682,0,1.01E-21,0,0,0.299348614,0,0.179609168
07/11/2017,10,0.51,3.003363,0.51,6.22E-28,1.969804228,0,9.68E-28,0,0,0.389993465,0,0.233996079
07/11/2017,11,0.2,3.011132,0.2,2.35E-24,2.178545735,0,4.10E-24,0,0,0.503162733,0,0.30189764
07/11/2017,12,0.19,2.864732,0.19,5.06E-21,2.078673859,0,8.40E-21,0,0,0.448195462,0,0.268917277
07/11/2017,13,0.3,2.470037,0.3,1.66E-13,1.71883753,0,2.82E-13,0,0,0.255825993,0,0.153495596
07/11/2017,14,0.34,2.007996,0.34,3.41E-17,1.355833561,0,5.19E-17,0,0,0.061763094,0,0.037057856
07/11/2017,15,0.59,1.323619,0.59,9.59E-15,0.636925982,0,1.03E-14,0,0,3.67E-07,0,3.53E-07
07/11/2017,16,0.4,0.633319,0.4,9.55E-14,0.219631339,0,2.20E-14,0,0,2.24E-07,0,2.91E-07
07/11/2017,17,0.5,0.214246,0.214246,0.192573348,0,0.093180652,0,2.32E-13,1.06E-06,0,8.28E-07,0
07/11/2017,18,0.42,0,0,0.283043478,0,0.136956522,0,3.20E-13,1.40E-06,0,1.09E-06,0
07/11/2017,19,0.43,0,0,0.289782609,0,0.140217391,0,1.24E-13,8.81E-07,0,6.85E-07,0
07/11/2017,20,0.27,0,0,0.181956522,0,0.088043478,0,8.93E-14,5.93E-07,0,4.58E-07,0
07/11/2017,21,0.33,0,0,0.222391304,0,0.107608696,0,6.52E-14,5.31E-07,0,4.09E-07,0
07/11/2017,22,0.92,0,0,0.62,0,0.3,0,4.39E-14,7.38E-07,0,5.66E-07,0
07/11/2017,23,1.3,0,0,0.876086957,0,0.423913043,0,2.70E-14,7.12E-07,0,5.43E-07,0
08/11/2017,0,0.85,0,0,0.572826087,0,0.277173913,0,3.04E-14,5.75E-07,0,4.39E-07,0
08/11/2017,1,0.31,0,0,0.208913043,0,0.101086957,0,8.52E-14,5.97E-07,0,4.59E-07,0
08/11/2017,2,0.37,0,0,0.249347826,0,0.120652174,0,6.10E-14,5.67E-07,0,4.41E-07,0
08/11/2017,3,0.37,0,0,0.249347826,0,0.120652174,0,6.10E-14,5.67E-07,0,4.41E-07,0
08/11/2017,4,0.37,0.097313,0.097313,0.183767326,0,0.088919674,0,8.64E-14,6.41E-07,0,4.96E-07,0
08/11/2017,5,0.42,0.318423,0.310094493,0.074066755,0,0.035838752,0,3.26E-13,7.91E-07,0,6.14E-07,0
08/11/2017,6,0.43,1.022531,0.43,8.59E-15,0.510694554,0,9.86E-15,0,0,2.49E-07,0,2.68E-07
08/11/2017,7,0.36,1.694313,0.36,1.74E-14,1.101144375,0,2.84E-14,0,0,1.01E-06,0,8.65E-07
08/11/2017,8,0.44,2.281283,0.44,1.31E-17,1.489424789,0,1.89E-17,0,0,0.133181324,0,0.079908794
08/11/2017,9,1.34,2.682788,1.34,5.69E-15,1.186704643,0,5.00E-15,0,0,3.88E-07,0,3.69E-07
08/11/2017,10,1.75,2.879546,1.75,2.64E-14,1.048295893,0,9.83E-15,0,0,4.58E-07,0,4.25E-07
08/11/2017,11,1.65,2.890782,1.65,2.87E-14,1.12964625,0,1.63E-14,0,0,6.84E-07,0,5.43E-07
08/11/2017,12,1.07,2.720839,1.07,1.46E-26,1.396535492,0,2.01E-26,0,0,0.083522456,0,0.050113474
08/11/2017,13,0.38,2.297833,0.38,3.68E-14,1.540846117,0,7.15E-14,0,0,0.160671304,0,0.096402783
08/11/2017,14,0.45,1.910907,0.45,1.72E-14,1.210103839,0,2.73E-14,0,0,4.99E-07,0,6.16E-07
08/11/2017,15,0.41,1.246444,0.41,3.11E-14,0.705088929,0,4.33E-14,0,0,5.38E-07,0,6.28E-07
08/11/2017,16,0.36,0.577537,0.36,4.75E-13,0.203735089,0,1.33E-13,0,0,9.34E-07,0,8.42E-07
08/11/2017,17,0.46,0.235107,0.235107,0.151558326,0,0.073334674,0,3.09E-13,1.11E-06,0,8.66E-07,0
08/11/2017,18,0.42,0,0,0.283043478,0,0.136956522,0,3.20E-13,1.40E-06,0,1.09E-06,0
08/11/2017,19,0.38,0,0,0.256086957,0,0.123913043,0,3.49E-13,1.35E-06,0,1.06E-06,0
08/11/2017,20,0.26,0,0,0.175217391,0,0.084782609,0,1.03E-13,6.25E-07,0,4.83E-07,0
08/11/2017,21,0.26,0,0,0.175217391,0,0.084782609,0,1.03E-13,6.25E-07,0,4.83E-07,0
08/11/2017,22,0.35,0,0,0.235869565,0,0.114130435,0,1.79E-13,9.39E-07,0,7.27E-07,0
08/11/2017,23,0.41,0,0,0.276304348,0,0.133695652,0,9.39E-14,7.50E-07,0,5.84E-07,0
09/11/2017,0,0.66,0,0,0.444782609,0,0.215217391,0,5.00E-14,6.87E-07,0,5.35E-07,0
09/11/2017,1,0.3,0,0,0.202173913,0,0.097826087,0,9.19E-14,6.14E-07,0,4.72E-07,0
09/11/2017,2,0.28,0,0,0.188695652,0,0.091304348,0,8.01E-14,5.70E-07,0,4.40E-07,0
09/11/2017,3,0.23,0,0,0.155,0,0.075,0,1.34E-13,6.83E-07,0,5.31E-07,0
09/11/2017,4,0.21,0.096216,0.096216,0.076680522,0,0.037103478,0,4.79E-13,9.16E-07,0,7.23E-07,0
09/11/2017,5,0.23,0.313537,0.214813189,0.015186811,0.096593408,0,7.53E-14,0,0,3.06E-07,0,3.04E-07
09/11/2017,6,0.23,0.99327,0.23,1.44E-14,0.631824107,0,2.30E-14,0,0,5.90E-07,0,5.65E-07
09/11/2017,7,0.49,1.629769,0.49,1.40E-14,0.955260804,0,2.04E-14,0,0,6.14E-07,0,6.33E-07
09/11/2017,8,0.78,2.261349,0.78,1.84E-21,1.251863351,0,2.49E-21,0,0,0.00618034,0,0.003708204
09/11/2017,9,0.33,2.570269,0.33,4.17E-14,1.772213672,0,6.71E-14,0,0,0.284361022,0,0.170616613
09/11/2017,10,0.34,2.876324,0.34,4.72E-20,1.988726256,0,1.01E-19,0,0,0.400109232,0,0.240065539
09/11/2017,11,0.44,2.876257,0.44,2.08E-27,1.923079696,0,1.97E-27,0,0,0.365014404,0,0.219008643
09/11/2017,12,0.48,2.729118,0.48,2.35E-24,1.78959634,0,3.71E-24,0,0,0.293653843,0,0.176192306
09/11/2017,13,0.5,2.382377,0.5,2.62E-21,1.523749892,0,4.21E-21,0,0,0.151531616,0,0.09091897
09/11/2017,14,0.27,1.904839,0.27,1.74E-26,1.326564584,0,2.85E-26,0,0,0.04611582,0,0.027669492
09/11/2017,15,0.24,1.282811,0.24,5.89E-15,0.857258839,0,9.87E-15,0,0,4.60E-07,0,4.14E-07
09/11/2017,16,0.37,0.627973,0.37,3.98E-14,0.237031875,0,1.88E-14,0,0,1.88E-07,0,2.55E-07
09/11/2017,17,0.55,0.211556,0.211556,0.228081826,0,0.110362174,0,1.71E-13,1.01E-06,0,7.94E-07,0
09/11/2017,18,0.37,0,0,0.249347826,0,0.120652174,0,6.10E-14,5.67E-07,0,4.41E-07,0
09/11/2017,19,0.69,0,0,0.465,0,0.225,0,7.73E-14,8.62E-07,0,6.75E-07,0
09/11/2017,20,1.06,0,0,0.714347826,0,0.345652174,0,9.86E-14,1.29E-06,0,9.96E-07,0
09/11/2017,21,0.72,0,0,0.485217391,0,0.234782609,0,6.24E-14,7.95E-07,0,6.22E-07,0
09/11/2017,22,0.67,0,0,0.451521739,0,0.218478261,0,7.63E-14,8.42E-07,0,6.59E-07,0
09/11/2017,23,0.62,0,0,0.417826087,0,0.202173913,0,7.85E-14,8.25E-07,0,6.43E-07,0
10/11/2017,0,0.93,0,0,0.62673913,0,0.30326087,0,7.38E-14,9.64E-07,0,7.40E-07,0
10/11/2017,1,0.57,0,0,0.384130435,0,0.185869565,0,7.42E-14,7.91E-07,0,6.10E-07,0
10/11/2017,2,0.67,0,0,0.451521739,0,0.218478261,0,7.63E-14,8.42E-07,0,6.59E-07,0
10/11/2017,3,0.29,0,0,0.195434783,0,0.094565217,0,9.60E-14,6.28E-07,0,4.83E-07,0
10/11/2017,4,0.3,0.141509,0.141509,0.106809152,0,0.051681848,0,1.15E-13,5.51E-07,0,4.25E-07,0
10/11/2017,5,0.31,0.290888,0.276260258,0.022737652,0,0.01100209,0,1.11E-12,8.34E-07,0,6.52E-07,0
10/11/2017,6,0.38,0.713367,0.38,2.58E-14,0.298419911,0,1.92E-14,0,0,2.91E-07,0,2.98E-07
10/11/2017,7,0.46,1.30187,0.46,3.31E-14,0.713466964,0,4.41E-14,0,0,4.98E-07,0,5.96E-07
10/11/2017,8,0.52,2.16437,0.52,7.95E-17,1.351732974,0,1.19E-16,0,0,0.059570909,0,0.035742545
10/11/2017,9,2.83,2.644541,2.51267153,0.213851795,0,0.103476675,0,7.17E-14,6.25E-07,0,4.92E-07,0
10/11/2017,10,1.52,2.875961,1.52,8.93E-15,1.211754375,0,6.80E-15,0,0,4.20E-07,0,4.33E-07
10/11/2017,11,3.02,3.02368,2.279247213,0.740752787,0.744432787,0,1.94E-14,0,0,6.51E-07,0,5.85E-07
10/11/2017,12,1.37,2.803706,1.37,5.19E-14,1.259972588,0,4.77E-14,0,0,0.011484297,0,0.006890578
10/11/2017,13,0.35,2.502113,0.35,1.33E-28,1.709417697,0,3.03E-28,0,0,0.250790125,0,0.150474075
10/11/2017,14,0.4,2.009249,0.4,1.74E-19,1.317388191,0,3.04E-19,0,0,0.041210096,0,0.024726057
10/11/2017,15,0.24,1.24882,0.24,7.40E-15,0.829944643,0,1.23E-14,0,0,4.41E-07,0,4.07E-07
10/11/2017,16,0.41,0.622965,0.41,4.99E-13,0.204079018,0,2.70E-14,0,0,2.37E-07,0,2.74E-07
10/11/2017,17,0.44,0.280036,0.279440492,0.108203147,0,0.052356361,0,2.27E-13,8.16E-07,0,6.38E-07,0
10/11/2017,18,0.31,0,0,0.208913043,0,0.101086957,0,8.52E-14,5.97E-07,0,4.59E-07,0
10/11/2017,19,0.31,0,0,0.208913043,0,0.101086957,0,8.52E-14,5.97E-07,0,4.59E-07,0
10/11/2017,20,0.47,0,0,0.31673913,0,0.15326087,0,1.52E-13,1.03E-06,0,7.99E-07,0
10/11/2017,21,0.37,0,0,0.249347826,0,0.120652174,0,6.10E-14,5.67E-07,0,4.41E-07,0
10/11/2017,22,0.33,0,0,0.222391304,0,0.107608696,0,6.52E-14,5.31E-07,0,4.09E-07,0
10/11/2017,23,0.31,0,0,0.208913043,0,0.101086957,0,8.52E-14,5.97E-07,0,4.59E-07,0
11/11/2017,0,1,0,0,0.673913043,0,0.326086957,0,9.32E-14,1.16E-06,0,8.99E-07,0
11/11/2017,1,0.33,0,0,0.222391304,0,0.107608696,0,6.52E-14,5.31E-07,0,4.09E-07,0
11/11/2017,2,0.28,0,0,0.188695652,0,0.091304348,0,8.01E-14,5.70E-07,0,4.40E-07,0
11/11/2017,3,0.33,0,0,0.222391304,0,0.107608696,0,6.52E-14,5.31E-07,0,4.09E-07,0
11/11/2017,4,0.28,0.143143,0.143143,0.092229717,0,0.044627283,0,1.34E-13,5.55E-07,0,4.28E-07,0
11/11/2017,5,0.34,0.352633,0.262813492,0.077186508,0.089819508,0,2.41E-13,0,0,4.56E-07,0,4.33E-07
11/11/2017,6,0.4,0.657381,0.4,1.49E-13,0.238966875,0,5.48E-14,0,0,5.51E-07,0,5.21E-07
11/11/2017,7,0.45,0.851886,0.45,4.91E-14,0.359104821,0,3.75E-14,0,0,5.75E-07,0,5.46E-07
11/11/2017,8,0.21,0.594531,0.21,6.24E-14,0.325873125,0,8.32E-14,0,0,5.53E-07,0,5.64E-07
11/11/2017,9,0.29,0.905881,0.29,1.31E-14,0.518207946,0,1.85E-14,0,0,5.45E-07,0,4.70E-07
11/11/2017,10,0.32,2.641482,0.32,1.49E-19,1.83067801,0,2.68E-19,0,0,0.315616214,0,0.189369728
11/11/2017,11,0.35,1.989925,0.35,3.83E-18,1.336102494,0,6.19E-18,0,0,0.051214812,0,0.030728887
11/11/2017,12,0.24,1.57698,0.24,2.65E-15,1.093644643,0,4.59E-15,0,0,3.77E-07,0,3.42E-07
11/11/2017,13,0.28,0.629377,0.28,4.74E-14,0.303249375,0,5.08E-14,0,0,5.85E-07,0,5.69E-07
11/11/2017,14,0.37,0.440519,0.314853918,0.055146082,0.125665082,0,1.34E-13,0,0,6.13E-07,0,5.83E-07
11/11/2017,15,0.37,0.321396,0.307852784,0.041881819,0,0.020265396,0,6.45E-13,8.39E-07,0,6.52E-07,0
11/11/2017,16,0.42,0.288713,0.284894862,0.091049115,0,0.044056023,0,2.87E-13,8.42E-07,0,6.57E-07,0
11/11/2017,17,0.31,0.196883,0.196526454,0.076471303,0,0.037002243,0,7.86E-13,1.14E-06,0,8.88E-07,0
11/11/2017,18,0.28,0,0,0.188695652,0,0.091304348,0,8.01E-14,5.70E-07,0,4.40E-07,0
11/11/2017,19,0.26,0,0,0.175217391,0,0.084782609,0,1.03E-13,6.25E-07,0,4.83E-07,0
11/11/2017,20,0.25,0,0,0.168478261,0,0.081521739,0,1.63E-13,7.79E-07,0,6.03E-07,0
11/11/2017,21,0.25,0,0,0.168478261,0,0.081521739,0,1.63E-13,7.79E-07,0,6.03E-07,0
11/11/2017,22,0.23,0,0,0.155,0,0.075,0,1.34E-13,6.83E-07,0,5.31E-07,0
11/11/2017,23,0.24,0,0,0.16173913,0,0.07826087,0,1.70E-13,7.88E-07,0,6.12E-07,0
12/11/2017,0,0.52,0,0,0.350434783,0,0.169565217,0,8.97E-14,8.49E-07,0,6.61E-07,0
12/11/2017,1,0.31,0,0,0.208913043,0,0.101086957,0,8.52E-14,5.97E-07,0,4.59E-07,0
12/11/2017,2,0.28,0,0,0.188695652,0,0.091304348,0,8.01E-14,5.70E-07,0,4.40E-07,0
12/11/2017,3,0.3,0,0,0.202173913,0,0.097826087,0,9.19E-14,6.14E-07,0,4.72E-07,0
12/11/2017,4,0.32,0.146385,0.146385,0.117001413,0,0.056613587,0,1.05E-13,5.49E-07,0,4.23E-07,0
12/11/2017,5,0.38,0.32693,0.313499324,0.044815673,0,0.021685003,0,5.44E-13,7.94E-07,0,6.16E-07,0
12/11/2017,6,0.34,0.595593,0.34,1.43E-13,0.232708661,0,8.12E-14,0,0,7.10E-07,0,6.59E-07
12/11/2017,7,0.38,1.645393,0.38,1.26E-14,1.047369375,0,2.02E-14,0,0,7.61E-07,0,6.78E-07
12/11/2017,8,0.55,1.801692,0.55,1.36E-14,1.050020357,0,1.97E-14,0,0,7.56E-07,0,6.96E-07
12/11/2017,9,0.8,1.593403,0.8,2.39E-14,0.701841696,0,2.07E-14,0,0,6.19E-07,0,5.69E-07
12/11/2017,10,0.32,1.84602,0.32,2.41E-21,1.250894691,0,4.10E-21,0,0,0.005662492,0,0.003397495
12/11/2017,11,0.33,3.017315,0.33,1.36E-22,2.09804924,0,2.19E-22,0,0,0.458553594,0,0.275132156
12/11/2017,12,0.4,2.839956,0.4,6.70E-27,1.922860308,0,6.44E-27,0,0,0.364897119,0,0.218938271
12/11/2017,13,0.34,2.53418,0.34,9.60E-20,1.73934994,0,1.78E-19,0,0,0.266791982,0,0.160075189
12/11/2017,14,0.35,2.045356,0.35,1.09E-17,1.376504133,0,1.67E-17,0,0,0.072813638,0,0.043688183
12/11/2017,15,0.38,1.362933,0.38,2.02E-14,0.820392589,0,3.04E-14,0,0,4.76E-07,0,5.58E-07
12/11/2017,16,0.35,0.649526,0.35,2.71E-14,0.268815536,0,1.94E-14,0,0,2.75E-07,0,2.86E-07
12/11/2017,17,0.29,0.226439,0.219690117,0.047382747,0,0.022927136,0,1.39E-12,1.32E-06,0,1.02E-06,0
12/11/2017,18,0.65,0,0,0.438043478,0,0.211956522,0,4.98E-14,6.79E-07,0,5.29E-07,0
12/11/2017,19,0.48,0,0,0.323478261,0,0.156521739,0,1.16E-13,9.20E-07,0,7.15E-07,0
12/11/2017,20,0.4,0,0,0.269565217,0,0.130434783,0,9.36E-14,7.27E-07,0,5.71E-07,0
12/11/2017,21,0.36,0,0,0.242608696,0,0.117391304,0,2.18E-13,1.07E-06,0,8.27E-07,0
12/11/2017,22,0.55,0,0,0.370652174,0,0.179347826,0,8.40E-14,8.37E-07,0,6.49E-07,0
12/11/2017,23,0.65,0,0,0.438043478,0,0.211956522,0,4.98E-14,6.79E-07,0,5.29E-07,0
13/11/2017,0,1.12,0,0,0.754782609,0,0.365217391,0,7.40E-14,1.12E-06,0,8.62E-07,0
13/11/2017,1,0.96,0,0,0.646956522,0,0.313043478,0,2.70E-14,5.99E-07,0,4.61E-07,0
13/11/2017,2,0.35,0,0,0.235869565,0,0.114130435,0,1.79E-13,9.39E-07,0,7.27E-07,0
13/11/2017,3,0.26,0,0,0.175217391,0,0.084782609,0,1.03E-13,6.25E-07,0,4.83E-07,0
13/11/2017,4,0.28,0.135837,0.135837,0.097153326,0,0.047009674,0,1.85E-13,6.72E-07,0,5.19E-07,0
13/11/2017,5,0.23,0.32801,0.221691007,0.008308993,0.103249361,0,6.62E-14,0,0,2.88E-07,0,2.94E-07
13/11/2017,6,0.18,0.814792,0.18,7.34E-15,0.524565,0,1.19E-14,0,0,3.36E-07,0,3.28E-07
13/11/2017,7,0.44,1.242782,0.44,3.21E-14,0.680449821,0,4.27E-14,0,0,4.90E-07,0,5.97E-07
13/11/2017,8,0.37,2.319782,0.37,1.51E-15,1.563403718,0,2.48E-15,0,0,0.172730658,0,0.103638395
13/11/2017,9,0.38,2.789472,0.38,4.18E-15,1.899183902,0,4.82E-15,0,0,0.352239649,0,0.211343789
13/11/2017,10,0.39,3.119805,0.39,4.61E-22,2.133311428,0,7.33E-22,0,0,0.477867232,0,0.286720339
13/11/2017,11,0.4,2.931332,0.4,4.75E-19,1.989460951,0,9.48E-19,0,0,0.400502002,0,0.240301201
13/11/2017,12,0.37,2.861732,0.37,1.39E-23,1.95841136,0,1.38E-23,0,0,0.383902807,0,0.230341684
13/11/2017,13,0.32,1.701253,0.32,4.04E-15,1.135649732,0,6.75E-15,0,0,5.42E-07,0,4.49E-07
13/11/2017,14,0.39,1.394702,0.39,1.99E-14,0.838689107,0,2.99E-14,0,0,5.07E-07,0,5.72E-07
13/11/2017,15,0.25,0.744659,0.25,4.66E-14,0.417583125,0,6.41E-14,0,0,8.28E-07,0,7.56E-07
13/11/2017,16,0.33,0.606306,0.33,5.24E-14,0.248549464,0,3.63E-14,0,0,4.49E-07,0,4.38E-07
13/11/2017,17,0.4,0.240123,0.240123,0.107743196,0,0.052133804,0,5.27E-13,1.23E-06,0,9.58E-07,0
13/11/2017,18,0.4,0,0,0.269565217,0,0.130434783,0,9.36E-14,7.27E-07,0,5.71E-07,0
13/11/2017,19,0.45,0,0,0.30326087,0,0.14673913,0,1.90E-13,1.14E-06,0,8.86E-07,0
13/11/2017,20,0.52,0,0,0.350434783,0,0.169565217,0,8.97E-14,8.49E-07,0,6.61E-07,0
13/11/2017,21,0.47,0,0,0.31673913,0,0.15326087,0,1.52E-13,1.03E-06,0,7.99E-07,0
13/11/2017,22,0.51,0,0,0.343695652,0,0.166304348,0,9.48E-14,8.79E-07,0,6.87E-07,0
13/11/2017,23,0.41,0,0,0.276304348,0,0.133695652,0,9.39E-14,7.50E-07,0,5.84E-07,0
14/11/2017,0,0.35,0,0,0.235869565,0,0.114130435,0,1.79E-13,9.39E-07,0,7.27E-07,0
14/11/2017,1,0.29,0,0,0.195434783,0,0.094565217,0,9.60E-14,6.28E-07,0,4.83E-07,0
14/11/2017,2,0.24,0,0,0.16173913,0,0.07826087,0,1.70E-13,7.88E-07,0,6.12E-07,0
14/11/2017,3,0.18,0,0,0.121304348,0,0.058695652,0,6.27E-13,1.23E-06,0,9.69E-07,0
14/11/2017,4,0.21,0.082046,0.082046,0.08622987,0,0.04172413,0,4.56E-13,9.33E-07,0,7.32E-07,0
14/11/2017,5,0.17,0.380386,0.17,3.45E-14,0.182720893,0,3.68E-14,0,0,2.46E-07,0,3.11E-07
14/11/2017,6,0.2,0.765333,0.2,9.20E-15,0.470356875,0,1.42E-14,0,0,3.60E-07,0,3.33E-07
14/11/2017,7,0.58,1.435291,0.58,2.22E-14,0.733894554,0,2.66E-14,0,0,5.71E-07,0,6.06E-07
14/11/2017,8,0.52,2.400143,0.52,1.69E-15,1.523579338,0,2.46E-15,0,0,0.151440438,0,0.090864263
14/11/2017,9,0.47,2.78281,0.47,1.17E-17,1.835290259,0,1.42E-17,0,0,0.318081935,0,0.190849161
14/11/2017,10,3.07,3.039321,2.870382901,0.134524567,0,0.065092532,0,2.35E-13,8.17E-07,0,6.10E-07,0
14/11/2017,11,1.05,1.176032,0.855852328,0.194147672,0.320179672,0,7.90E-14,0,0,5.02E-07,0,7.08E-07
14/11/2017,12,1.85,1.11594,1.11594,0.494692609,0,0.239367391,0,3.71E-14,6.65E-07,0,5.07E-07,0
14/11/2017,13,2.8,2.278948,2.199722336,0.404534948,0,0.195742717,0,6.66E-14,7.68E-07,0,5.84E-07,0
14/11/2017,14,1.28,1.391882,1.022103967,0.257896033,0.369778033,0,2.06E-14,0,0,2.60E-07,0,2.80E-07
14/11/2017,15,2.99,1.276224,1.276224,1.174732626,0,0.539043374,0,3.73E-16,0.020868943,0,0.018212896,0
14/11/2017,16,1.17,0.614928,0.614928,0.374070261,0,0.181001739,0,1.80E-13,1.23E-06,0,9.42E-07,0
14/11/2017,17,1.01,0.225252,0.225252,0.528851913,0,0.255896087,0,4.45E-14,7.47E-07,0,5.78E-07,0
14/11/2017,18,1.34,0,0,0.903043478,0,0.436956522,0,2.04E-14,6.78E-07,0,5.19E-07,0
14/11/2017,19,0.72,0,0,0.485217391,0,0.234782609,0,6.24E-14,7.95E-07,0,6.22E-07,0
14/11/2017,20,0.49,0,0,0.330217391,0,0.159782609,0,1.04E-13,8.89E-07,0,6.95E-07,0
14/11/2017,21,0.58,0,0,0.390869565,0,0.189130435,0,8.14E-14,8.18E-07,0,6.47E-07,0
14/11/2017,22,0.59,0,0,0.397608696,0,0.192391304,0,8.91E-14,8.65E-07,0,6.80E-07,0
14/11/2017,23,0.48,0,0,0.323478261,0,0.156521739,0,1.16E-13,9.20E-07,0,7.15E-07,0
15/11/2017,0,0.39,0,0,0.262826087,0,0.127173913,0,3.46E-13,1.38E-06,0,1.08E-06,0
15/11/2017,1,0.98,0,0,0.660434783,0,0.319565217,0,9.62E-14,1.15E-06,0,8.88E-07,0
15/11/2017,2,0.73,0,0,0.491956522,0,0.238043478,0,5.13E-14,7.22E-07,0,5.65E-07,0
15/11/2017,3,0.3,0,0,0.202173913,0,0.097826087,0,9.19E-14,6.14E-07,0,4.72E-07,0
15/11/2017,4,0.27,0.144271,0.144271,0.084730413,0,0.040998587,0,1.86E-13,6.27E-07,0,4.84E-07,0
15/11/2017,5,0.34,0.324901,0.307967658,0.021587013,0,0.010445329,0,1.22E-12,8.37E-07,0,6.52E-07,0
15/11/2017,6,0.42,0.9273,0.42,3.60E-14,0.441401786,0,3.76E-14,0,0,5.84E-07,0,5.86E-07
15/11/2017,7,0.46,1.479366,0.46,1.67E-14,0.856097679,0,2.39E-14,0,0,5.07E-07,0,5.59E-07
15/11/2017,8,0.47,2.354294,0.47,2.33E-28,1.522960533,0,3.98E-28,0,0,0.151109623,0,0.090665774
15/11/2017,9,1.56,2.783122,1.56,2.87E-14,1.108223036,0,1.77E-14,0,0,7.02E-07,0,5.70E-07
15/11/2017,10,0.49,2.949783,0.49,4.79E-14,1.94387126,0,8.24E-14,0,0,0.37612963,0,0.225677778
15/11/2017,11,0.24,1.712253,0.24,8.06E-15,1.202346161,0,1.41E-14,0,0,6.69E-07,0,6.31E-07
15/11/2017,12,2.12,2.838589,1.95558905,0.16441095,0.86669908,0,2.15E-14,0,0,7.50E-07,0,6.50E-07
15/11/2017,13,0.3,1.530006,0.3,9.63E-15,1.012504821,0,1.60E-14,0,0,5.63E-07,0,5.83E-07
15/11/2017,14,0.21,0.718703,0.21,1.36E-14,0.425654196,0,2.01E-14,0,0,3.86E-07,0,3.93E-07
15/11/2017,15,0.28,0.820205,0.28,2.68E-14,0.456593304,0,3.65E-14,0,0,5.54E-07,0,5.86E-07
15/11/2017,16,0.46,0.243544,0.243544,0.145872522,0,0.070583478,0,2.87E-13,1.05E-06,0,8.18E-07,0
15/11/2017,17,0.46,0.076291,0.076291,0.2585865,0,0.1251225,0,2.67E-13,1.29E-06,0,9.97E-07,0
15/11/2017,18,0.4,0,0,0.269565217,0,0.130434783,0,9.36E-14,7.27E-07,0,5.71E-07,0
15/11/2017,19,0.36,0,0,0.242608696,0,0.117391304,0,2.18E-13,1.07E-06,0,8.27E-07,0
15/11/2017,20,0.54,0,0,0.363913043,0,0.176086957,0,8.84E-14,8.55E-07,0,6.64E-07,0
15/11/2017,21,0.51,0,0,0.343695652,0,0.166304348,0,9.48E-14,8.79E-07,0,6.87E-07,0
15/11/2017,22,0.64,0,0,0.431304348,0,0.208695652,0,4.80E-14,6.62E-07,0,5.15E-07,0
15/11/2017,23,0.52,0,0,0.350434783,0,0.169565217,0,8.97E-14,8.49E-07,0,6.61E-07,0
16/11/2017,0,0.78,0,0,0.525652174,0,0.254347826,0,3.72E-14,6.31E-07,0,4.91E-07,0
16/11/2017,1,0.24,0,0,0.16173913,0,0.07826087,0,1.70E-13,7.88E-07,0,6.12E-07,0
16/11/2017,2,0.27,0,0,0.181956522,0,0.088043478,0,8.93E-14,5.93E-07,0,4.58E-07,0
16/11/2017,3,0.28,0,0,0.188695652,0,0.091304348,0,8.01E-14,5.70E-07,0,4.40E-07,0
16/11/2017,4,0.31,0.085236,0.085236,0.151471391,0,0.073292609,0,1.52E-13,7.40E-07,0,5.75E-07,0
16/11/2017,5,0.26,0.315271,0.224154115,0.035845885,0.091116885,0,1.01E-13,0,0,4.18E-07,0,3.81E-07
16/11/2017,6,0.29,1.02451,0.29,1.27E-14,0.613534821,0,1.90E-14,0,0,5.12E-07,0,4.80E-07
16/11/2017,7,0.39,1.781771,0.39,2.77E-15,1.149726696,0,4.49E-15,0,0,3.56E-07,0,3.40E-07
16/11/2017,8,0.6,2.355227,0.6,9.69E-20,1.438363518,0,1.48E-19,0,0,0.105883831,0,0.063530299
16/11/2017,9,0.52,2.868746,0.52,3.53E-16,1.86512702,0,3.66E-16,0,0,0.334032748,0,0.200419649
16/11/2017,10,0.44,3.084009,0.44,1.79E-21,2.074502572,0,2.82E-21,0,0,0.445965481,0,0.267579289
16/11/2017,11,0.33,3.054796,0.33,5.39E-19,2.125321561,0,8.68E-19,0,0,0.473399214,0,0.284039528
16/11/2017,12,1.25,2.729159,1.25,2.84E-24,1.284472248,0,2.94E-24,0,0,0.023909183,0,0.01434551
16/11/2017,13,0.6,2.294499,0.6,1.27E-15,1.394101088,0,1.65E-15,0,0,0.082221017,0,0.04933261
16/11/2017,14,0.47,2.078686,0.47,2.61E-17,1.322079886,0,4.06E-17,0,0,0.043718289,0,0.026230973
16/11/2017,15,3.33,1.371268,1.371268,1.373786065,0,0.584945935,0,2.16E-24,0.056683619,0,0.04946934,0
16/11/2017,16,0.47,0.55539,0.397821148,0.072178852,0.157568852,0,3.89E-14,0,0,2.78E-07,0,2.90E-07
16/11/2017,17,0.46,0.275722,0.275722,0.124187348,0,0.060090652,0,3.47E-13,1.08E-06,0,8.42E-07,0
16/11/2017,18,0.57,0,0,0.384130435,0,0.185869565,0,7.42E-14,7.91E-07,0,6.10E-07,0
16/11/2017,19,0.46,0,0,0.31,0,0.15,0,2.00E-13,1.17E-06,0,9.06E-07,0
16/11/2017,20,0.38,0,0,0.256086957,0,0.123913043,0,3.49E-13,1.35E-06,0,1.06E-06,0
16/11/2017,21,0.29,0,0,0.195434783,0,0.094565217,0,9.60E-14,6.28E-07,0,4.83E-07,0
16/11/2017,22,0.6,0,0,0.404347826,0,0.195652174,0,4.03E-14,5.74E-07,0,4.48E-07,0
16/11/2017,23,0.69,0,0,0.465,0,0.225,0,7.73E-14,8.62E-07,0,6.75E-07,0
17/11/2017,0,0.53,0,0,0.357173913,0,0.172826087,0,7.95E-14,8.04E-07,0,6.26E-07,0
17/11/2017,1,0.32,0,0,0.215652174,0,0.104347826,0,7.97E-14,5.84E-07,0,4.49E-07,0
17/11/2017,2,0.31,0,0,0.208913043,0,0.101086957,0,8.52E-14,5.97E-07,0,4.59E-07,0
17/11/2017,3,0.23,0,0,0.155,0,0.075,0,1.34E-13,6.83E-07,0,5.31E-07,0
17/11/2017,4,0.23,0.10691,0.10691,0.082951957,0,0.040138043,0,3.64E-13,8.64E-07,0,6.81E-07,0
17/11/2017,5,0.24,0.339791,0.230151063,0.009848937,0.106597803,0,5.50E-14,0,0,2.86E-07,0,2.83E-07
17/11/2017,6,0.2,1.003822,0.2,1.48E-14,0.661999821,0,2.45E-14,0,0,6.33E-07,0,5.89E-07
17/11/2017,7,0.46,1.734321,0.46,1.18E-14,1.060972232,0,1.80E-14,0,0,6.97E-07,0,6.45E-07
17/11/2017,8,1.39,2.186085,1.39,5.83E-14,0.751407589,0,1.18E-14,0,0,4.79E-07,0,4.74E-07
17/11/2017,9,0.57,2.678067,0.57,2.00E-26,1.693349169,0,3.96E-26,0,0,0.242199847,0,0.145319908
17/11/2017,10,0.41,2.936277,0.41,1.67E-21,1.986505409,0,2.81E-21,0,0,0.398921961,0,0.239353177
17/11/2017,11,0.39,2.58209,0.39,3.48E-23,1.741470933,0,7.55E-23,0,0,0.267925871,0,0.160755522
17/11/2017,12,0.55,2.419007,0.55,4.32E-15,1.517649304,0,6.52E-15,0,0,0.148270225,0,0.088962135
17/11/2017,13,1.54,2.46425,1.54,4.10E-14,0.866450893,0,1.11E-14,0,0,4.67E-07,0,4.67E-07
17/11/2017,14,0.44,1.362254,0.44,2.27E-14,0.776454107,0,3.20E-14,0,0,4.71E-07,0,5.57E-07
17/11/2017,15,0.22,0.893609,0.22,8.64E-15,0.558971518,0,1.36E-14,0,0,4.42E-07,0,4.00E-07
17/11/2017,16,0.3,0.691745,0.3,2.52E-14,0.338902232,0,2.80E-14,0,0,4.39E-07,0,4.38E-07
17/11/2017,17,0.39,0.205523,0.205523,0.124321457,0,0.060155543,0,4.49E-13,1.11E-06,0,8.76E-07,0
17/11/2017,18,0.6,0,0,0.404347826,0,0.195652174,0,4.03E-14,5.74E-07,0,4.48E-07,0
17/11/2017,19,0.46,0,0,0.31,0,0.15,0,2.00E-13,1.17E-06,0,9.06E-07,0
17/11/2017,20,0.33,0,0,0.222391304,0,0.107608696,0,6.52E-14,5.31E-07,0,4.09E-07,0
17/11/2017,21,0.65,0,0,0.438043478,0,0.211956522,0,4.98E-14,6.79E-07,0,5.29E-07,0
17/11/2017,22,0.65,0,0,0.438043478,0,0.211956522,0,4.98E-14,6.79E-07,0,5.29E-07,0
17/11/2017,23,0.43,0,0,0.289782609,0,0.140217391,0,1.24E-13,8.81E-07,0,6.85E-07,0
18/11/2017,0,0.67,0,0,0.451521739,0,0.218478261,0,7.63E-14,8.42E-07,0,6.59E-07,0
18/11/2017,1,0.87,0,0,0.586304348,0,0.283695652,0,2.61E-14,5.48E-07,0,4.20E-07,0
18/11/2017,2,0.29,0,0,0.195434783,0,0.094565217,0,9.60E-14,6.28E-07,0,4.83E-07,0
18/11/2017,3,0.25,0,0,0.168478261,0,0.081521739,0,1.63E-13,7.79E-07,0,6.03E-07,0
18/11/2017,4,0.22,0.025807,0.025807,0.130869196,0,0.063323804,0,1.32E-13,6.61E-07,0,5.12E-07,0
18/11/2017,5,0.2,0.098031,0.098031,0.068718239,0,0.033250761,0,5.22E-13,9.06E-07,0,7.15E-07,0
18/11/2017,6,0.26,0.185133,0.18179689,0.052702096,0,0.025501014,0,1.32E-12,1.22E-06,0,9.45E-07,0
18/11/2017,7,0.3,0.276784,0.263344757,0.024702446,0,0.011952797,0,1.35E-12,9.70E-07,0,7.61E-07,0
18/11/2017,8,0.53,0.474323,0.452806232,0.052021887,0,0.025171881,0,5.87E-13,8.93E-07,0,6.96E-07,0
18/11/2017,9,0.51,0.373161,0.365096607,0.097652286,0,0.047251106,0,1.29E-13,5.42E-07,0,4.16E-07,0
18/11/2017,10,0.51,0.440471,0.422188064,0.059177609,0,0.028634327,0,5.29E-13,9.34E-07,0,7.35E-07,0
18/11/2017,11,1.92,0.676745,0.676745,0.837845761,0,0.405409239,0,5.98E-14,1.09E-06,0,8.71E-07,0
18/11/2017,12,1.28,0.392989,0.392989,0.597768283,0,0.289242717,0,4.86E-14,8.63E-07,0,6.69E-07,0
18/11/2017,13,1.38,0.346334,0.346334,0.696601,0,0.337065,0,5.26E-14,9.97E-07,0,7.78E-07,0
18/11/2017,14,0.23,0.303344,0.2099693,0.0200307,0.091905774,0,7.80E-14,0,0,3.05E-07,0,3.00E-07
18/11/2017,15,0.36,0.216764,0.216764,0.096528609,0,0.046707391,0,5.96E-13,1.19E-06,0,9.31E-07,0
18/11/2017,16,0.37,0.174933,0.174933,0.131458196,0,0.063608804,0,4.93E-13,1.20E-06,0,9.25E-07,0
18/11/2017,17,1.37,0.112319,0.112319,0.84756763,0,0.41011337,0,5.61E-14,1.05E-06,0,8.17E-07,0
18/11/2017,18,0.71,0,0,0.478478261,0,0.231521739,0,7.02E-14,8.36E-07,0,6.52E-07,0
18/11/2017,19,0.52,0,0,0.350434783,0,0.169565217,0,8.97E-14,8.49E-07,0,6.61E-07,0
18/11/2017,20,0.34,0,0,0.229130435,0,0.110869565,0,6.68E-14,5.46E-07,0,4.22E-07,0
18/11/2017,21,0.32,0,0,0.215652174,0,0.104347826,0,7.97E-14,5.84E-07,0,4.49E-07,0
18/11/2017,22,0.24,0,0,0.16173913,0,0.07826087,0,1.70E-13,7.88E-07,0,6.12E-07,0
18/11/2017,23,0.41,0,0,0.276304348,0,0.133695652,0,9.39E-14,7.50E-07,0,5.84E-07,0
19/11/2017,0,0.89,0,0,0.599782609,0,0.290217391,0,3.26E-14,6.12E-07,0,4.66E-07,0
19/11/2017,1,0.99,0,0,0.667173913,0,0.322826087,0,9.41E-14,1.15E-06,0,8.90E-07,0
19/11/2017,2,1.04,0,0,0.700869565,0,0.339130435,0,7.50E-14,1.09E-06,0,8.49E-07,0
19/11/2017,3,1.01,0,0,0.680652174,0,0.329347826,0,9.58E-14,1.19E-06,0,9.25E-07,0
19/11/2017,4,0.97,0.026109,0.026109,0.636100457,0,0.307790543,0,2.75E-14,6.47E-07,0,4.97E-07,0
19/11/2017,5,1.01,0.097813,0.097813,0.614734717,0,0.297452283,0,4.38E-14,7.98E-07,0,6.21E-07,0
19/11/2017,6,0.95,0.350092,0.350092,0.404285826,0,0.195622174,0,1.74E-13,1.27E-06,0,9.82E-07,0
19/11/2017,7,0.76,1.363175,0.76,7.70E-14,0.545765625,0,4.87E-14,0,0,8.85E-07,0,8.27E-07
19/11/2017,8,1.03,0.628861,0.628861,0.270332804,0,0.130806196,0,1.82E-13,1.10E-06,0,8.42E-07,0
19/11/2017,9,0.35,1.419463,0.35,1.73E-14,0.887514911,0,2.71E-14,0,0,5.51E-07,0,5.94E-07
19/11/2017,10,0.24,2.681395,0.24,4.55E-18,1.912247325,0,1.21E-17,0,0,0.359223389,0,0.215534034
19/11/2017,11,1.22,2.905055,1.22,3.17E-15,1.432407245,0,4.29E-15,0,0,0.102699591,0,0.061619755
19/11/2017,12,2.5,2.771697,2.023321426,0.476678574,0.748375574,0,2.00E-14,0,0,7.61E-07,0,6.35E-07
19/11/2017,13,2.22,2.460436,1.796287148,0.423712852,0.664148852,0,2.50E-14,0,0,7.02E-07,0,6.08E-07
19/11/2017,14,0.45,1.908469,0.45,1.47E-14,1.208144732,0,2.34E-14,0,0,4.67E-07,0,5.83E-07
19/11/2017,15,1.8,1.324293,1.294729158,0.340508611,0,0.164762231,0,4.83E-14,7.11E-07,0,5.57E-07,0
19/11/2017,16,0.45,0.648459,0.436927374,0.013072626,0.205091007,0,3.05E-14,0,0,2.32E-07,0,2.59E-07
19/11/2017,17,1.66,0.207878,0.207878,0.978603957,0,0.473518043,0,1.78E-14,6.34E-07,0,4.84E-07,0
19/11/2017,18,1.57,0,0,1.058043478,0,0.511956522,0,2.29E-14,6.81E-07,0,5.19E-07,0
19/11/2017,19,0.57,0,0,0.384130435,0,0.185869565,0,7.42E-14,7.91E-07,0,6.10E-07,0
19/11/2017,20,2.01,0,0,1.415502952,0,0.594497048,0,5.09E-19,0.064238528,0,0.056062716,0
19/11/2017,21,0.95,0,0,0.640217391,0,0.309782609,0,2.66E-14,6.00E-07,0,4.63E-07,0
19/11/2017,22,0.64,0,0,0.431304348,0,0.208695652,0,4.80E-14,6.62E-07,0,5.15E-07,0
19/11/2017,23,0.45,0,0,0.30326087,0,0.14673913,0,1.90E-13,1.14E-06,0,8.86E-07,0
20/11/2017,0,0.75,0,0,0.505434783,0,0.244565217,0,2.58E-14,5.13E-07,0,4.03E-07,0
20/11/2017,1,0.78,0,0,0.525652174,0,0.254347826,0,3.72E-14,6.31E-07,0,4.91E-07,0
20/11/2017,2,0.94,0,0,0.633478261,0,0.306521739,0,3.24E-14,6.36E-07,0,4.87E-07,0
20/11/2017,3,0.85,0,0,0.572826087,0,0.277173913,0,3.04E-14,5.75E-07,0,4.39E-07,0
20/11/2017,4,0.74,0.079573,0.079573,0.44507037,0,0.21535663,0,2.94E-14,5.40E-07,0,4.16E-07,0
20/11/2017,5,0.7,0.289842,0.289842,0.276410826,0,0.133747174,0,8.19E-14,7.58E-07,0,5.86E-07,0
20/11/2017,6,0.75,0.975783,0.67832304,0.07167696,0.293538426,0,2.89E-14,0,0,3.69E-07,0,4.09E-07
20/11/2017,7,0.72,1.682799,0.72,2.34E-14,0.831534911,0,2.64E-14,0,0,5.01E-07,0,6.32E-07
20/11/2017,8,0.43,2.365609,0.43,8.96E-18,1.557446715,0,1.45E-17,0,0,0.169546029,0,0.101727617
20/11/2017,9,0.49,2.768334,0.49,2.27E-20,1.811619684,0,2.58E-20,0,0,0.305427582,0,0.183256549
20/11/2017,10,0.62,3.059791,0.62,1.19E-21,1.938775045,0,2.31E-21,0,0,0.37340518,0,0.224043108
20/11/2017,11,0.39,3.012708,0.39,7.21E-23,2.05533273,0,1.15E-22,0,0,0.435717232,0,0.261430339
20/11/2017,12,0.28,2.890657,0.28,1.60E-23,2.038531694,0,2.59E-23,0,0,0.426735353,0,0.256041212
20/11/2017,13,0.24,2.529385,0.24,2.47E-20,1.801452765,0,4.44E-20,0,0,0.29999232,0,0.179995392
20/11/2017,14,0.21,2.028803,0.21,1.71E-14,1.456276071,0,2.73E-14,0,0,0.11545993,0,0.069275958
20/11/2017,15,0.17,1.355418,0.17,3.17E-15,0.96622875,0,5.62E-15,0,0,2.89E-07,0,3.10E-07
20/11/2017,16,0.4,0.64522,0.4,6.70E-14,0.229194643,0,2.02E-14,0,0,2.64E-07,0,2.85E-07
20/11/2017,17,0.67,0.202511,0.202511,0.315046935,0,0.152442065,0,9.29E-14,8.84E-07,0,6.89E-07,0
20/11/2017,18,3.58,0,0,2.693015467,0,0.886984533,0,5.90E-28,0.295595471,0,0.257974229,0
20/11/2017,19,0.94,0,0,0.633478261,0,0.306521739,0,3.24E-14,6.36E-07,0,4.87E-07,0
20/11/2017,20,0.57,0,0,0.384130435,0,0.185869565,0,7.42E-14,7.91E-07,0,6.10E-07,0
20/11/2017,21,0.7,0,0,0.47173913,0,0.22826087,0,7.01E-14,8.27E-07,0,6.48E-07,0
20/11/2017,22,0.44,0,0,0.296521739,0,0.143478261,0,2.73E-13,1.35E-06,0,1.06E-06,0
20/11/2017,23,0.94,0,0,0.633478261,0,0.306521739,0,3.24E-14,6.36E-07,0,4.87E-07,0
21/11/2017,0,0.67,0,0,0.451521739,0,0.218478261,0,7.63E-14,8.42E-07,0,6.59E-07,0
21/11/2017,1,0.29,0,0,0.195434783,0,0.094565217,0,9.60E-14,6.28E-07,0,4.83E-07,0
21/11/2017,2,0.25,0,0,0.168478261,0,0.081521739,0,1.63E-13,7.79E-07,0,6.03E-07,0
21/11/2017,3,0.19,0,0,0.128043478,0,0.061956522,0,6.55E-13,1.31E-06,0,1.04E-06,0
21/11/2017,4,0.21,0.079178,0.079178,0.088162652,0,0.042659348,0,6.96E-13,1.22E-06,0,9.46E-07,0
21/11/2017,5,0.19,0.286593,0.19,5.66E-12,0.092887232,0,1.12E-13,0,0,2.97E-07,0,4.17E-07
21/11/2017,6,0.25,0.977318,0.25,1.75E-14,0.60454125,0,2.71E-14,0,0,6.38E-07,0,6.04E-07
21/11/2017,7,0.52,1.632417,0.52,1.51E-14,0.935692232,0,2.15E-14,0,0,6.17E-07,0,6.38E-07
21/11/2017,8,0.57,2.264606,0.57,1.93E-17,1.391992485,0,2.20E-17,0,0,0.081093752,0,0.048656251
21/11/2017,9,0.63,2.614489,0.63,1.74E-21,1.607650842,0,1.73E-21,0,0,0.19638529,0,0.117831174
21/11/2017,10,0.97,2.785934,0.97,4.15E-14,1.509578597,0,5.73E-14,0,0,0.143955604,0,0.086373362
21/11/2017,11,0.76,2.887131,0.76,4.99E-25,1.721092635,0,8.23E-25,0,0,0.257031578,0,0.154218947
21/11/2017,12,0.3,2.689602,0.3,1.28E-14,1.878870473,0,2.79E-14,0,0,0.341380035,0,0.204828021
21/11/2017,13,0.27,2.347989,0.27,4.95E-25,1.6495605,0,8.19E-25,0,0,0.218790306,0,0.131274184
21/11/2017,14,0.22,1.904666,0.22,1.44E-14,1.359237354,0,2.69E-14,0,0,0.063582771,0,0.038149662
21/11/2017,15,0.21,1.302882,0.21,3.95E-15,0.89508375,0,6.79E-15,0,0,2.79E-07,0,3.10E-07
21/11/2017,16,0.32,0.62787,0.32,2.93E-14,0.273109821,0,2.46E-14,0,0,3.69E-07,0,3.51E-07
21/11/2017,17,0.44,0.214083,0.214083,0.152248413,0,0.073668587,0,3.50E-13,1.14E-06,0,8.97E-07,0
21/11/2017,18,1.87,0,0,1.301584638,0,0.568415362,0,5.68E-26,0.043607973,0,0.038057867,0
21/11/2017,19,1.49,0,0,1.004130435,0,0.485869565,0,2.20E-14,6.76E-07,0,5.17E-07,0
21/11/2017,20,0.36,0,0,0.242608696,0,0.117391304,0,2.18E-13,1.07E-06,0,8.27E-07,0
21/11/2017,21,0.31,0,0,0.208913043,0,0.101086957,0,8.52E-14,5.97E-07,0,4.59E-07,0
21/11/2017,22,0.25,0,0,0.168478261,0,0.081521739,0,1.63E-13,7.79E-07,0,6.03E-07,0
21/11/2017,23,0.29,0,0,0.195434783,0,0.094565217,0,9.60E-14,6.28E-07,0,4.83E-07,0
22/11/2017,0,0.77,0,0,0.518913043,0,0.251086957,0,1.67E-13,1.32E-06,0,1.03E-06,0
22/11/2017,1,0.28,0,0,0.188695652,0,0.091304348,0,8.01E-14,5.70E-07,0,4.40E-07,0
22/11/2017,2,0.18,0,0,0.121304348,0,0.058695652,0,6.27E-13,1.23E-06,0,9.69E-07,0
22/11/2017,3,0.26,0,0,0.175217391,0,0.084782609,0,1.03E-13,6.25E-07,0,4.83E-07,0
22/11/2017,4,0.29,0.080887,0.080887,0.140923978,0,0.068189022,0,4.00E-13,1.16E-06,0,9.04E-07,0
22/11/2017,5,0.25,0.283369,0.205482607,0.044517393,0.077886393,0,7.90E-14,0,0,2.78E-07,0,2.73E-07
22/11/2017,6,0.35,0.983805,0.35,1.19E-14,0.537432589,0,1.58E-14,0,0,3.88E-07,0,3.51E-07
22/11/2017,7,0.36,1.712129,0.36,1.76E-14,1.115460804,0,2.88E-14,0,0,1.05E-06,0,8.95E-07
22/11/2017,8,0.4,2.283975,0.4,6.20E-16,1.51762598,0,9.53E-16,0,0,0.148257757,0,0.088954654
22/11/2017,9,1.16,2.673802,1.16,5.70E-29,1.30321398,0,6.30E-29,0,0,0.033632524,0,0.020179515
22/11/2017,10,0.33,2.901988,0.33,5.83E-19,2.013991585,0,9.79E-19,0,0,0.413616145,0,0.248169687
22/11/2017,11,0.23,2.951214,0.23,1.94E-19,2.115464318,0,3.20E-19,0,0,0.46788694,0,0.280732164
22/11/2017,12,0.22,2.828912,0.22,4.68E-18,2.032886646,0,7.75E-18,0,0,0.423717495,0,0.254230497
22/11/2017,13,0.3,2.363401,0.3,1.74E-26,1.641114429,0,3.40E-26,0,0,0.214275014,0,0.128565008
22/11/2017,14,0.31,1.904699,0.31,4.50E-26,1.300223453,0,7.51E-26,0,0,0.03203378,0,0.019220268
22/11/2017,15,0.3,1.256606,0.3,3.98E-15,0.792808393,0,6.30E-15,0,0,2.25E-07,0,2.51E-07
22/11/2017,16,0.66,0.637555,0.603642225,0.03798024,0,0.018377535,0,5.89E-13,7.59E-07,0,5.90E-07,0
22/11/2017,17,0.38,0.24004,0.239800369,0.09448236,0,0.045717271,0,5.98E-13,1.22E-06,0,9.44E-07,0
22/11/2017,18,0.51,0,0,0.343695652,0,0.166304348,0,9.48E-14,8.79E-07,0,6.87E-07,0
22/11/2017,19,0.3,0,0,0.202173913,0,0.097826087,0,9.19E-14,6.14E-07,0,4.72E-07,0
22/11/2017,20,0.45,0,0,0.30326087,0,0.14673913,0,1.90E-13,1.14E-06,0,8.86E-07,0
22/11/2017,21,0.5,0,0,0.336956522,0,0.163043478,0,9.90E-14,8.94E-07,0,7.00E-07,0
22/11/2017,22,0.41,0,0,0.276304348,0,0.133695652,0,9.39E-14,7.50E-07,0,5.84E-07,0
22/11/2017,23,0.38,0,0,0.256086957,0,0.123913043,0,3.49E-13,1.35E-06,0,1.06E-06,0
23/11/2017,0,0.38,0,0,0.256086957,0,0.123913043,0,3.49E-13,1.35E-06,0,1.06E-06,0
23/11/2017,1,0.35,0,0,0.235869565,0,0.114130435,0,1.79E-13,9.39E-07,0,7.27E-07,0
23/11/2017,2,0.37,0,0,0.249347826,0,0.120652174,0,6.10E-14,5.67E-07,0,4.41E-07,0
23/11/2017,3,0.33,0,0,0.222391304,0,0.107608696,0,6.52E-14,5.31E-07,0,4.09E-07,0
23/11/2017,4,0.26,0.07577,0.07577,0.124155,0,0.060075,0,5.37E-13,1.20E-06,0,9.47E-07,0
23/11/2017,5,0.25,0.277233,0.202364311,0.047635689,0.074868689,0,6.11E-14,0,0,2.79E-07,0,2.54E-07
23/11/2017,6,0.21,0.976852,0.21,1.38E-14,0.633095357,0,2.24E-14,0,0,5.93E-07,0,5.54E-07
23/11/2017,7,0.37,1.678066,0.37,1.53E-14,1.080856607,0,2.47E-14,0,0,8.87E-07,0,7.72E-07
23/11/2017,8,0.45,2.276504,0.45,8.42E-15,1.479381777,0,1.17E-14,0,0,0.127812302,0,0.076687381
23/11/2017,9,0.31,2.71893,0.31,8.62E-14,1.893686812,0,1.95E-13,0,0,0.34930089,0,0.209580534
23/11/2017,10,0.28,2.836233,0.28,2.19E-14,1.99886402,0,4.01E-14,0,0,0.405528908,0,0.243317345
23/11/2017,11,0.28,2.911112,0.28,1.56E-18,2.0534406,0,2.57E-18,0,0,0.434705694,0,0.260823417
23/11/2017,12,0.28,2.738103,0.28,2.46E-22,1.927340633,0,5.53E-22,0,0,0.367292313,0,0.220375388
23/11/2017,13,0.26,2.417887,0.26,3.04E-23,1.707066383,0,8.09E-23,0,0,0.249533106,0,0.149719863
23/11/2017,14,0.24,1.934275,0.24,1.23E-23,1.367698732,0,2.28E-23,0,0,0.068106246,0,0.040863748
23/11/2017,15,0.56,1.327095,0.56,3.85E-14,0.661415625,0,4.40E-14,0,0,5.65E-07,0,6.45E-07
23/11/2017,16,0.3,0.637303,0.3,2.17E-14,0.295154196,0,2.14E-14,0,0,4.32E-07,0,3.82E-07
23/11/2017,17,0.4,0.202646,0.202646,0.132999435,0,0.064354565,0,4.05E-13,1.09E-06,0,8.61E-07,0
23/11/2017,18,0.74,0,0,0.498695652,0,0.241304348,0,1.49E-13,1.26E-06,0,9.82E-07,0
23/11/2017,19,0.42,0,0,0.283043478,0,0.136956522,0,3.20E-13,1.40E-06,0,1.09E-06,0
23/11/2017,20,0.32,0,0,0.215652174,0,0.104347826,0,7.97E-14,5.84E-07,0,4.49E-07,0
23/11/2017,21,0.48,0,0,0.323478261,0,0.156521739,0,1.16E-13,9.20E-07,0,7.15E-07,0
23/11/2017,22,0.36,0,0,0.242608696,0,0.117391304,0,2.18E-13,1.07E-06,0,8.27E-07,0
23/11/2017,23,0.73,0,0,0.491956522,0,0.238043478,0,5.13E-14,7.22E-07,0,5.65E-07,0
24/11/2017,0,1,0,0,0.673913043,0,0.326086957,0,9.32E-14,1.16E-06,0,8.99E-07,0
24/11/2017,1,0.24,0,0,0.16173913,0,0.07826087,0,1.70E-13,7.88E-07,0,6.12E-07,0
24/11/2017,2,0.22,0,0,0.14826087,0,0.07173913,0,2.71E-13,9.78E-07,0,7.67E-07,0
24/11/2017,3,0.24,0,0,0.16173913,0,0.07826087,0,1.70E-13,7.88E-07,0,6.12E-07,0
24/11/2017,4,0.24,0.025144,0.025144,0.144794261,0,0.070061739,0,8.29E-14,5.46E-07,0,4.22E-07,0
24/11/2017,5,0.27,0.145837,0.145837,0.083675065,0,0.040487935,0,1.71E-13,5.96E-07,0,4.59E-07,0
24/11/2017,6,0.34,0.552446,0.34,2.69E-13,0.198036964,0,8.82E-14,0,0,7.55E-07,0,6.55E-07
24/11/2017,7,0.58,1.647325,0.58,1.45E-14,0.904279018,0,1.94E-14,0,0,5.92E-07,0,6.03E-07
24/11/2017,8,0.56,1.723839,0.56,1.44E-14,0.980227768,0,2.02E-14,0,0,5.93E-07,0,6.36E-07
24/11/2017,9,0.35,1.33358,0.35,2.33E-14,0.818501786,0,3.58E-14,0,0,5.00E-07,0,6.03E-07
24/11/2017,10,0.34,0.658436,0.34,2.28E-14,0.2832075,0,1.85E-14,0,0,2.75E-07,0,2.81E-07
24/11/2017,11,0.29,2.670143,0.29,4.16E-15,1.871247288,0,8.76E-15,0,0,0.33730466,0,0.202382796
24/11/2017,12,0.45,2.734232,0.45,6.05E-23,1.813003067,0,1.00E-22,0,0,0.306167142,0,0.183700285
24/11/2017,13,0.24,2.352807,0.24,1.57E-25,1.672751483,0,1.02E-25,0,0,0.231188268,0,0.138712961
24/11/2017,14,0.37,1.707934,0.37,1.70E-14,1.104857679,0,2.76E-14,0,0,9.96E-07,0,8.55E-07
24/11/2017,15,0.25,1.289763,0.25,4.36E-15,0.855613125,0,7.25E-15,0,0,2.57E-07,0,3.00E-07
24/11/2017,16,0.35,0.600739,0.35,6.26E-14,0.229611696,0,3.18E-14,0,0,4.34E-07,0,4.10E-07
24/11/2017,17,0.57,0.224262,0.224262,0.232997348,0,0.112740652,0,1.52E-13,9.64E-07,0,7.52E-07,0
24/11/2017,18,0.44,0,0,0.296521739,0,0.143478261,0,2.73E-13,1.35E-06,0,1.06E-06,0
24/11/2017,19,0.53,0,0,0.357173913,0,0.172826087,0,7.95E-14,8.04E-07,0,6.26E-07,0
24/11/2017,20,0.42,0,0,0.283043478,0,0.136956522,0,3.20E-13,1.40E-06,0,1.09E-06,0
24/11/2017,21,0.31,0,0,0.208913043,0,0.101086957,0,8.52E-14,5.97E-07,0,4.59E-07,0
24/11/2017,22,0.24,0,0,0.16173913,0,0.07826087,0,1.70E-13,7.88E-07,0,6.12E-07,0
24/11/2017,23,0.23,0,0,0.155,0,0.075,0,1.34E-13,6.83E-07,0,5.31E-07,0
25/11/2017,0,0.23,0,0,0.155,0,0.075,0,1.34E-13,6.83E-07,0,5.31E-07,0
25/11/2017,1,0.23,0,0,0.155,0,0.075,0,1.34E-13,6.83E-07,0,5.31E-07,0
25/11/2017,2,0.22,0,0,0.14826087,0,0.07173913,0,2.71E-13,9.78E-07,0,7.67E-07,0
25/11/2017,3,0.21,0,0,0.141521739,0,0.068478261,0,3.88E-13,1.11E-06,0,8.60E-07,0
25/11/2017,4,0.3,0.044383,0.044383,0.17226363,0,0.08335337,0,2.75E-13,1.04E-06,0,8.09E-07,0
25/11/2017,5,0.28,0.150441,0.150441,0.0873115,0,0.0422475,0,1.36E-13,5.40E-07,0,4.16E-07,0
25/11/2017,6,0.43,0.275378,0.274536964,0.104768568,0,0.050694468,0,2.48E-13,8.36E-07,0,6.50E-07,0
25/11/2017,7,0.49,0.39353,0.380467978,0.073815058,0,0.035716964,0,4.90E-13,9.25E-07,0,7.15E-07,0
25/11/2017,8,0.54,0.5618,0.418291803,0.121708197,0.143508197,0,7.03E-14,0,0,3.59E-07,0,3.63E-07
25/11/2017,9,0.41,0.688396,0.41,2.43E-13,0.2566575,0,1.07E-13,0,0,3.89E-07,0,5.69E-07
25/11/2017,10,0.38,1.151426,0.38,5.79E-15,0.650431607,0,8.05E-15,0,0,1.80E-07,0,2.41E-07
25/11/2017,11,0.23,1.24399,0.23,4.30E-15,0.833295536,0,7.21E-15,0,0,2.36E-07,0,2.89E-07
25/11/2017,12,0.52,1.081513,0.52,6.46E-14,0.493001518,0,6.13E-14,0,0,8.91E-07,0,7.77E-07
25/11/2017,13,0.68,1.053359,0.68,4.93E-13,0.354663482,0,6.91E-14,0,0,6.12E-07,0,6.89E-07
25/11/2017,14,1.12,2.007662,1.12,3.19E-14,0.803299821,0,2.01E-14,0,0,6.06E-07,0,5.47E-07
25/11/2017,15,1.08,1.36912,0.959673786,0.120326214,0.406135922,0,1.23E-14,0,0,3.01E-07,0,3.24E-07
25/11/2017,16,1.27,0.65427,0.65427,0.414948478,0,0.200781522,0,3.33E-14,5.70E-07,0,4.36E-07,0
25/11/2017,17,1.02,0.206549,0.206549,0.548195239,0,0.265255761,0,3.48E-14,6.70E-07,0,5.08E-07,0
25/11/2017,18,0.67,0,0,0.451521739,0,0.218478261,0,7.63E-14,8.42E-07,0,6.59E-07,0
25/11/2017,19,0.79,0,0,0.532391304,0,0.257608696,0,3.28E-14,5.99E-07,0,4.65E-07,0
25/11/2017,20,0.78,0,0,0.525652174,0,0.254347826,0,3.72E-14,6.31E-07,0,4.91E-07,0
25/11/2017,21,0.52,0,0,0.350434783,0,0.169565217,0,8.97E-14,8.49E-07,0,6.61E-07,0
25/11/2017,22,0.43,0,0,0.289782609,0,0.140217391,0,1.24E-13,8.81E-07,0,6.85E-07,0
25/11/2017,23,0.33,0,0,0.222391304,0,0.107608696,0,6.52E-14,5.31E-07,0,4.09E-07,0
26/11/2017,0,1.08,0,0,0.727826087,0,0.352173913,0,7.98E-14,1.17E-06,0,9.01E-07,0
26/11/2017,1,1.39,0,0,0.93673913,0,0.45326087,0,2.28E-14,7.09E-07,0,5.43E-07,0
26/11/2017,2,0.84,0,0,0.566086957,0,0.273913043,0,2.93E-14,5.61E-07,0,4.28E-07,0
26/11/2017,3,1.07,0,0,0.721086957,0,0.348913043,0,7.70E-14,1.16E-06,0,8.89E-07,0
26/11/2017,4,1.02,0.071744,0.071744,0.639042087,0,0.309213913,0,2.18E-14,5.88E-07,0,4.54E-07,0
26/11/2017,5,1.04,0.276797,0.276797,0.514332457,0,0.248870543,0,8.46E-14,9.98E-07,0,7.77E-07,0
26/11/2017,6,1.45,0.983445,0.97228279,0.321939859,0,0.155777351,0,1.08E-13,9.20E-07,0,7.02E-07,0
26/11/2017,7,1.5,1.770076,1.268399279,0.231600721,0.501676721,0,2.78E-14,0,0,5.13E-07,0,5.29E-07
26/11/2017,8,0.67,2.3001,0.67,1.21E-16,1.352265045,0,1.71E-16,0,0,0.059855355,0,0.035913213
26/11/2017,9,0.29,2.717277,0.29,3.97E-14,1.905601546,0,8.95E-14,0,0,0.355670538,0,0.213402323
26/11/2017,10,0.24,2.93996,0.24,1.65E-21,2.100705948,0,2.70E-21,0,0,0.459973877,0,0.275984326
26/11/2017,11,0.31,2.96368,0.31,2.88E-18,2.072076185,0,4.66E-18,0,0,0.444668328,0,0.266800997
26/11/2017,12,0.3,2.83075,0.3,3.90E-21,1.981748116,0,6.84E-21,0,0,0.396378699,0,0.23782722
26/11/2017,13,0.3,2.418718,0.3,6.52E-17,1.681432978,0,1.49E-16,0,0,0.235829419,0,0.141497651
26/11/2017,14,0.29,1.925167,0.29,8.29E-27,1.328261379,0,1.38E-26,0,0,0.047022931,0,0.028213759
26/11/2017,15,0.34,1.291893,0.34,4.20E-15,0.792235446,0,6.45E-15,0,0,2.11E-07,0,2.58E-07
26/11/2017,16,0.56,0.661751,0.474004607,0.085995393,0.187746393,0,2.83E-14,0,0,2.17E-07,0,2.39E-07
26/11/2017,17,3.83,0.240398,0.240398,2.700828636,0,0.888773364,0,1.89E-13,0.297010433,0,0.259209105,0
26/11/2017,18,1.52,0,0,1.024347826,0,0.495652174,0,2.58E-14,7.00E-07,0,5.32E-07,0
26/11/2017,19,0.51,0,0,0.343695652,0,0.166304348,0,9.48E-14,8.79E-07,0,6.87E-07,0
26/11/2017,20,0.42,0,0,0.283043478,0,0.136956522,0,3.20E-13,1.40E-06,0,1.09E-06,0
26/11/2017,21,0.52,0,0,0.350434783,0,0.169565217,0,8.97E-14,8.49E-07,0,6.61E-07,0
26/11/2017,22,0.57,0,0,0.384130435,0,0.185869565,0,7.42E-14,7.91E-07,0,6.10E-07,0
26/11/2017,23,3.63,0,0,2.733700579,0,0.896299421,0,3.19E-20,0.302963527,0,0.264404532,0
27/11/2017,0,3.83,0,0,2.896441026,0,0.933558974,0,2.53E-12,0.332435749,0,0.290125744,0
27/11/2017,1,2.27,0,0,1.627065534,0,0.642934466,0,4.80E-27,0.102552417,0,0.089500291,0
27/11/2017,2,0.26,0,0,0.175217391,0,0.084782609,0,1.03E-13,6.25E-07,0,4.83E-07,0
27/11/2017,3,0.25,0,0,0.168478261,0,0.081521739,0,1.63E-13,7.79E-07,0,6.03E-07,0
27/11/2017,4,0.25,0.071559,0.071559,0.120253717,0,0.058187283,0,3.45E-13,9.59E-07,0,7.51E-07,0
27/11/2017,5,0.25,0.283746,0.205674197,0.044325803,0.078071803,0,7.86E-14,0,0,2.77E-07,0,2.72E-07
27/11/2017,6,0.26,0.969502,0.26,1.83E-14,0.591028393,0,2.78E-14,0,0,6.38E-07,0,6.05E-07
27/11/2017,7,0.21,1.695256,0.21,6.29E-15,1.210384286,0,1.12E-14,0,0,3.54E-07,0,4.76E-07
27/11/2017,8,0.54,2.296292,0.54,1.04E-17,1.434766576,0,1.25E-17,0,0,0.103960896,0,0.062376538
27/11/2017,9,1.75,2.675674,1.75,2.44E-13,0.884470179,0,2.01E-14,0,0,3.70E-07,0,5.34E-07
27/11/2017,10,0.63,2.873396,0.63,3.08E-25,1.796358737,0,4.36E-25,0,0,0.297269039,0,0.178361423
27/11/2017,11,0.36,2.887097,0.36,2.18E-19,1.983458759,0,3.72E-19,0,0,0.397293214,0,0.238375928
27/11/2017,12,2.5,2.700047,1.986909131,0.513090869,0.713137869,0,2.13E-14,0,0,7.65E-07,0,6.40E-07
27/11/2017,13,1.17,2.436687,1.17,1.55E-14,1.111891339,0,1.47E-14,0,0,3.58E-07,0,5.33E-07
27/11/2017,14,0.18,1.982071,0.18,4.24E-21,1.441894134,0,7.07E-21,0,0,0.107771308,0,0.064662785
27/11/2017,15,0.16,1.283778,0.16,3.85E-15,0.915893036,0,6.83E-15,0,0,3.43E-07,0,3.40E-07
27/11/2017,16,0.23,0.650146,0.23,1.93E-14,0.356099464,0,2.57E-14,0,0,3.12E-07,0,3.79E-07
27/11/2017,17,0.29,0.232447,0.224786023,0.043948549,0,0.021265427,0,1.36E-12,1.28E-06,0,9.98E-07,0
27/11/2017,18,0.35,0.017138,0.017138,0.224320043,0,0.108541957,0,2.20E-13,1.05E-06,0,8.16E-07,0
27/11/2017,19,0.34,0,0,0.229130435,0,0.110869565,0,6.68E-14,5.46E-07,0,4.22E-07,0
27/11/2017,20,0.34,0,0,0.229130435,0,0.110869565,0,6.68E-14,5.46E-07,0,4.22E-07,0
27/11/2017,21,2.09,0,0,1.480599131,0,0.609400869,0,1.09E-19,0.076027417,0,0.0663512,0
27/11/2017,22,0.76,0,0,0.512173913,0,0.247826087,0,1.64E-13,1.32E-06,0,1.03E-06,0
27/11/2017,23,0.85,0,0,0.572826087,0,0.277173913,0,3.04E-14,5.75E-07,0,4.39E-07,0
28/11/2017,0,1.05,0,0,0.707608696,0,0.342391304,0,1.87E-14,5.54E-07,0,4.26E-07,0
28/11/2017,1,0.27,0,0,0.181956522,0,0.088043478,0,8.93E-14,5.93E-07,0,4.58E-07,0
28/11/2017,2,0.25,0,0,0.168478261,0,0.081521739,0,1.63E-13,7.79E-07,0,6.03E-07,0
28/11/2017,3,0.37,0,0,0.249347826,0,0.120652174,0,6.10E-14,5.67E-07,0,4.41E-07,0
28/11/2017,4,0.29,0.013723,0.013723,0.186186674,0,0.090090326,0,3.04E-13,1.14E-06,0,8.81E-07,0
28/11/2017,5,0.33,0.094865,0.094865,0.158460543,0,0.076674457,0,1.08E-13,6.77E-07,0,5.27E-07,0
28/11/2017,6,0.29,0.539803,0.29,4.20E-14,0.224038125,0,3.04E-14,0,0,3.56E-07,0,3.34E-07
28/11/2017,7,0.25,1.260362,0.25,4.30E-15,0.831987321,0,7.12E-15,0,0,2.33E-07,0,2.84E-07
28/11/2017,8,0.65,1.704632,0.65,1.93E-14,0.899704286,0,2.43E-14,0,0,5.51E-07,0,6.38E-07
28/11/2017,9,0.84,2.662949,0.84,1.65E-15,1.505216348,0,2.29E-15,0,0,0.141623534,0,0.08497412
28/11/2017,10,0.81,2.941056,0.81,2.25E-24,1.727597742,0,3.51E-24,0,0,0.260509226,0,0.156305535
28/11/2017,11,2.49,2.858658,2.065055705,0.424944295,0.793602295,0,3.69E-14,0,0,6.96E-07,0,7.97E-07
28/11/2017,12,1.2,2.731638,1.2,8.72E-24,1.319129446,0,9.55E-24,0,0,0.042140975,0,0.025284585
28/11/2017,13,0.17,2.43823,0.17,9.36E-21,1.780931609,0,1.75E-20,0,0,0.289021655,0,0.173412993
28/11/2017,14,0.2,1.881394,0.2,4.61E-18,1.355394785,0,7.83E-18,0,0,0.061528523,0,0.036917114
28/11/2017,15,0.24,1.292731,0.24,7.10E-15,0.865230268,0,1.19E-14,0,0,3.63E-07,0,4.08E-07
28/11/2017,16,1.34,0.678776,0.678776,0.445607478,0,0.215616522,0,1.58E-13,1.28E-06,0,9.90E-07,0
28/11/2017,17,1.51,0.081568,0.081568,0.962638957,0,0.465793043,0,1.95E-14,6.83E-07,0,5.27E-07,0
28/11/2017,18,0.46,0,0,0.31,0,0.15,0,2.00E-13,1.17E-06,0,9.06E-07,0
28/11/2017,19,0.78,0,0,0.525652174,0,0.254347826,0,3.72E-14,6.31E-07,0,4.91E-07,0
28/11/2017,20,0.41,0,0,0.276304348,0,0.133695652,0,9.39E-14,7.50E-07,0,5.84E-07,0
28/11/2017,21,0.26,0,0,0.175217391,0,0.084782609,0,1.03E-13,6.25E-07,0,4.83E-07,0
28/11/2017,22,1.14,0,0,0.76826087,0,0.37173913,0,3.67E-14,7.78E-07,0,5.92E-07,0
28/11/2017,23,1.58,0,0,1.065610989,0,0.514389011,0,9.54E-17,0.000873251,0,0.00076211,0
29/11/2017,0,1.06,0,0,0.714347826,0,0.345652174,0,9.86E-14,1.29E-06,0,9.96E-07,0
29/11/2017,1,0.29,0,0,0.195434783,0,0.094565217,0,9.60E-14,6.28E-07,0,4.83E-07,0
29/11/2017,2,0.3,0,0,0.202173913,0,0.097826087,0,9.19E-14,6.14E-07,0,4.72E-07,0
29/11/2017,3,0.34,0,0,0.229130435,0,0.110869565,0,6.68E-14,5.46E-07,0,4.22E-07,0
29/11/2017,4,0.27,0.058558,0.058558,0.142493522,0,0.068948478,0,3.28E-13,1.06E-06,0,8.25E-07,0
29/11/2017,5,0.23,0.206815,0.197329256,0.02201724,0,0.010653503,0,5.80E-13,5.51E-07,0,4.29E-07,0
29/11/2017,6,0.22,0.398073,0.22,5.75E-14,0.160772946,0,3.76E-14,0,0,2.67E-07,0,2.84E-07
29/11/2017,7,0.18,0.620971,0.18,4.41E-14,0.368815982,0,6.52E-14,0,0,4.97E-07,0,5.28E-07
29/11/2017,8,0.32,2.155233,0.32,1.26E-21,1.4762688,0,2.04E-21,0,0,0.126148097,0,0.075688858
29/11/2017,9,0.48,2.61175,0.48,9.45E-15,1.704051074,0,1.73E-14,0,0,0.247921114,0,0.148752668
29/11/2017,10,0.42,2.880913,0.42,3.76E-25,1.93959283,0,3.56E-25,0,0,0.37384237,0,0.224305422
29/11/2017,11,0.33,2.516757,0.33,1.71E-25,1.733210721,0,2.83E-25,0,0,0.263509939,0,0.158105964
29/11/2017,12,0.23,2.729821,0.23,3.44E-23,1.954103047,0,5.90E-23,0,0,0.381599571,0,0.228959743
29/11/2017,13,0.31,2.448465,0.31,5.97E-14,1.696554712,0,1.01E-13,0,0,0.243913538,0,0.146348123
29/11/2017,14,0.53,1.948007,0.53,8.97E-15,1.182059196,0,1.36E-14,0,0,5.76E-07,0,5.49E-07
29/11/2017,15,0.99,1.322361,0.911699402,0.078300598,0.403257486,0,3.57E-14,0,0,4.36E-07,0,5.31E-07
29/11/2017,16,1.13,0.658912,0.658912,0.317472348,0,0.153615652,0,5.19E-14,6.53E-07,0,5.08E-07,0
29/11/2017,17,1.21,0.22795,0.22795,0.661816304,0,0.320233696,0,4.58E-14,8.60E-07,0,6.66E-07,0
29/11/2017,18,1.21,0.012163,0.012163,0.807237978,0,0.390599022,0,4.73E-14,9.38E-07,0,7.22E-07,0
29/11/2017,19,0.81,0,0,0.545869565,0,0.264130435,0,2.69E-14,5.42E-07,0,4.19E-07,0
29/11/2017,20,0.54,0,0,0.363913043,0,0.176086957,0,8.84E-14,8.55E-07,0,6.64E-07,0
29/11/2017,21,0.55,0,0,0.370652174,0,0.179347826,0,8.40E-14,8.37E-07,0,6.49E-07,0
29/11/2017,22,0.59,0,0,0.397608696,0,0.192391304,0,8.91E-14,8.65E-07,0,6.80E-07,0
29/11/2017,23,0.54,0,0,0.363913043,0,0.176086957,0,8.84E-14,8.55E-07,0,6.64E-07,0
30/11/2017,0,1.37,0,0,0.92326087,0,0.44673913,0,2.12E-14,6.80E-07,0,5.21E-07,0
30/11/2017,1,0.6,0,0,0.404347826,0,0.195652174,0,4.03E-14,5.74E-07,0,4.48E-07,0
30/11/2017,2,0.33,0,0,0.222391304,0,0.107608696,0,6.52E-14,5.31E-07,0,4.09E-07,0
30/11/2017,3,0.29,0,0,0.195434783,0,0.094565217,0,9.60E-14,6.28E-07,0,4.83E-07,0
30/11/2017,4,0.26,0.040545,0.040545,0.147893587,0,0.071561413,0,4.50E-13,1.25E-06,0,9.62E-07,0
30/11/2017,5,0.22,0.240926,0.176536164,0.043463836,0.064389836,0,1.13E-13,0,0,3.29E-07,0,3.63E-07
30/11/2017,6,0.26,0.477743,0.26,1.69E-13,0.195864911,0,1.17E-13,0,0,3.81E-07,0,4.73E-07
30/11/2017,7,0.6,0.727737,0.517374541,0.082625459,0.210362459,0,2.40E-14,0,0,1.96E-07,0,2.22E-07
30/11/2017,8,0.55,1.427841,0.55,2.03E-14,0.749604375,0,2.54E-14,0,0,5.24E-07,0,5.74E-07
30/11/2017,9,0.42,2.28567,0.42,5.67E-15,1.505741859,0,7.29E-15,0,0,0.141904473,0,0.085142684
30/11/2017,10,0.33,1.834056,0.33,5.42E-15,1.235134286,0,9.14E-15,0,0,4.07E-07,0,4.61E-07
30/11/2017,11,0.19,2.094166,0.19,2.06E-22,1.517036329,0,4.78E-22,0,0,0.147942528,0,0.088765517
30/11/2017,12,0.15,2.730562,0.15,6.37E-20,2.007121316,0,1.22E-19,0,0,0.409943281,0,0.245965968
30/11/2017,13,0.15,2.456411,0.15,2.10E-15,1.807302624,0,4.78E-15,0,0,0.30311967,0,0.181871802
30/11/2017,14,0.16,1.979054,0.16,1.87E-22,1.452814697,0,2.98E-22,0,0,0.11360947,0,0.068165682
30/11/2017,15,0.17,1.342168,0.17,3.01E-15,0.955581429,0,5.34E-15,0,0,2.95E-07,0,3.07E-07
30/11/2017,16,1.08,0.64647,0.64647,0.292161522,0,0.141368478,0,1.21E-13,9.72E-07,0,7.51E-07,0
30/11/2017,17,1.28,0.237829,0.237829,0.70233263,0,0.33983837,0,6.70E-14,1.06E-06,0,8.33E-07,0
30/11/2017,18,1.3,0.012044,0.012044,0.867970348,0,0.419985652,0,3.53E-14,8.47E-07,0,6.55E-07,0
30/11/2017,19,1.31,0,0,0.882826087,0,0.427173913,0,3.26E-14,7.85E-07,0,5.96E-07,0
30/11/2017,20,0.76,0,0,0.512173913,0,0.247826087,0,1.64E-13,1.32E-06,0,1.03E-06,0
30/11/2017,21,0.37,0,0,0.249347826,0,0.120652174,0,6.10E-14,5.67E-07,0,4.41E-07,0
30/11/2017,22,0.49,0,0,0.330217391,0,0.159782609,0,1.04E-13,8.89E-07,0,6.95E-07,0
30/11/2017,23,0.52,0,0,0.350434783,0,0.169565217,0,8.97E-14,8.49E-07,0,6.61E-07,0
01/12/2017,0,1.02,0,0,0.687391304,0,0.332608696,0,2.23E-14,5.86E-07,0,4.56E-07,0
01/12/2017,1,0.75,0,0,0.505434783,0,0.244565217,0,2.58E-14,5.13E-07,0,4.03E-07,0
01/12/2017,2,0.83,0,0,0.559347826,0,0.270652174,0,2.64E-14,5.25E-07,0,4.04E-07,0
01/12/2017,3,0.87,0,0,0.586304348,0,0.283695652,0,2.61E-14,5.48E-07,0,4.20E-07,0
01/12/2017,4,0.94,0.05951,0.05951,0.593373696,0,0.287116304,0,2.39E-14,5.92E-07,0,4.57E-07,0
01/12/2017,5,0.9,0.262998,0.262998,0.429283957,0,0.207718043,0,3.14E-14,5.59E-07,0,4.29E-07,0
01/12/2017,6,0.89,0.970022,0.711814459,0.178185541,0.258207541,0,3.36E-14,0,0,4.35E-07,0,4.16E-07
01/12/2017,7,1.03,1.708831,1.03,4.54E-14,0.628257054,0,1.82E-14,0,0,4.18E-07,0,4.53E-07
01/12/2017,8,1.14,2.338436,1.14,2.04E-14,1.054636071,0,1.89E-14,0,0,4.58E-07,0,6.00E-07
01/12/2017,9,3.73,2.782738,2.715629035,0.683597824,0,0.330773141,0,2.21E-14,6.36E-07,0,4.92E-07,0
01/12/2017,10,3.48,3.002675,2.878359865,0.405453135,0,0.196187001,0,2.70E-14,5.98E-07,0,4.64E-07,0
01/12/2017,11,1.23,2.949612,1.23,1.34E-20,1.458323449,0,1.69E-20,0,0,0.116554464,0,0.069932678
01/12/2017,12,0.21,2.753438,0.21,1.18E-19,1.984436165,0,2.43E-19,0,0,0.397815738,0,0.238689443
01/12/2017,13,0.2,2.393172,0.2,2.86E-25,1.728411154,0,5.25E-25,0,0,0.260944078,0,0.156566447
01/12/2017,14,0.29,2.013802,0.29,1.15E-17,1.392864206,0,1.86E-17,0,0,0.081559777,0,0.048935866
01/12/2017,15,0.4,1.34604,0.4,2.45E-14,0.792353571,0,3.58E-14,0,0,4.88E-07,0,5.92E-07
01/12/2017,16,0.43,0.652835,0.43,4.54E-13,0.213617411,0,2.29E-14,0,0,2.02E-07,0,2.33E-07
01/12/2017,17,0.41,0.207412,0.207412,0.136526696,0,0.066061304,0,3.92E-13,1.10E-06,0,8.65E-07,0
01/12/2017,18,0.38,0.006483,0.006483,0.251717978,0,0.121799022,0,1.59E-13,9.42E-07,0,7.28E-07,0
01/12/2017,19,0.75,0,0,0.505434783,0,0.244565217,0,2.58E-14,5.13E-07,0,4.03E-07,0
01/12/2017,20,1.58,0,0,1.065610989,0,0.514389011,0,9.54E-17,0.000873251,0,0.00076211,0
01/12/2017,21,1.35,0,0,0.909782609,0,0.440217391,0,2.28E-14,7.14E-07,0,5.47E-07,0
01/12/2017,22,0.55,0,0,0.370652174,0,0.179347826,0,8.40E-14,8.37E-07,0,6.49E-07,0
01/12/2017,23,0.45,0,0,0.30326087,0,0.14673913,0,1.90E-13,1.14E-06,0,8.86E-07,0
02/12/2017,0,0.74,0,0,0.498695652,0,0.241304348,0,1.49E-13,1.26E-06,0,9.82E-07,0
02/12/2017,1,0.39,0,0,0.262826087,0,0.127173913,0,3.46E-13,1.38E-06,0,1.08E-06,0
02/12/2017,2,0.33,0,0,0.222391304,0,0.107608696,0,6.52E-14,5.31E-07,0,4.09E-07,0
02/12/2017,3,0.39,0,0,0.262826087,0,0.127173913,0,3.46E-13,1.38E-06,0,1.08E-06,0
02/12/2017,4,0.25,0.058168,0.058168,0.129278087,0,0.062553913,0,3.47E-13,1.03E-06,0,8.00E-07,0
02/12/2017,5,0.22,0.267593,0.190088246,0.029911754,0.077504754,0,1.09E-13,0,0,3.33E-07,0,3.34E-07
02/12/2017,6,0.23,0.956269,0.23,1.69E-14,0.602091161,0,2.67E-14,0,0,6.03E-07,0,5.74E-07
02/12/2017,7,0.22,1.6895,0.22,9.04E-15,1.198526786,0,1.60E-14,0,0,7.54E-07,0,6.91E-07
02/12/2017,8,0.21,2.281805,0.21,8.22E-15,1.640680026,0,1.38E-14,0,0,0.214042781,0,0.128425668
02/12/2017,9,0.54,2.707525,0.54,1.55E-14,1.734499352,0,2.87E-14,0,0,0.264198845,0,0.158519307
02/12/2017,10,0.37,2.987876,0.37,3.04E-23,2.050353134,0,4.88E-23,0,0,0.433055127,0,0.259833076
02/12/2017,11,0.4,2.921521,0.4,1.36E-19,1.98231007,0,2.78E-19,0,0,0.396679122,0,0.238007473
02/12/2017,12,0.54,2.857854,0.54,2.83E-17,1.844068692,0,3.25E-17,0,0,0.322774909,0,0.193664945
02/12/2017,13,0.38,2.437417,0.38,1.04E-15,1.642583818,0,1.70E-15,0,0,0.215060553,0,0.129036332
02/12/2017,14,0.21,1.971312,0.21,7.10E-14,1.414372972,0,1.46E-13,0,0,0.093058421,0,0.055835052
02/12/2017,15,0.46,1.343914,0.46,2.90E-14,0.747252321,0,3.95E-14,0,0,4.85E-07,0,6.03E-07
02/12/2017,16,0.51,0.644292,0.45211628,0.05788372,0.19075769,0,3.51E-14,0,0,3.44E-07,0,3.29E-07
02/12/2017,17,0.56,0.203054,0.203054,0.240550565,0,0.116395435,0,2.02E-13,1.11E-06,0,8.61E-07,0
02/12/2017,18,0.42,0.005691,0.005691,0.279208239,0,0.135100761,0,1.72E-13,1.08E-06,0,8.39E-07,0
02/12/2017,19,0.83,0,0,0.559347826,0,0.270652174,0,2.64E-14,5.25E-07,0,4.04E-07,0
02/12/2017,20,0.5,0,0,0.336956522,0,0.163043478,0,9.90E-14,8.94E-07,0,7.00E-07,0
02/12/2017,21,0.56,0,0,0.377391304,0,0.182608696,0,7.91E-14,8.14E-07,0,6.30E-07,0
02/12/2017,22,0.36,0,0,0.242608696,0,0.117391304,0,2.18E-13,1.07E-06,0,8.27E-07,0
02/12/2017,23,0.97,0,0,0.653695652,0,0.316304348,0,9.83E-14,1.14E-06,0,8.86E-07,0
03/12/2017,0,1.02,0,0,0.687391304,0,0.332608696,0,2.23E-14,5.86E-07,0,4.56E-07,0
03/12/2017,1,0.99,0,0,0.667173913,0,0.322826087,0,9.41E-14,1.15E-06,0,8.90E-07,0
03/12/2017,2,0.96,0,0,0.646956522,0,0.313043478,0,2.70E-14,5.99E-07,0,4.61E-07,0
03/12/2017,3,1.02,0,0,0.687391304,0,0.332608696,0,2.23E-14,5.86E-07,0,4.56E-07,0
03/12/2017,4,0.99,0.071692,0.071692,0.618859739,0,0.299448261,0,2.18E-14,5.78E-07,0,4.45E-07,0
03/12/2017,5,0.51,0.27706,0.27706,0.156981304,0,0.075958696,0,1.76E-13,8.62E-07,0,6.73E-07,0
03/12/2017,6,0.27,0.945766,0.27,6.73E-15,0.564722679,0,1.00E-14,0,0,3.63E-07,0,3.28E-07
03/12/2017,7,0.29,1.659906,0.29,3.82E-15,1.124120893,0,6.48E-15,0,0,5.30E-07,0,4.40E-07
03/12/2017,8,0.42,2.249609,0.42,2.19E-20,1.479458307,0,3.55E-20,0,0,0.127853216,0,0.07671193
03/12/2017,9,0.59,2.591298,0.59,5.55E-15,1.616986856,0,1.01E-14,0,0,0.201376348,0,0.120825809
03/12/2017,10,0.48,2.842316,0.48,6.54E-16,1.872102245,0,6.89E-16,0,0,0.337761722,0,0.202657033
03/12/2017,11,0.5,2.903622,0.5,4.03E-14,1.903666413,0,4.11E-14,0,0,0.354636011,0,0.212781607
03/12/2017,12,0.18,2.763112,0.18,3.07E-17,2.01116651,0,7.13E-17,0,0,0.412105852,0,0.247263511
03/12/2017,13,0.45,2.473292,0.45,2.88E-14,1.622813392,0,4.34E-14,0,0,0.20449123,0,0.122694738
03/12/2017,14,0.29,1.848018,0.29,5.22E-29,1.272030279,0,8.76E-29,0,0,0.016961634,0,0.01017698
03/12/2017,15,0.54,1.299114,0.54,3.72E-14,0.653395179,0,4.32E-14,0,0,5.03E-07,0,6.03E-07
03/12/2017,16,0.37,0.590426,0.37,4.31E-13,0.206860179,0,1.12E-13,0,0,7.87E-07,0,7.02E-07
03/12/2017,17,0.47,0.214788,0.214788,0.171990696,0,0.083221304,0,2.40E-13,1.02E-06,0,7.92E-07,0
03/12/2017,18,0.39,0.003084,0.003084,0.260747739,0,0.126168261,0,1.37E-13,8.79E-07,0,6.78E-07,0
03/12/2017,19,0.44,0,0,0.296521739,0,0.143478261,0,2.73E-13,1.35E-06,0,1.06E-06,0
03/12/2017,20,0.57,0,0,0.384130435,0,0.185869565,0,7.42E-14,7.91E-07,0,6.10E-07,0
03/12/2017,21,0.5,0,0,0.336956522,0,0.163043478,0,9.90E-14,8.94E-07,0,7.00E-07,0
03/12/2017,22,1.39,0,0,0.93673913,0,0.45326087,0,2.28E-14,7.09E-07,0,5.43E-07,0
03/12/2017,23,0.81,0,0,0.545869565,0,0.264130435,0,2.69E-14,5.42E-07,0,4.19E-07,0
04/12/2017,0,1.59,0,0,1.073748011,0,0.516251989,0,7.05E-17,0.002346862,0,0.002048171,0
04/12/2017,1,1.08,0,0,0.727826087,0,0.352173913,0,7.98E-14,1.17E-06,0,9.01E-07,0
04/12/2017,2,0.32,0,0,0.215652174,0,0.104347826,0,7.97E-14,5.84E-07,0,4.49E-07,0
04/12/2017,3,0.3,0,0,0.202173913,0,0.097826087,0,9.19E-14,6.14E-07,0,4.72E-07,0
04/12/2017,4,0.25,0.070708,0.070708,0.120827217,0,0.058464783,0,4.45E-13,1.14E-06,0,8.84E-07,0
04/12/2017,5,0.27,0.281534,0.209468098,0.060531902,0.072065902,0,1.41E-13,0,0,4.52E-07,0,4.21E-07
04/12/2017,6,0.24,0.923139,0.24,1.84E-14,0.568236696,0,2.84E-14,0,0,5.90E-07,0,5.67E-07
04/12/2017,7,0.18,1.62646,0.18,7.72E-15,1.176798214,0,1.38E-14,0,0,5.64E-07,0,6.57E-07
04/12/2017,8,0.4,2.184399,0.4,5.00E-21,1.445048655,0,8.05E-21,0,0,0.109457723,0,0.065674634
04/12/2017,9,0.46,2.617599,0.46,5.36E-24,1.721433743,0,1.15E-23,0,0,0.257213935,0,0.154328361
04/12/2017,10,0.3,2.833013,0.3,2.44E-17,1.983397534,0,3.59E-17,0,0,0.397260483,0,0.23835629
04/12/2017,11,0.35,2.812882,0.35,8.72E-16,1.935925917,0,1.41E-15,0,0,0.371882029,0,0.223129217
04/12/2017,12,0.42,2.621716,0.42,3.12E-23,1.750673565,0,6.95E-23,0,0,0.272845623,0,0.163707374
04/12/2017,13,0.57,2.345737,0.57,4.81E-20,1.45112592,0,7.77E-20,0,0,0.112706646,0,0.067623987
04/12/2017,14,0.46,1.823468,0.46,1.56E-14,1.132608214,0,2.42E-14,0,0,9.65E-07,0,8.38E-07
04/12/2017,15,0.34,1.254518,0.34,4.50E-15,0.762201964,0,6.84E-15,0,0,2.34E-07,0,2.63E-07
04/12/2017,16,0,0.595627,0,0,0.478628839,0,4.27E-14,0,0,8.71E-07,0,7.32E-07
04/12/2017,17,0.49,0.225373,0.225373,0.178335587,0,0.086291413,0,2.28E-13,1.02E-06,0,7.97E-07,0
04/12/2017,18,1.21,0.002986,0.002986,0.813422478,0,0.393591522,0,2.65E-14,7.22E-07,0,5.59E-07,0
04/12/2017,19,2.75,0,0,2.017642608,0,0.732357392,0,5.67E-22,0.17328575,0,0.1512312,0
04/12/2017,20,0.74,0,0,0.498695652,0,0.241304348,0,1.49E-13,1.26E-06,0,9.82E-07,0
04/12/2017,21,1.47,0,0,0.990652174,0,0.479347826,0,2.66E-14,7.59E-07,0,5.81E-07,0
04/12/2017,22,0.53,0,0,0.357173913,0,0.172826087,0,7.95E-14,8.04E-07,0,6.26E-07,0
04/12/2017,23,1.78,0,0,1.228351437,0,0.551648563,0,3.05E-25,0.030345473,0,0.026483322,0
05/12/2017,0,3.91,0,0,2.961537205,0,0.948462795,0,3.45E-20,0.344224637,0,0.300414229,0
05/12/2017,1,1.39,0,0,0.93673913,0,0.45326087,0,2.28E-14,7.09E-07,0,5.43E-07,0
05/12/2017,2,0.24,0,0,0.16173913,0,0.07826087,0,1.70E-13,7.88E-07,0,6.12E-07,0
05/12/2017,3,0.18,0,0,0.121304348,0,0.058695652,0,6.27E-13,1.23E-06,0,9.69E-07,0
05/12/2017,4,0.19,0.043796,0.043796,0.098528783,0,0.047675217,0,1.25E-13,5.53E-07,0,4.27E-07,0
05/12/2017,5,0.27,0.247954,0.23603351,0.022890461,0,0.01107603,0,2.48E-12,1.27E-06,0,9.95E-07,0
05/12/2017,6,0.31,0.516448,0.31,1.31E-13,0.190806429,0,5.42E-14,0,0,4.01E-07,0,4.16E-07
05/12/2017,7,0.32,1.317228,0.32,2.39E-14,0.827058214,0,3.76E-14,0,0,5.26E-07,0,6.26E-07
05/12/2017,8,0.63,2.18465,0.63,5.91E-16,1.294356829,0,8.62E-16,0,0,0.028897468,0,0.017338481
05/12/2017,9,0.52,2.625226,0.52,1.94E-14,1.68763415,0,4.11E-14,0,0,0.239144582,0,0.143486749
05/12/2017,10,0.62,2.876892,0.62,3.99E-22,1.805466617,0,6.27E-22,0,0,0.302138136,0,0.181282881
05/12/2017,11,1.02,2.776224,1.02,9.38E-16,1.469702468,0,1.01E-15,0,0,0.122637718,0,0.073582631
05/12/2017,12,0.15,2.710058,0.15,1.37E-19,1.992176697,0,2.52E-19,0,0,0.401953847,0,0.241172308
05/12/2017,13,0.14,2.459933,0.14,5.90E-26,1.816429455,0,8.55E-26,0,0,0.307998898,0,0.184799339
05/12/2017,14,1.44,1.969128,1.347822708,0.092177292,0.607570363,0,3.34E-14,0,0,3.24E-07,0,5.43E-07
05/12/2017,15,0.68,1.259344,0.68,1.34E-14,0.520187143,0,9.57E-15,0,0,2.53E-07,0,3.04E-07
05/12/2017,16,0.31,0.588072,0.31,5.50E-14,0.248361429,0,4.22E-14,0,0,4.34E-07,0,4.39E-07
05/12/2017,17,0.47,0.20935,0.20935,0.175655435,0,0.084994565,0,2.48E-13,1.03E-06,0,8.08E-07,0
05/12/2017,18,0.46,0.002549,0.002549,0.308282196,0,0.149168804,0,6.83E-14,7.03E-07,0,5.45E-07,0
05/12/2017,19,0.88,0,0,0.593043478,0,0.286956522,0,2.61E-14,5.51E-07,0,4.22E-07,0
05/12/2017,20,0.82,0,0,0.552608696,0,0.267391304,0,2.64E-14,5.24E-07,0,4.04E-07,0
05/12/2017,21,0.57,0,0,0.384130435,0,0.185869565,0,7.42E-14,7.91E-07,0,6.10E-07,0
05/12/2017,22,1.59,0,0,1.073748011,0,0.516251989,0,7.05E-17,0.002346862,0,0.002048171,0
05/12/2017,23,1.57,0,0,1.058043478,0,0.511956522,0,2.29E-14,6.81E-07,0,5.19E-07,0
06/12/2017,0,1.05,0,0,0.707608696,0,0.342391304,0,1.87E-14,5.54E-07,0,4.26E-07,0
06/12/2017,1,0.48,0,0,0.323478261,0,0.156521739,0,1.16E-13,9.20E-07,0,7.15E-07,0
06/12/2017,2,0.18,0,0,0.121304348,0,0.058695652,0,6.27E-13,1.23E-06,0,9.69E-07,0
06/12/2017,3,0.18,0,0,0.121304348,0,0.058695652,0,6.27E-13,1.23E-06,0,9.69E-07,0
06/12/2017,4,0.28,0.016539,0.016539,0.177549804,0,0.085911196,0,3.37E-13,1.18E-06,0,9.10E-07,0
06/12/2017,5,0.34,0.13028,0.13028,0.141333043,0,0.068386957,0,8.52E-14,5.46E-07,0,4.21E-07,0
06/12/2017,6,0.37,0.28446,0.276524155,0.062994591,0,0.030481254,0,4.77E-13,9.10E-07,0,7.12E-07,0
06/12/2017,7,0.39,0.432889,0.31589441,0.07410559,0.11699459,0,1.41E-13,0,0,5.96E-07,0,5.78E-07
06/12/2017,8,0.39,0.55529,0.375482729,0.014517271,0.174660705,0,3.42E-14,0,0,2.51E-07,0,2.71E-07
06/12/2017,9,0.48,0.594933,0.420075468,0.059924532,0.174266582,0,3.30E-14,0,0,4.63E-07,0,3.78E-07
06/12/2017,10,0.35,0.761807,0.35,1.52E-14,0.359041339,0,1.56E-14,0,0,3.12E-07,0,3.07E-07
06/12/2017,11,0.34,0.913458,0.34,1.14E-14,0.488135893,0,1.46E-14,0,0,2.36E-07,0,2.77E-07
06/12/2017,12,1.48,0.760563,0.760563,0.484837978,0,0.234599022,0,1.50E-13,1.32E-06,0,1.03E-06,0
06/12/2017,13,0.35,0.948532,0.35,1.55E-14,0.509088214,0,2.01E-14,0,0,3.99E-07,0,3.77E-07
06/12/2017,14,0.62,0.928318,0.618567062,0.001432938,0.298613286,0,2.46E-14,0,0,4.59E-07,0,4.01E-07
06/12/2017,15,0.38,0.817269,0.38,1.49E-14,0.381912589,0,1.50E-14,0,0,2.92E-07,0,3.08E-07
06/12/2017,16,0.45,0.630653,0.428465657,0.021534343,0.196902248,0,2.98E-14,0,0,2.09E-07,0,2.44E-07
06/12/2017,17,0.53,0.23212,0.23212,0.200745217,0,0.097134783,0,7.62E-14,6.25E-07,0,4.84E-07,0
06/12/2017,18,0.79,0.001214,0.001214,0.531573174,0,0.257212826,0,3.80E-14,6.82E-07,0,5.28E-07,0
06/12/2017,19,0.49,0,0,0.330217391,0,0.159782609,0,1.04E-13,8.89E-07,0,6.95E-07,0
06/12/2017,20,0.39,0,0,0.262826087,0,0.127173913,0,3.46E-13,1.38E-06,0,1.08E-06,0
06/12/2017,21,0.44,0,0,0.296521739,0,0.143478261,0,2.73E-13,1.35E-06,0,1.06E-06,0
06/12/2017,22,0.64,0,0,0.431304348,0,0.208695652,0,4.80E-14,6.62E-07,0,5.15E-07,0
06/12/2017,23,0.51,0,0,0.343695652,0,0.166304348,0,9.48E-14,8.79E-07,0,6.87E-07,0
07/12/2017,0,3.6,0,0,2.709289512,0,0.890710488,0,1.53E-12,0.298542693,0,0.260546351,0
07/12/2017,1,0.72,0,0,0.485217391,0,0.234782609,0,6.24E-14,7.95E-07,0,6.22E-07,0
07/12/2017,2,1.05,0,0,0.707608696,0,0.342391304,0,1.87E-14,5.54E-07,0,4.26E-07,0
07/12/2017,3,1,0,0,0.673913043,0,0.326086957,0,9.32E-14,1.16E-06,0,8.99E-07,0
07/12/2017,4,0.97,0.034831,0.034831,0.630222587,0,0.304946413,0,3.65E-14,7.60E-07,0,5.87E-07,0
07/12/2017,5,0.98,0.243276,0.243276,0.496487913,0,0.240236087,0,5.09E-14,7.56E-07,0,5.84E-07,0
07/12/2017,6,1.01,0.341552,0.341552,0.450475826,0,0.217972174,0,1.65E-13,1.30E-06,0,1.01E-06,0
07/12/2017,7,0.82,0.658265,0.636450953,0.123696097,0,0.05985295,0,1.58E-13,7.05E-07,0,5.55E-07,0
07/12/2017,8,0.29,0.608805,0.29,4.01E-14,0.279486161,0,3.87E-14,0,0,4.10E-07,0,4.30E-07
07/12/2017,9,0.38,0.923385,0.38,8.69E-15,0.467184375,0,1.02E-14,0,0,1.89E-07,0,2.23E-07
07/12/2017,10,1.8,1.005684,1.005684,0.535299913,0,0.259016087,0,6.42E-14,9.45E-07,0,7.32E-07,0
07/12/2017,11,0.29,1.188788,0.29,9.83E-15,0.745543929,0,1.55E-14,0,0,4.52E-07,0,4.87E-07
07/12/2017,12,0.23,0.990686,0.23,1.61E-14,0.629747679,0,2.57E-14,0,0,6.27E-07,0,5.91E-07
07/12/2017,13,0.17,0.502638,0.17,1.72E-14,0.280959107,0,2.35E-14,0,0,2.52E-07,0,2.80E-07
07/12/2017,14,0.16,0.529639,0.16,1.45E-14,0.309888482,0,2.10E-14,0,0,2.47E-07,0,2.70E-07
07/12/2017,15,0.22,0.370953,0.22,1.03E-13,0.138980089,0,4.66E-14,0,0,2.73E-07,0,3.01E-07
07/12/2017,16,1.6,0.20537,0.20537,0.939859348,0,0.454770652,0,1.86E-14,6.34E-07,0,4.84E-07,0
07/12/2017,17,0.96,0.20075,0.20075,0.511668478,0,0.247581522,0,2.58E-14,5.47E-07,0,4.20E-07,0
07/12/2017,18,0.39,0,0,0.262826087,0,0.127173913,0,3.46E-13,1.38E-06,0,1.08E-06,0
07/12/2017,19,1.38,0,0,0.93,0,0.45,0,2.17E-14,6.91E-07,0,5.29E-07,0
07/12/2017,20,2.76,0,0,2.025779631,0,0.734220369,0,3.68E-23,0.174759361,0,0.15251726,0
07/12/2017,21,1.25,0,0,0.842391304,0,0.407608696,0,2.82E-14,7.17E-07,0,5.49E-07,0
07/12/2017,22,0.5,0,0,0.336956522,0,0.163043478,0,9.90E-14,8.94E-07,0,7.00E-07,0
07/12/2017,23,2.53,0,0,1.838628116,0,0.691371884,0,2.60E-28,0.140866306,0,0.122937867,0
08/12/2017,0,1.8,0,0,1.244625482,0,0.555374518,0,5.96E-19,0.033292695,0,0.029055443,0
08/12/2017,1,0.56,0,0,0.377391304,0,0.182608696,0,7.91E-14,8.14E-07,0,6.30E-07,0
08/12/2017,2,0.24,0,0,0.16173913,0,0.07826087,0,1.70E-13,7.88E-07,0,6.12E-07,0
08/12/2017,3,0.22,0,0,0.14826087,0,0.07173913,0,2.71E-13,9.78E-07,0,7.67E-07,0
08/12/2017,4,0.2,0.065798,0.065798,0.090440478,0,0.043761522,0,1.47E-13,5.55E-07,0,4.30E-07,0
08/12/2017,5,0.35,0.322577,0.306949146,0.029012532,0,0.014038322,0,7.51E-13,7.59E-07,0,5.90E-07,0
08/12/2017,6,0.4,0.808966,0.4,6.42E-14,0.36077625,0,5.76E-14,0,0,7.26E-07,0,6.69E-07
08/12/2017,7,0.46,1.102993,0.46,8.98E-15,0.553655089,0,1.04E-14,0,0,2.22E-07,0,2.51E-07
08/12/2017,8,0.38,2.179646,0.38,7.18E-21,1.454703912,0,1.16E-20,0,0,0.11461945,0,0.06877167
08/12/2017,9,0.4,2.553745,0.4,5.55E-22,1.714251521,0,9.01E-22,0,0,0.2533743,0,0.15202458
08/12/2017,10,0.52,2.889504,0.52,2.51E-18,1.880256771,0,3.70E-18,0,0,0.342121154,0,0.205272692
08/12/2017,11,0.32,2.610973,0.32,2.45E-23,1.808441109,0,5.15E-23,0,0,0.303728307,0,0.182236984
08/12/2017,12,0.58,2.554312,0.58,2.81E-16,1.596588879,0,4.18E-16,0,0,0.190471535,0,0.114282921
08/12/2017,13,0.61,2.329513,0.61,2.57E-15,1.413061746,0,3.61E-15,0,0,0.092357436,0,0.055414461
08/12/2017,14,0.6,1.871739,0.6,8.08E-15,1.070147411,0,1.14E-14,0,0,4.50E-07,0,4.77E-07
08/12/2017,15,0.74,1.300085,0.74,1.12E-13,0.509532589,0,6.47E-14,0,0,8.68E-07,0,8.54E-07
08/12/2017,16,0.44,0.593955,0.408164614,0.031835386,0.182094788,0,3.03E-14,0,0,3.45E-07,0,3.12E-07
08/12/2017,17,0.5,0.209873,0.209873,0.19552037,0,0.09460663,0,2.34E-13,1.07E-06,0,8.33E-07,0
08/12/2017,18,0.43,0,0,0.289782609,0,0.140217391,0,1.24E-13,8.81E-07,0,6.85E-07,0
08/12/2017,19,0.46,0,0,0.31,0,0.15,0,2.00E-13,1.17E-06,0,9.06E-07,0
08/12/2017,20,0.59,0,0,0.397608696,0,0.192391304,0,8.91E-14,8.65E-07,0,6.80E-07,0
08/12/2017,21,0.75,0,0,0.505434783,0,0.244565217,0,2.58E-14,5.13E-07,0,4.03E-07,0
08/12/2017,22,0.58,0,0,0.390869565,0,0.189130435,0,8.14E-14,8.18E-07,0,6.47E-07,0
08/12/2017,23,3.25,0,0,2.424493728,0,0.825506272,0,5.81E-21,0.246966305,0,0.21553423,0
09/12/2017,0,0.94,0,0,0.633478261,0,0.306521739,0,3.24E-14,6.36E-07,0,4.87E-07,0
09/12/2017,1,0.62,0,0,0.417826087,0,0.202173913,0,7.85E-14,8.25E-07,0,6.43E-07,0
09/12/2017,2,0.35,0,0,0.235869565,0,0.114130435,0,1.79E-13,9.39E-07,0,7.27E-07,0
09/12/2017,3,0.68,0,0,0.45826087,0,0.22173913,0,7.13E-14,8.21E-07,0,6.42E-07,0
09/12/2017,4,0.28,0.032292,0.032292,0.166933652,0,0.080774348,0,3.35E-13,1.13E-06,0,8.74E-07,0
09/12/2017,5,0.27,0.237635,0.227281069,0.028788844,0,0.013930086,0,2.00E-12,1.27E-06,0,9.98E-07,0
09/12/2017,6,0.32,0.29907,0.284152797,0.024157898,0,0.011689305,0,1.11E-12,8.62E-07,0,6.74E-07,0
09/12/2017,7,0.35,0.434373,0.306574803,0.043425197,0.127330455,0,1.35E-13,0,0,6.16E-07,0,5.88E-07
09/12/2017,8,0.35,0.375082,0.276681016,0.073318984,0.098400984,0,1.78E-13,0,0,5.68E-07,0,5.25E-07
09/12/2017,9,1.56,0.479901,0.479901,0.727892804,0,0.352206196,0,2.02E-14,5.73E-07,0,4.35E-07,0
09/12/2017,10,1.63,0.477825,0.477825,0.776465761,0,0.375709239,0,1.59E-14,5.17E-07,0,3.93E-07,0
09/12/2017,11,1.23,0.612934,0.612934,0.415848826,0,0.201217174,0,2.87E-14,5.23E-07,0,3.99E-07,0
09/12/2017,12,0.37,0.583706,0.37,2.07E-13,0.201460179,0,4.46E-14,0,0,4.45E-07,0,4.57E-07
09/12/2017,13,0.31,0.52658,0.31,1.05E-13,0.198948214,0,5.02E-14,0,0,4.19E-07,0,4.18E-07
09/12/2017,14,0.25,0.501617,0.25,1.14E-13,0.222281518,0,1.01E-13,0,0,3.80E-07,0,4.44E-07
09/12/2017,15,0.22,0.621618,0.22,1.52E-14,0.340407321,0,2.02E-14,0,0,2.90E-07,0,3.25E-07
09/12/2017,16,0.34,0.456519,0.31423744,0.02576256,0.139584619,0,1.15E-13,0,0,5.34E-07,0,5.33E-07
09/12/2017,17,0.45,0.230433,0.230433,0.147969065,0,0.071597935,0,3.82E-13,1.21E-06,0,9.40E-07,0
09/12/2017,18,0.36,0,0,0.242608696,0,0.117391304,0,2.18E-13,1.07E-06,0,8.27E-07,0
09/12/2017,19,0.42,0,0,0.283043478,0,0.136956522,0,3.20E-13,1.40E-06,0,1.09E-06,0
09/12/2017,20,0.31,0,0,0.208913043,0,0.101086957,0,8.52E-14,5.97E-07,0,4.59E-07,0
09/12/2017,21,0.43,0,0,0.289782609,0,0.140217391,0,1.24E-13,8.81E-07,0,6.85E-07,0
09/12/2017,22,0.91,0,0,0.61326087,0,0.29673913,0,3.64E-14,6.61E-07,0,5.05E-07,0
09/12/2017,23,1.22,0,0,0.822173913,0,0.397826087,0,3.24E-14,7.59E-07,0,5.83E-07,0
10/12/2017,0,0.29,0,0,0.195434783,0,0.094565217,0,9.60E-14,6.28E-07,0,4.83E-07,0
10/12/2017,1,0.29,0,0,0.195434783,0,0.094565217,0,9.60E-14,6.28E-07,0,4.83E-07,0
10/12/2017,2,0.3,0,0,0.202173913,0,0.097826087,0,9.19E-14,6.14E-07,0,4.72E-07,0
10/12/2017,3,0.27,0,0,0.181956522,0,0.088043478,0,8.93E-14,5.93E-07,0,4.58E-07,0
10/12/2017,4,0.19,0.032049,0.032049,0.106445239,0,0.051505761,0,1.31E-13,5.95E-07,0,4.61E-07,0
10/12/2017,5,0.19,0.164234,0.157401918,0.021968273,0,0.010629809,0,5.67E-13,5.46E-07,0,4.20E-07,0
10/12/2017,6,0.24,0.31383,0.21781395,0.02218605,0.094658661,0,6.36E-14,0,0,2.75E-07,0,2.71E-07
10/12/2017,7,0.27,0.497704,0.27,1.58E-13,0.204672857,0,1.11E-13,0,0,4.24E-07,0,4.60E-07
10/12/2017,8,0.37,0.887474,0.37,1.26E-14,0.445559464,0,1.46E-14,0,0,3.44E-07,0,3.45E-07
10/12/2017,9,0.33,1.139664,0.33,5.82E-15,0.677140714,0,8.62E-15,0,0,2.21E-07,0,2.90E-07
10/12/2017,10,0.4,2.645024,0.4,1.35E-28,1.780781464,0,2.73E-28,0,0,0.288941386,0,0.173364832
10/12/2017,11,0.26,2.760833,0.26,2.14E-20,1.957027248,0,3.52E-20,0,0,0.383162857,0,0.229897714
10/12/2017,12,0.36,2.00479,0.36,8.49E-15,1.340377279,0,1.36E-14,0,0,0.053500124,0,0.032100074
10/12/2017,13,0.46,2.437548,0.46,1.79E-23,1.590201118,0,3.71E-23,0,0,0.187056621,0,0.112233972
10/12/2017,14,0.28,1.600707,0.28,3.68E-15,1.083782411,0,6.24E-15,0,0,3.68E-07,0,3.52E-07
10/12/2017,15,0.26,1.275102,0.26,4.66E-15,0.836599821,0,7.68E-15,0,0,3.49E-07,0,3.32E-07
10/12/2017,16,0.72,0.611483,0.587244339,0.089465771,0,0.043289889,0,3.74E-13,9.24E-07,0,7.20E-07,0
10/12/2017,17,1.33,0.215803,0.215803,0.750871891,0,0.363325109,0,2.14E-14,6.09E-07,0,4.72E-07,0
10/12/2017,18,1.36,0,0,0.916521739,0,0.443478261,0,8.64E-14,1.37E-06,0,1.06E-06,0
10/12/2017,19,1.2,0,0,0.808695652,0,0.391304348,0,4.60E-14,8.90E-07,0,6.81E-07,0
10/12/2017,20,1.18,0,0,0.795217391,0,0.384782609,0,5.49E-14,9.75E-07,0,7.45E-07,0
10/12/2017,21,1.25,0,0,0.842391304,0,0.407608696,0,2.82E-14,7.17E-07,0,5.49E-07,0
10/12/2017,22,1.19,0,0,0.801956522,0,0.388043478,0,5.47E-14,9.70E-07,0,7.36E-07,0
10/12/2017,23,1.21,0,0,0.815434783,0,0.394565217,0,3.42E-14,7.77E-07,0,5.95E-07,0
11/12/2017,0,1.11,0,0,0.748043478,0,0.361956522,0,8.00E-14,1.17E-06,0,8.99E-07,0
11/12/2017,1,1.07,0,0,0.721086957,0,0.348913043,0,7.70E-14,1.16E-06,0,8.89E-07,0
11/12/2017,2,1.09,0,0,0.734565217,0,0.355434783,0,7.98E-14,1.17E-06,0,9.03E-07,0
11/12/2017,3,1.06,0,0,0.714347826,0,0.345652174,0,9.86E-14,1.29E-06,0,9.96E-07,0
11/12/2017,4,1.04,0.014084,0.014084,0.691378174,0,0.334537826,0,7.90E-14,1.14E-06,0,8.74E-07,0
11/12/2017,5,1.04,0.152773,0.152773,0.597913848,0,0.289313152,0,2.41E-14,5.64E-07,0,4.35E-07,0
11/12/2017,6,0.96,0.368046,0.368046,0.398925522,0,0.193028478,0,1.67E-13,1.29E-06,0,1.00E-06,0
11/12/2017,7,1.33,0.607407,0.607407,0.486964848,0,0.235628152,0,7.47E-14,9.65E-07,0,7.48E-07,0
11/12/2017,8,1.35,0.725885,0.725885,0.420599239,0,0.203515761,0,1.19E-13,1.16E-06,0,9.00E-07,0
11/12/2017,9,3.2,0.566414,0.566414,1.922916276,0,0.710669724,0,2.77E-24,0.156130854,0,0.136259654,0
11/12/2017,10,2.4,1.288601,1.288601,0.748986283,0,0.362412717,0,2.09E-14,6.22E-07,0,4.74E-07,0
11/12/2017,11,1.05,2.927748,1.05,6.71E-20,1.560463482,0,9.52E-20,0,0,0.1711588,0,0.10269528
11/12/2017,12,1.09,2.779576,1.09,2.49E-26,1.42622721,0,3.61E-26,0,0,0.099395728,0,0.059637437
11/12/2017,13,1.13,2.473548,1.13,1.35E-14,1.170440357,0,1.40E-14,0,0,5.35E-07,0,5.73E-07
11/12/2017,14,1.14,1.927466,1.14,3.78E-14,0.724392321,0,1.75E-14,0,0,4.67E-07,0,4.67E-07
11/12/2017,15,1.11,1.317783,0.94264382,0.16735618,0.37513918,0,2.40E-14,0,0,3.42E-07,0,3.44E-07
11/12/2017,16,2.57,0.611622,0.611622,1.373498015,0,0.584879985,0,4.77E-16,0.056631453,0,0.049423814,0
11/12/2017,17,3.99,0.216688,0.216688,2.850313874,0,0.922998126,0,5.71E-13,0.324082142,0,0.282835324,0
11/12/2017,18,3.72,0,0,2.80693378,0,0.91306622,0,1.14E-26,0.316226027,0,0.275979078,0
11/12/2017,19,2.1,0,0,1.488736153,0,0.611263847,0,6.35E-20,0.077501028,0,0.067637261,0
11/12/2017,20,4.02,0,0,3.051044452,0,0.968955548,0,7.68E-27,0.36043436,0,0.314560896,0
11/12/2017,21,1.25,0,0,0.842391304,0,0.407608696,0,2.82E-14,7.17E-07,0,5.49E-07,0
11/12/2017,22,1.67,0,0,1.138844191,0,0.531155809,0,5.15E-24,0.014135751,0,0.012336655,0
11/12/2017,23,0.34,0,0,0.229130435,0,0.110869565,0,6.68E-14,5.46E-07,0,4.22E-07,0
12/12/2017,0,0.67,0,0,0.451521739,0,0.218478261,0,7.63E-14,8.42E-07,0,6.59E-07,0
12/12/2017,1,0.98,0,0,0.660434783,0,0.319565217,0,9.62E-14,1.15E-06,0,8.88E-07,0
12/12/2017,2,0.9,0,0,0.606521739,0,0.293478261,0,4.39E-14,7.26E-07,0,5.55E-07,0
12/12/2017,3,0.9,0,0,0.606521739,0,0.293478261,0,4.39E-14,7.26E-07,0,5.55E-07,0
12/12/2017,4,0.89,0.042302,0.042302,0.571274739,0,0.276423261,0,2.84E-14,6.35E-07,0,4.90E-07,0
12/12/2017,5,0.78,0.254576,0.254576,0.354090087,0,0.171333913,0,6.20E-14,7.41E-07,0,5.72E-07,0
12/12/2017,6,0.31,0.944337,0.31,1.98E-14,0.534645804,0,2.76E-14,0,0,5.89E-07,0,5.39E-07
12/12/2017,7,0.66,1.618835,0.66,1.92E-14,0.823528125,0,2.27E-14,0,0,6.14E-07,0,6.17E-07
12/12/2017,8,1.82,2.252064,1.591016617,0.228983383,0.659048339,0,3.35E-14,0,0,3.99E-07,0,6.24E-07
12/12/2017,9,1.4,2.624588,1.4,8.87E-15,1.096543929,0,6.57E-15,0,0,3.87E-07,0,3.94E-07
12/12/2017,10,2.9,2.9735,2.224237705,0.675762295,0.749262295,0,2.15E-14,0,0,7.05E-07,0,6.17E-07
12/12/2017,11,0.27,2.971711,0.27,5.35E-26,2.10416878,0,8.73E-26,0,0,0.461825116,0,0.277095069
12/12/2017,12,0.18,2.859568,0.18,1.60E-23,2.08146978,0,2.66E-23,0,0,0.449690169,0,0.269814102
12/12/2017,13,0.18,2.517229,0.18,2.03E-21,1.831951334,0,4.03E-21,0,0,0.316296937,0,0.189778162
12/12/2017,14,0.21,2.044953,0.21,1.11E-20,1.468047218,0,1.63E-20,0,0,0.121752817,0,0.07305169
12/12/2017,15,0.2,1.364942,0.2,2.95E-15,0.952185536,0,5.14E-15,0,0,2.68E-07,0,2.80E-07
12/12/2017,16,0.26,0.632165,0.26,5.12E-14,0.319954018,0,6.02E-14,0,0,5.11E-07,0,5.64E-07
12/12/2017,17,1.78,0.216435,0.216435,1.053706848,0,0.509858152,0,1.66E-14,6.31E-07,0,4.81E-07,0
12/12/2017,18,0.49,0,0,0.330217391,0,0.159782609,0,1.04E-13,8.89E-07,0,6.95E-07,0
12/12/2017,19,0.47,0,0,0.31673913,0,0.15326087,0,1.52E-13,1.03E-06,0,7.99E-07,0
12/12/2017,20,0.41,0,0,0.276304348,0,0.133695652,0,9.39E-14,7.50E-07,0,5.84E-07,0
12/12/2017,21,0.51,0,0,0.343695652,0,0.166304348,0,9.48E-14,8.79E-07,0,6.87E-07,0
12/12/2017,22,0.31,0,0,0.208913043,0,0.101086957,0,8.52E-14,5.97E-07,0,4.59E-07,0
12/12/2017,23,1.22,0,0,0.822173913,0,0.397826087,0,3.24E-14,7.59E-07,0,5.83E-07,0
13/12/2017,0,0.23,0,0,0.155,0,0.075,0,1.34E-13,6.83E-07,0,5.31E-07,0
13/12/2017,1,0.22,0,0,0.14826087,0,0.07173913,0,2.71E-13,9.78E-07,0,7.67E-07,0
13/12/2017,2,0.22,0,0,0.14826087,0,0.07173913,0,2.71E-13,9.78E-07,0,7.67E-07,0
13/12/2017,3,0.22,0,0,0.14826087,0,0.07173913,0,2.71E-13,9.78E-07,0,7.67E-07,0
13/12/2017,4,0.42,0,0,0.283043478,0,0.136956522,0,3.20E-13,1.40E-06,0,1.09E-06,0
13/12/2017,5,0.3,0.111721,0.111721,0.126883674,0,0.061395326,0,1.55E-13,7.21E-07,0,5.59E-07,0
13/12/2017,6,0.29,0.400996,0.273544343,0.016455657,0.124397752,0,1.90E-13,0,0,4.17E-07,0,4.52E-07
13/12/2017,7,0.57,0.365496,0.364311297,0.1386163,0,0.067072403,0,9.61E-14,5.58E-07,0,4.29E-07,0
13/12/2017,8,0.67,0.540756,0.52249126,0.099408064,0,0.048100676,0,7.11E-13,1.33E-06,0,1.04E-06,0
13/12/2017,9,0.69,0.687733,0.649060565,0.027589619,0,0.013349816,0,1.05E-12,8.66E-07,0,6.74E-07,0
13/12/2017,10,0.48,1.225607,0.48,6.13E-15,0.637719911,0,7.56E-15,0,0,1.91E-07,0,2.34E-07
13/12/2017,11,0.42,2.026139,0.42,1.38E-18,1.316579153,0,2.31E-18,0,0,0.040777582,0,0.024466549
13/12/2017,12,0.45,2.401591,0.45,5.48E-14,1.570553141,0,1.12E-13,0,0,0.176552759,0,0.105931656
13/12/2017,13,0.42,1.954013,0.42,7.20E-18,1.264009135,0,1.16E-17,0,0,0.012673508,0,0.007604105
13/12/2017,14,0.61,1.436228,0.61,2.52E-14,0.712951071,0,2.86E-14,0,0,6.09E-07,0,6.33E-07
13/12/2017,15,1.07,1.332125,0.939231604,0.130768396,0.391191875,0,3.09E-14,0,0,3.74E-07,0,4.64E-07
13/12/2017,16,1.11,0.634289,0.634289,0.320587848,0,0.155123152,0,6.50E-14,7.33E-07,0,5.70E-07,0
13/12/2017,17,3.1,0.218823,0.218823,2.124381627,0,0.756795373,0,2.88E-21,0.192616138,0,0.168101357,0
13/12/2017,18,1.65,0,0,1.122570146,0,0.527429854,0,9.56E-23,0.011188529,0,0.009764534,0
13/12/2017,19,0.26,0,0,0.175217391,0,0.084782609,0,1.03E-13,6.25E-07,0,4.83E-07,0
13/12/2017,20,0.38,0,0,0.256086957,0,0.123913043,0,3.49E-13,1.35E-06,0,1.06E-06,0
13/12/2017,21,0.39,0,0,0.262826087,0,0.127173913,0,3.46E-13,1.38E-06,0,1.08E-06,0
13/12/2017,22,1.38,0,0,0.93,0,0.45,0,2.17E-14,6.91E-07,0,5.29E-07,0
13/12/2017,23,0.76,0,0,0.512173913,0,0.247826087,0,1.64E-13,1.32E-06,0,1.03E-06,0
14/12/2017,0,0.46,0,0,0.31,0,0.15,0,2.00E-13,1.17E-06,0,9.06E-07,0
14/12/2017,1,0.41,0,0,0.276304348,0,0.133695652,0,9.39E-14,7.50E-07,0,5.84E-07,0
14/12/2017,2,0.3,0,0,0.202173913,0,0.097826087,0,9.19E-14,6.14E-07,0,4.72E-07,0
14/12/2017,3,0.24,0,0,0.16173913,0,0.07826087,0,1.70E-13,7.88E-07,0,6.12E-07,0
14/12/2017,4,0.2,0.042747,0.042747,0.105974848,0,0.051278152,0,1.36E-13,5.94E-07,0,4.58E-07,0
14/12/2017,5,0.28,0.263486,0.250160221,0.020109416,0,0.009730363,0,2.43E-12,1.18E-06,0,9.23E-07,0
14/12/2017,6,0.32,0.918625,0.32,3.10E-14,0.506752232,0,4.17E-14,0,0,5.72E-07,0,6.41E-07
14/12/2017,7,0.34,1.715172,0.34,4.09E-15,1.132370357,0,6.78E-15,0,0,5.38E-07,0,4.47E-07
14/12/2017,8,0.46,2.280309,0.46,1.52E-14,1.47559533,0,1.87E-14,0,0,0.125788058,0,0.075472835
14/12/2017,9,0.59,2.703822,0.59,1.86E-14,1.699001507,0,3.32E-14,0,0,0.245221601,0,0.147132961
14/12/2017,10,0.57,2.933387,0.57,4.10E-18,1.879442631,0,6.00E-18,0,0,0.341685912,0,0.205011547
14/12/2017,11,0.6,2.978347,0.6,3.63E-19,1.892533021,0,5.48E-19,0,0,0.34868407,0,0.209210442
14/12/2017,12,0.51,2.855118,0.51,1.72E-16,1.861753839,0,1.96E-16,0,0,0.332229436,0,0.199337662
14/12/2017,13,0.48,2.57859,0.48,2.28E-14,1.679881956,0,4.65E-14,0,0,0.235000238,0,0.141000143
14/12/2017,14,0.43,1.928091,0.43,6.60E-15,1.238376696,0,1.06E-14,0,0,6.30E-07,0,5.96E-07
14/12/2017,15,0.43,1.339108,0.43,2.76E-14,0.765086786,0,3.90E-14,0,0,4.80E-07,0,6.01E-07
14/12/2017,16,0.5,0.634633,0.444664635,0.055335365,0.18838513,0,8.73E-14,0,0,5.61E-07,0,5.04E-07
14/12/2017,17,0.58,0.223456,0.223456,0.240279652,0,0.116264348,0,1.32E-13,9.17E-07,0,7.19E-07,0
14/12/2017,18,0.63,0,0,0.424565217,0,0.205434783,0,8.00E-14,8.41E-07,0,6.55E-07,0
14/12/2017,19,0.61,0,0,0.411086957,0,0.198913043,0,7.71E-14,8.10E-07,0,6.32E-07,0
14/12/2017,20,0.56,0,0,0.377391304,0,0.182608696,0,7.91E-14,8.14E-07,0,6.30E-07,0
14/12/2017,21,0.57,0,0,0.384130435,0,0.185869565,0,7.42E-14,7.91E-07,0,6.10E-07,0
14/12/2017,22,0.63,0,0,0.424565217,0,0.205434783,0,8.00E-14,8.41E-07,0,6.55E-07,0
14/12/2017,23,0.53,0,0,0.357173913,0,0.172826087,0,7.95E-14,8.04E-07,0,6.26E-07,0
15/12/2017,0,0.48,0,0,0.323478261,0,0.156521739,0,1.16E-13,9.20E-07,0,7.15E-07,0
15/12/2017,1,0.49,0,0,0.330217391,0,0.159782609,0,1.04E-13,8.89E-07,0,6.95E-07,0
15/12/2017,2,0.49,0,0,0.330217391,0,0.159782609,0,1.04E-13,8.89E-07,0,6.95E-07,0
15/12/2017,3,0.5,0,0,0.336956522,0,0.163043478,0,9.90E-14,8.94E-07,0,7.00E-07,0
15/12/2017,4,0.5,0.034135,0.034135,0.3139525,0,0.1519125,0,2.16E-13,1.28E-06,0,9.88E-07,0
15/12/2017,5,0.57,0.25689,0.25689,0.211008913,0,0.102101087,0,1.35E-13,8.76E-07,0,6.83E-07,0
15/12/2017,6,0.68,0.936685,0.63971234,0.04028766,0.2900442,0,2.02E-14,0,0,2.00E-07,0,2.28E-07
15/12/2017,7,0.7,1.705504,0.7,2.18E-14,0.864244286,0,2.57E-14,0,0,5.30E-07,0,6.42E-07
15/12/2017,8,0.65,2.254628,0.65,2.14E-14,1.332241703,0,3.08E-14,0,0,0.049150823,0,0.029490494
15/12/2017,9,0.59,2.693731,0.59,2.25E-26,1.691646544,0,4.45E-26,0,0,0.241289618,0,0.144773771
15/12/2017,10,0.54,2.984624,0.54,6.51E-16,1.936466734,0,1.13E-15,0,0,0.372171151,0,0.223302691
15/12/2017,11,0.51,2.920909,0.51,6.20E-14,1.909706506,0,5.81E-14,0,0,0.357865061,0,0.214719037
15/12/2017,12,0.48,2.859649,0.48,1.65E-15,1.884735638,0,2.63E-15,0,0,0.344515568,0,0.206709341
15/12/2017,13,0.49,2.539679,0.49,1.61E-14,1.644961371,0,3.09E-14,0,0,0.216331599,0,0.12979896
15/12/2017,14,0.48,1.953045,0.48,9.28E-15,1.222268304,0,1.46E-14,0,0,6.18E-07,0,5.87E-07
15/12/2017,15,0.48,1.318014,0.48,3.44E-14,0.711975536,0,4.48E-14,0,0,5.01E-07,0,6.32E-07
15/12/2017,16,0.63,0.589269,0.559828654,0.047289385,0,0.022881961,0,2.87E-13,5.62E-07,0,4.34E-07,0
15/12/2017,17,0.73,0.216249,0.216249,0.3462235,0,0.1675275,0,7.71E-14,8.33E-07,0,6.48E-07,0
15/12/2017,18,0.75,0,0,0.505434783,0,0.244565217,0,2.58E-14,5.13E-07,0,4.03E-07,0
15/12/2017,19,0.62,0,0,0.417826087,0,0.202173913,0,7.85E-14,8.25E-07,0,6.43E-07,0
15/12/2017,20,0.53,0,0,0.357173913,0,0.172826087,0,7.95E-14,8.04E-07,0,6.26E-07,0
15/12/2017,21,0.55,0,0,0.370652174,0,0.179347826,0,8.40E-14,8.37E-07,0,6.49E-07,0
15/12/2017,22,0.52,0,0,0.350434783,0,0.169565217,0,8.97E-14,8.49E-07,0,6.61E-07,0
15/12/2017,23,0.48,0,0,0.323478261,0,0.156521739,0,1.16E-13,9.20E-07,0,7.15E-07,0
16/12/2017,0,0.49,0,0,0.330217391,0,0.159782609,0,1.04E-13,8.89E-07,0,6.95E-07,0
16/12/2017,1,0.49,0,0,0.330217391,0,0.159782609,0,1.04E-13,8.89E-07,0,6.95E-07,0
16/12/2017,2,0.53,0,0,0.357173913,0,0.172826087,0,7.95E-14,8.04E-07,0,6.26E-07,0
16/12/2017,3,0.58,0,0,0.390869565,0,0.189130435,0,8.14E-14,8.18E-07,0,6.47E-07,0
16/12/2017,4,0.58,0.033238,0.033238,0.368470043,0,0.178291957,0,1.51E-13,1.13E-06,0,8.68E-07,0
16/12/2017,5,0.64,0.240839,0.240839,0.268999804,0,0.130161196,0,1.08E-13,8.80E-07,0,6.85E-07,0
16/12/2017,6,0.66,0.933401,0.632428682,0.027571318,0.292672918,0,2.95E-14,0,0,5.09E-07,0,4.25E-07
16/12/2017,7,0.63,1.681964,0.63,1.91E-14,0.895953214,0,2.44E-14,0,0,6.29E-07,0,6.66E-07
16/12/2017,8,0.58,2.225086,0.58,1.77E-15,1.356628022,0,2.56E-15,0,0,0.062187815,0,0.037312689
16/12/2017,9,0.53,2.631623,0.53,1.24E-14,1.685736918,0,2.60E-14,0,0,0.238130316,0,0.14287819
16/12/2017,10,0.51,2.831882,0.51,2.54E-17,1.844817964,0,3.05E-17,0,0,0.323175472,0,0.193905283
16/12/2017,11,0.49,2.923849,0.49,3.75E-27,1.924968911,0,3.51E-27,0,0,0.366024383,0,0.21961463
16/12/2017,12,0.57,2.749249,0.57,1.85E-15,1.74523114,0,3.67E-15,0,0,0.269936088,0,0.161961653
16/12/2017,13,0.57,2.434804,0.57,3.96E-26,1.516043617,0,8.41E-26,0,0,0.147411821,0,0.088447093
16/12/2017,14,0.55,1.902035,0.55,1.15E-14,1.130653125,0,1.70E-14,0,0,6.75E-07,0,6.24E-07
16/12/2017,15,0.55,1.272154,0.55,4.08E-14,0.62449875,0,4.54E-14,0,0,4.94E-07,0,5.96E-07
16/12/2017,16,0.59,0.596434,0.44818777,0.14181223,0.14824623,0,3.68E-14,0,0,2.26E-07,0,2.42E-07
16/12/2017,17,0.63,0.203593,0.203593,0.287361239,0,0.139045761,0,1.12E-13,9.29E-07,0,7.26E-07,0
16/12/2017,18,0.61,0,0,0.411086957,0,0.198913043,0,7.71E-14,8.10E-07,0,6.32E-07,0
16/12/2017,19,0.54,0,0,0.363913043,0,0.176086957,0,8.84E-14,8.55E-07,0,6.64E-07,0
16/12/2017,20,0.51,0,0,0.343695652,0,0.166304348,0,9.48E-14,8.79E-07,0,6.87E-07,0
16/12/2017,21,0.52,0,0,0.350434783,0,0.169565217,0,8.97E-14,8.49E-07,0,6.61E-07,0
16/12/2017,22,0.6,0,0,0.404347826,0,0.195652174,0,4.03E-14,5.74E-07,0,4.48E-07,0
16/12/2017,23,0.56,0,0,0.377391304,0,0.182608696,0,7.91E-14,8.14E-07,0,6.30E-07,0
17/12/2017,0,0.57,0,0,0.384130435,0,0.185869565,0,7.42E-14,7.91E-07,0,6.10E-07,0
17/12/2017,1,0.58,0,0,0.390869565,0,0.189130435,0,8.14E-14,8.18E-07,0,6.47E-07,0
17/12/2017,2,0.57,0,0,0.384130435,0,0.185869565,0,7.42E-14,7.91E-07,0,6.10E-07,0
17/12/2017,3,0.52,0,0,0.350434783,0,0.169565217,0,8.97E-14,8.49E-07,0,6.61E-07,0
17/12/2017,4,0.49,0.030239,0.030239,0.309838935,0,0.149922065,0,1.70E-13,1.13E-06,0,8.73E-07,0
17/12/2017,5,0.55,0.249222,0.249222,0.202698217,0,0.098079783,0,1.50E-13,9.12E-07,0,7.16E-07,0
17/12/2017,6,0.61,0.923673,0.61,1.43E-12,0.301076518,0,5.45E-14,0,0,5.42E-07,0,5.53E-07
17/12/2017,7,0.64,1.677615,0.64,1.65E-14,0.885226339,0,2.07E-14,0,0,6.15E-07,0,6.29E-07
17/12/2017,8,0.65,2.209968,0.65,5.98E-15,1.299690654,0,8.58E-15,0,0,0.031748944,0,0.019049367
17/12/2017,9,0.59,2.658938,0.59,4.67E-26,1.666287192,0,1.22E-25,0,0,0.22773244,0,0.136639464
17/12/2017,10,0.59,2.955466,0.59,2.77E-19,1.882415665,0,4.37E-19,0,0,0.343275304,0,0.205965182
17/12/2017,11,0.55,2.916784,0.55,4.16E-17,1.880460853,0,6.60E-17,0,0,0.342230256,0,0.205338154
17/12/2017,12,0.54,2.790234,0.54,2.65E-19,1.794782934,0,4.14E-19,0,0,0.29642661,0,0.177855966
17/12/2017,13,0.5,2.472895,0.5,2.62E-27,1.58972517,0,3.74E-27,0,0,0.186802177,0,0.112081306
17/12/2017,14,0.5,1.926344,0.5,1.09E-14,1.186347857,0,1.68E-14,0,0,6.83E-07,0,6.34E-07
17/12/2017,15,0.48,1.296189,0.48,3.53E-14,0.694437589,0,4.55E-14,0,0,5.16E-07,0,6.06E-07
17/12/2017,16,0.55,0.581756,0.430892393,0.119107607,0.150863607,0,3.87E-14,0,0,2.42E-07,0,2.57E-07
17/12/2017,17,0.63,0.205638,0.205638,0.285983087,0,0.138378913,0,1.12E-13,9.26E-07,0,7.24E-07,0
17/12/2017,18,0.64,0,0,0.431304348,0,0.208695652,0,4.80E-14,6.62E-07,0,5.15E-07,0
17/12/2017,19,0.62,0,0,0.417826087,0,0.202173913,0,7.85E-14,8.25E-07,0,6.43E-07,0
17/12/2017,20,0.56,0,0,0.377391304,0,0.182608696,0,7.91E-14,8.14E-07,0,6.30E-07,0
17/12/2017,21,0.6,0,0,0.404347826,0,0.195652174,0,4.03E-14,5.74E-07,0,4.48E-07,0
17/12/2017,22,0.59,0,0,0.397608696,0,0.192391304,0,8.91E-14,8.65E-07,0,6.80E-07,0
17/12/2017,23,0.53,0,0,0.357173913,0,0.172826087,0,7.95E-14,8.04E-07,0,6.26E-07,0
18/12/2017,0,0.49,0,0,0.330217391,0,0.159782609,0,1.04E-13,8.89E-07,0,6.95E-07,0
18/12/2017,1,0.28,0,0,0.188695652,0,0.091304348,0,8.01E-14,5.70E-07,0,4.40E-07,0
18/12/2017,2,0.26,0,0,0.175217391,0,0.084782609,0,1.03E-13,6.25E-07,0,4.83E-07,0
18/12/2017,3,0.19,0,0,0.128043478,0,0.061956522,0,6.55E-13,1.31E-06,0,1.04E-06,0
18/12/2017,4,0.19,0.03748,0.03748,0.102785217,0,0.049734783,0,1.26E-13,5.68E-07,0,4.39E-07,0
18/12/2017,5,0.33,0.179612,0.179612,0.101348435,0,0.049039565,0,1.09E-13,4.95E-07,0,3.82E-07,0
18/12/2017,6,0.4,0.336572,0.323582889,0.051498488,0,0.024918623,0,4.13E-13,7.34E-07,0,5.68E-07,0
18/12/2017,7,0.41,0.540622,0.374235289,0.035764711,0.163776086,0,4.62E-14,0,0,4.07E-07,0,4.18E-07
18/12/2017,8,0.33,0.727681,0.33,1.51E-14,0.346082946,0,1.58E-14,0,0,2.84E-07,0,3.02E-07
18/12/2017,9,0.52,1.325349,0.52,3.10E-14,0.688941161,0,3.81E-14,0,0,4.79E-07,0,5.82E-07
18/12/2017,10,1.94,2.803638,1.887472325,0.052527675,0.887876444,0,2.05E-14,0,0,6.87E-07,0,6.29E-07
18/12/2017,11,2.61,2.850403,2.090368738,0.519631262,0.760034262,0,1.89E-14,0,0,7.59E-07,0,6.27E-07
18/12/2017,12,2.49,2.834995,2.053030246,0.436969754,0.781964754,0,2.19E-14,0,0,8.37E-07,0,6.93E-07
18/12/2017,13,3.2,2.487847,2.415014665,0.529011856,0,0.255973479,0,5.35E-14,8.25E-07,0,6.38E-07,0
18/12/2017,14,1.3,1.956649,1.3,3.70E-12,0.632128661,0,3.51E-14,0,0,3.59E-07,0,5.60E-07
18/12/2017,15,0.65,1.307332,0.65,2.89E-14,0.580445357,0,2.57E-14,0,0,7.77E-07,0,6.36E-07
18/12/2017,16,1.8,0.564877,0.564877,0.8323655,0,0.4027575,0,7.32E-14,1.16E-06,0,8.98E-07,0
18/12/2017,17,2.8,0.203632,0.203632,1.892631906,0,0.703736094,0,4.08E-17,0.150646368,0,0.131473194,0
18/12/2017,18,0.64,0,0,0.431304348,0,0.208695652,0,4.80E-14,6.62E-07,0,5.15E-07,0
18/12/2017,19,0.6,0,0,0.404347826,0,0.195652174,0,4.03E-14,5.74E-07,0,4.48E-07,0
18/12/2017,20,1.06,0,0,0.714347826,0,0.345652174,0,9.86E-14,1.29E-06,0,9.96E-07,0
18/12/2017,21,0.91,0,0,0.61326087,0,0.29673913,0,3.64E-14,6.61E-07,0,5.05E-07,0
18/12/2017,22,0.32,0,0,0.215652174,0,0.104347826,0,7.97E-14,5.84E-07,0,4.49E-07,0
18/12/2017,23,1.23,0,0,0.828913043,0,0.401086957,0,2.88E-14,7.20E-07,0,5.55E-07,0
19/12/2017,0,0.26,0,0,0.175217391,0,0.084782609,0,1.03E-13,6.25E-07,0,4.83E-07,0
19/12/2017,1,0.27,0,0,0.181956522,0,0.088043478,0,8.93E-14,5.93E-07,0,4.58E-07,0
19/12/2017,2,0.38,0,0,0.256086957,0,0.123913043,0,3.49E-13,1.35E-06,0,1.06E-06,0
19/12/2017,3,0.33,0,0,0.222391304,0,0.107608696,0,6.52E-14,5.31E-07,0,4.09E-07,0
19/12/2017,4,0.33,0.020229,0.020229,0.208758717,0,0.101012283,0,7.76E-14,6.01E-07,0,4.67E-07,0
19/12/2017,5,0.42,0.188918,0.188918,0.155729174,0,0.075352826,0,3.28E-13,1.05E-06,0,8.30E-07,0
19/12/2017,6,0.37,0.348102,0.330504462,0.026616558,0,0.01287898,0,7.69E-13,7.20E-07,0,5.57E-07,0
19/12/2017,7,0.7,0.495995,0.487383589,0.143284972,0,0.069331438,0,2.02E-13,8.74E-07,0,6.79E-07,0
19/12/2017,8,0.65,0.624767,0.591842938,0.039192803,0,0.018964259,0,3.40E-13,5.83E-07,0,4.54E-07,0
19/12/2017,9,1.38,1.620602,1.162928885,0.217071115,0.457673115,0,3.19E-14,0,0,4.38E-07,0,5.05E-07
19/12/2017,10,0.76,2.867507,0.76,8.33E-26,1.706789415,0,1.42E-25,0,0,0.249385038,0,0.149631023
19/12/2017,11,0.45,2.902461,0.45,1.07E-25,1.935619066,0,1.01E-25,0,0,0.371717985,0,0.223030791
19/12/2017,12,0.66,2.673972,0.66,5.81E-24,1.631326519,0,1.71E-23,0,0,0.209042371,0,0.125425422
19/12/2017,13,0.45,2.356344,0.45,1.92E-18,1.537574249,0,3.10E-18,0,0,0.158922155,0,0.095353293
19/12/2017,14,0.42,1.79363,0.42,1.79E-14,1.137559821,0,2.85E-14,0,0,9.61E-07,0,8.76E-07
19/12/2017,15,0.42,1.235111,0.42,6.18E-15,0.688749911,0,8.44E-15,0,0,2.75E-07,0,3.07E-07
19/12/2017,16,0.39,0.59647,0.39,4.57E-13,0.197252679,0,3.83E-14,0,0,4.12E-07,0,3.82E-07
19/12/2017,17,0.57,0.195311,0.195311,0.252507804,0,0.122181196,0,1.53E-13,9.81E-07,0,7.62E-07,0
19/12/2017,18,0.93,0,0,0.62673913,0,0.30326087,0,7.38E-14,9.64E-07,0,7.40E-07,0
19/12/2017,19,1.21,0,0,0.815434783,0,0.394565217,0,3.42E-14,7.77E-07,0,5.95E-07,0
19/12/2017,20,0.4,0,0,0.269565217,0,0.130434783,0,9.36E-14,7.27E-07,0,5.71E-07,0
19/12/2017,21,0.36,0,0,0.242608696,0,0.117391304,0,2.18E-13,1.07E-06,0,8.27E-07,0
19/12/2017,22,1.13,0,0,0.761521739,0,0.368478261,0,7.57E-14,1.14E-06,0,8.70E-07,0
19/12/2017,23,0.93,0,0,0.62673913,0,0.30326087,0,7.38E-14,9.64E-07,0,7.40E-07,0
20/12/2017,0,1.53,0,0,1.031086957,0,0.498913043,0,2.03E-14,6.24E-07,0,4.74E-07,0
20/12/2017,1,1.12,0,0,0.754782609,0,0.365217391,0,7.40E-14,1.12E-06,0,8.62E-07,0
20/12/2017,2,1.04,0,0,0.700869565,0,0.339130435,0,7.50E-14,1.09E-06,0,8.49E-07,0
20/12/2017,3,0.9,0,0,0.606521739,0,0.293478261,0,4.39E-14,7.26E-07,0,5.55E-07,0
20/12/2017,4,0.87,0.025775,0.025775,0.568934239,0,0.275290761,0,7.29E-14,9.94E-07,0,7.70E-07,0
20/12/2017,5,0.96,0.23206,0.23206,0.490568261,0,0.237371739,0,3.54E-14,6.28E-07,0,4.83E-07,0
20/12/2017,6,1.11,0.910028,0.877620553,0.15660354,0,0.075775907,0,3.05E-13,1.14E-06,0,8.86E-07,0
20/12/2017,7,0.61,1.676696,0.61,1.51E-14,0.906184286,0,1.97E-14,0,0,6.04E-07,0,6.18E-07
20/12/2017,8,0.66,2.125205,0.66,7.59E-15,1.230432589,0,1.09E-14,0,0,4.71E-07,0,4.81E-07
20/12/2017,9,0.45,2.678076,0.45,3.73E-14,1.772073001,0,6.08E-14,0,0,0.284285819,0,0.170571491
20/12/2017,10,0.4,2.906076,0.4,2.83E-15,1.971052771,0,4.53E-15,0,0,0.390660939,0,0.234396564
20/12/2017,11,0.49,2.946507,0.49,1.71E-17,1.941483503,0,2.39E-17,0,0,0.374853129,0,0.224911877
20/12/2017,12,0.47,2.759663,0.47,8.53E-18,1.818419252,0,1.21E-17,0,0,0.309062649,0,0.18543759
20/12/2017,13,0.4,2.425719,0.4,2.58E-15,1.620938026,0,4.20E-15,0,0,0.203488654,0,0.122093193
20/12/2017,14,0.3,1.748925,0.3,1.17E-14,1.188421875,0,1.99E-14,0,0,6.93E-07,0,7.33E-07
20/12/2017,15,0.52,1.191756,0.52,7.69E-15,0.581589643,0,8.45E-15,0,0,1.99E-07,0,2.52E-07
20/12/2017,16,0.65,0.561523,0.538200209,0.075343337,0,0.036456454,0,2.61E-13,6.83E-07,0,5.24E-07,0
20/12/2017,17,0.61,0.19162,0.19162,0.281951739,0,0.136428261,0,1.43E-13,1.01E-06,0,7.87E-07,0
20/12/2017,18,0.52,0,0,0.350434783,0,0.169565217,0,8.97E-14,8.49E-07,0,6.61E-07,0
20/12/2017,19,0.41,0,0,0.276304348,0,0.133695652,0,9.39E-14,7.50E-07,0,5.84E-07,0
20/12/2017,20,0.72,0,0,0.485217391,0,0.234782609,0,6.24E-14,7.95E-07,0,6.22E-07,0
20/12/2017,21,0.38,0,0,0.256086957,0,0.123913043,0,3.49E-13,1.35E-06,0,1.06E-06,0
20/12/2017,22,0.5,0,0,0.336956522,0,0.163043478,0,9.90E-14,8.94E-07,0,7.00E-07,0
20/12/2017,23,0.96,0,0,0.646956522,0,0.313043478,0,2.70E-14,5.99E-07,0,4.61E-07,0
21/12/2017,0,1.26,0,0,0.849130435,0,0.410869565,0,2.77E-14,7.14E-07,0,5.47E-07,0
21/12/2017,1,0.96,0,0,0.646956522,0,0.313043478,0,2.70E-14,5.99E-07,0,4.61E-07,0
21/12/2017,2,0.91,0,0,0.61326087,0,0.29673913,0,3.64E-14,6.61E-07,0,5.05E-07,0
21/12/2017,3,0.97,0,0,0.653695652,0,0.316304348,0,9.83E-14,1.14E-06,0,8.86E-07,0
21/12/2017,4,0.92,0.01713,0.01713,0.60845587,0,0.29441413,0,7.39E-14,1.02E-06,0,7.91E-07,0
21/12/2017,5,0.93,0.16613,0.16613,0.514781957,0,0.249088043,0,1.39E-13,1.27E-06,0,9.73E-07,0
21/12/2017,6,0.35,0.33542,0.317842409,0.02167142,0,0.010486171,0,1.11E-12,7.92E-07,0,6.16E-07,0
21/12/2017,7,0.33,0.562528,0.33,2.00E-13,0.213370714,0,9.76E-14,0,0,8.11E-07,0,6.94E-07
21/12/2017,8,0.53,1.181037,0.53,1.24E-14,0.565744018,0,1.31E-14,0,0,3.89E-07,0,3.64E-07
21/12/2017,9,0.4,2.76595,0.4,2.43E-16,1.868920026,0,2.83E-16,0,0,0.336060499,0,0.2016363
21/12/2017,10,0.34,2.932316,0.34,1.22E-16,2.029536788,0,2.00E-16,0,0,0.421926652,0,0.253155991
21/12/2017,11,0.25,2.952339,0.25,3.44E-24,2.103168779,0,5.63E-24,0,0,0.461290513,0,0.276774308
21/12/2017,12,0.27,2.777725,0.27,8.60E-17,1.96277944,0,1.42E-16,0,0,0.386237994,0,0.231742797
21/12/2017,13,0.88,2.487583,0.88,2.89E-27,1.351159359,0,5.34E-27,0,0,0.059264253,0,0.035558552
21/12/2017,14,0.59,1.966629,0.59,4.40E-15,1.153630446,0,6.42E-15,0,0,2.87E-07,0,3.29E-07
21/12/2017,15,0.4,1.304736,0.4,4.43E-15,0.759162857,0,6.40E-15,0,0,1.93E-07,0,2.44E-07
21/12/2017,16,0.36,0.584565,0.36,1.11E-13,0.209382589,0,3.62E-14,0,0,3.43E-07,0,3.59E-07
21/12/2017,17,0.42,0.212263,0.212263,0.139996674,0,0.067740326,0,3.74E-13,1.11E-06,0,8.78E-07,0
21/12/2017,18,0.36,0,0,0.242608696,0,0.117391304,0,2.18E-13,1.07E-06,0,8.27E-07,0
21/12/2017,19,0.35,0,0,0.235869565,0,0.114130435,0,1.79E-13,9.39E-07,0,7.27E-07,0
21/12/2017,20,0.33,0,0,0.222391304,0,0.107608696,0,6.52E-14,5.31E-07,0,4.09E-07,0
21/12/2017,21,0.43,0,0,0.289782609,0,0.140217391,0,1.24E-13,8.81E-07,0,6.85E-07,0
21/12/2017,22,1.56,0,0,1.051304348,0,0.508695652,0,2.32E-14,6.82E-07,0,5.19E-07,0
21/12/2017,23,1.24,0,0,0.835652174,0,0.404347826,0,2.88E-14,7.23E-07,0,5.53E-07,0
22/12/2017,0,0.99,0,0,0.667173913,0,0.322826087,0,9.41E-14,1.15E-06,0,8.90E-07,0
22/12/2017,1,0.98,0,0,0.660434783,0,0.319565217,0,9.62E-14,1.15E-06,0,8.88E-07,0
22/12/2017,2,1.03,0,0,0.694130435,0,0.335869565,0,1.13E-13,1.35E-06,0,1.05E-06,0
22/12/2017,3,0.94,0,0,0.633478261,0,0.306521739,0,3.24E-14,6.36E-07,0,4.87E-07,0
22/12/2017,4,0.9,0.004697,0.004697,0.60335637,0,0.29194663,0,3.97E-14,7.27E-07,0,5.64E-07,0
22/12/2017,5,0.92,0.09489,0.09489,0.556052391,0,0.269057609,0,2.42E-14,5.51E-07,0,4.23E-07,0
22/12/2017,6,0.94,0.319289,0.319289,0.418305239,0,0.202405761,0,6.41E-14,7.92E-07,0,6.09E-07,0
22/12/2017,7,0,0.337069,0,0,0.270859018,0,1.57E-13,0,0,8.93E-07,0,7.34E-07
22/12/2017,8,0.58,0.441204,0.4294785,0.101438402,0,0.049083098,0,2.02E-13,7.09E-07,0,5.46E-07,0
22/12/2017,9,0.42,0.426755,0.32015418,0.09984582,0.10660082,0,1.62E-13,0,0,6.05E-07,0,5.93E-07
22/12/2017,10,0.45,0.718473,0.45,9.06E-14,0.251897946,0,2.38E-14,0,0,3.01E-07,0,3.07E-07
22/12/2017,11,0.77,1.04851,0.718607205,0.051392795,0.322845682,0,3.91E-14,0,0,4.02E-07,0,5.02E-07
22/12/2017,12,0.69,1.04056,0.69,9.78E-13,0.337146429,0,1.84E-14,0,0,2.62E-07,0,2.89E-07
22/12/2017,13,0.35,0.838077,0.35,2.17E-14,0.420329732,0,2.51E-14,0,0,4.26E-07,0,4.53E-07
22/12/2017,14,0.29,1.337965,0.29,2.33E-14,0.865418304,0,3.79E-14,0,0,6.30E-07,0,6.84E-07
22/12/2017,15,0.4,1.210028,0.4,5.64E-15,0.683058214,0,7.82E-15,0,0,2.78E-07,0,2.94E-07
22/12/2017,16,0.3,0.584743,0.3,4.52E-14,0.252918482,0,3.73E-14,0,0,4.44E-07,0,4.40E-07
22/12/2017,17,0.35,0.196038,0.196038,0.103757,0,0.050205,0,5.99E-13,1.16E-06,0,9.12E-07,0
22/12/2017,18,1.08,0,0,0.727826087,0,0.352173913,0,7.98E-14,1.17E-06,0,9.01E-07,0
22/12/2017,19,4.35,0,0,3.319566191,0,1.030433809,0,1.84E-16,0.409063526,0,0.357000895,0
22/12/2017,20,0.58,0,0,0.390869565,0,0.189130435,0,8.14E-14,8.18E-07,0,6.47E-07,0
22/12/2017,21,0.77,0,0,0.518913043,0,0.251086957,0,1.67E-13,1.32E-06,0,1.03E-06,0
22/12/2017,22,1.64,0,0,1.114433123,0,0.525566877,0,7.91E-21,0.009714918,0,0.008478474,0
22/12/2017,23,1.64,0,0,1.114433123,0,0.525566877,0,7.91E-21,0.009714918,0,0.008478474,0
23/12/2017,0,1.04,0,0,0.700869565,0,0.339130435,0,7.50E-14,1.09E-06,0,8.49E-07,0
23/12/2017,1,0.91,0,0,0.61326087,0,0.29673913,0,3.64E-14,6.61E-07,0,5.05E-07,0
23/12/2017,2,0.93,0,0,0.62673913,0,0.30326087,0,7.38E-14,9.64E-07,0,7.40E-07,0
23/12/2017,3,0.98,0,0,0.660434783,0,0.319565217,0,9.62E-14,1.15E-06,0,8.88E-07,0
23/12/2017,4,0.9,0.001932,0.001932,0.605219739,0,0.292848261,0,3.67E-14,6.64E-07,0,5.17E-07,0
23/12/2017,5,0.98,0.116014,0.116014,0.582251435,0,0.281734565,0,2.44E-14,5.83E-07,0,4.46E-07,0
23/12/2017,6,1.04,0.358915,0.358915,0.458992065,0,0.222092935,0,1.09E-13,1.06E-06,0,8.27E-07,0
23/12/2017,7,0.91,0.52109,0.52109,0.262091522,0,0.126818478,0,1.07E-13,8.49E-07,0,6.59E-07,0
23/12/2017,8,1.9,0.698071,0.698071,0.80999563,0,0.39193337,0,6.75E-14,1.13E-06,0,8.70E-07,0
23/12/2017,9,0.62,0.780805,0.548466352,0.071533648,0.230773889,0,2.15E-14,0,0,1.89E-07,0,2.22E-07
23/12/2017,10,2.56,0.809591,0.809591,1.204273174,0,0.546135826,0,1.16E-25,0.02598491,0,0.02267774,0
23/12/2017,11,0.4,0.87512,0.4,1.35E-14,0.413935714,0,1.39E-14,0,0,3.01E-07,0,3.15E-07
23/12/2017,12,0.41,2.555115,0.41,4.30E-27,1.708690291,0,8.00E-27,0,0,0.250401251,0,0.150240751
23/12/2017,13,0.25,1.149616,0.25,1.15E-14,0.742995,0,1.87E-14,0,0,5.49E-07,0,5.75E-07
23/12/2017,14,0.24,1.347983,0.24,4.11E-15,0.909629196,0,6.94E-15,0,0,3.72E-07,0,3.49E-07
23/12/2017,15,0.32,0.862766,0.32,2.51E-14,0.461865536,0,3.23E-14,0,0,3.82E-07,0,5.25E-07
23/12/2017,16,0.37,0.570573,0.37,1.28E-12,0.190906875,0,1.54E-13,0,0,8.17E-07,0,7.84E-07
23/12/2017,17,0.65,0.190099,0.190099,0.309933283,0,0.149967717,0,1.03E-13,9.18E-07,0,7.15E-07,0
23/12/2017,18,2.71,0,0,1.985094519,0,0.724905481,0,8.81E-23,0.167391305,0,0.146086957,0
23/12/2017,19,1.6,0,0,1.081885034,0,0.518114966,0,9.87E-23,0.003820473,0,0.003334231,0
23/12/2017,20,1.29,0,0,0.869347826,0,0.420652174,0,3.66E-14,8.29E-07,0,6.31E-07,0
23/12/2017,21,1.57,0,0,1.058043478,0,0.511956522,0,2.29E-14,6.81E-07,0,5.19E-07,0
23/12/2017,22,1.3,0,0,0.876086957,0,0.423913043,0,2.70E-14,7.12E-07,0,5.43E-07,0
23/12/2017,23,1.18,0,0,0.795217391,0,0.384782609,0,5.49E-14,9.75E-07,0,7.45E-07,0
24/12/2017,0,1.36,0,0,0.916521739,0,0.443478261,0,8.64E-14,1.37E-06,0,1.06E-06,0
24/12/2017,1,0.9,0,0,0.606521739,0,0.293478261,0,4.39E-14,7.26E-07,0,5.55E-07,0
24/12/2017,2,0.93,0,0,0.62673913,0,0.30326087,0,7.38E-14,9.64E-07,0,7.40E-07,0
24/12/2017,3,0.96,0,0,0.646956522,0,0.313043478,0,2.70E-14,5.99E-07,0,4.61E-07,0
24/12/2017,4,0.93,0.019181,0.019181,0.613812804,0,0.297006196,0,5.69E-14,9.02E-07,0,6.99E-07,0
24/12/2017,5,0.97,0.18188,0.18188,0.531124348,0,0.256995652,0,2.58E-14,5.57E-07,0,4.28E-07,0
24/12/2017,6,1.02,0.373491,0.373491,0.435690848,0,0.210818152,0,1.76E-13,1.38E-06,0,1.07E-06,0
24/12/2017,7,1.14,0.829681,0.812329305,0.220821555,0,0.10684914,0,1.18E-13,7.88E-07,0,6.02E-07,0
24/12/2017,8,0.58,1.731007,0.58,1.50E-14,0.971523482,0,2.06E-14,0,0,5.96E-07,0,6.41E-07
24/12/2017,9,0.43,2.544532,0.43,2.42E-14,1.687857182,0,3.85E-14,0,0,0.239263815,0,0.143558289
24/12/2017,10,0.52,2.943764,0.52,1.54E-13,1.919804912,0,1.45E-13,0,0,0.363263696,0,0.217958218
24/12/2017,11,0.4,2.969516,0.4,8.83E-17,2.01729188,0,1.58E-16,0,0,0.415380491,0,0.249228295
24/12/2017,12,0.71,2.855159,0.71,1.43E-25,1.73058827,0,2.10E-25,0,0,0.26210797,0,0.157264782
24/12/2017,13,0.33,2.418723,0.33,1.67E-14,1.661757304,0,2.86E-14,0,0,0.22531075,0,0.13518645
24/12/2017,14,0.32,1.717532,0.32,3.88E-15,1.148731071,0,6.50E-15,0,0,5.33E-07,0,4.41E-07
24/12/2017,15,0.53,1.039537,0.53,5.37E-14,0.452038661,0,4.50E-14,0,0,3.82E-07,0,4.94E-07
24/12/2017,16,0.45,0.589726,0.409016444,0.040983556,0.178080429,0,3.22E-14,0,0,3.00E-07,0,3.41E-07
24/12/2017,17,0.59,0.197649,0.197649,0.264410457,0,0.127940543,0,1.88E-13,1.12E-06,0,8.72E-07,0
24/12/2017,18,0.83,0,0,0.559347826,0,0.270652174,0,2.64E-14,5.25E-07,0,4.04E-07,0
24/12/2017,19,3.71,0,0,2.798796758,0,0.911203242,0,9.45E-27,0.314752415,0,0.274693017,0
24/12/2017,20,1.47,0,0,0.990652174,0,0.479347826,0,2.66E-14,7.59E-07,0,5.81E-07,0
24/12/2017,21,1.47,0,0,0.990652174,0,0.479347826,0,2.66E-14,7.59E-07,0,5.81E-07,0
24/12/2017,22,3.86,0,0,2.920852094,0,0.939147906,0,2.61E-27,0.336856582,0,0.293983926,0
24/12/2017,23,0.72,0,0,0.485217391,0,0.234782609,0,6.24E-14,7.95E-07,0,6.22E-07,0
25/12/2017,0,1.21,0,0,0.815434783,0,0.394565217,0,3.42E-14,7.77E-07,0,5.95E-07,0
25/12/2017,1,0.97,0,0,0.653695652,0,0.316304348,0,9.83E-14,1.14E-06,0,8.86E-07,0
25/12/2017,2,0.97,0,0,0.653695652,0,0.316304348,0,9.83E-14,1.14E-06,0,8.86E-07,0
25/12/2017,3,0.94,0,0,0.633478261,0,0.306521739,0,3.24E-14,6.36E-07,0,4.87E-07,0
25/12/2017,4,1,0.010439,0.010439,0.666878065,0,0.322682935,0,2.19E-14,5.53E-07,0,4.31E-07,0
25/12/2017,5,1.01,0.233623,0.233623,0.523210587,0,0.253166413,0,2.58E-14,5.48E-07,0,4.23E-07,0
25/12/2017,6,0.6,0.925788,0.6,1.53E-13,0.310008214,0,1.89E-14,0,0,4.32E-07,0,3.56E-07
25/12/2017,7,0.67,1.601494,0.67,2.00E-14,0.80236125,0,2.30E-14,0,0,5.35E-07,0,6.05E-07
25/12/2017,8,0.56,2.086526,0.56,4.91E-29,1.268756223,0,7.50E-29,0,0,0.015211315,0,0.009126789
25/12/2017,9,0.6,2.646736,0.6,1.53E-25,1.650833825,0,3.79E-25,0,0,0.219471029,0,0.131682617
25/12/2017,10,0.52,2.852478,0.52,6.82E-17,1.853269867,0,7.86E-17,0,0,0.327693882,0,0.196616329
25/12/2017,11,0.36,2.9038,0.36,1.93E-18,1.995632968,0,3.26E-18,0,0,0.403801579,0,0.242280947
25/12/2017,12,0.42,2.711899,0.42,1.12E-19,1.816404673,0,1.89E-19,0,0,0.30798565,0,0.18479139
25/12/2017,13,0.4,2.400193,0.4,9.22E-17,1.602333053,0,1.50E-16,0,0,0.193542386,0,0.116125431
25/12/2017,14,0.33,1.843502,0.33,4.24E-26,1.24249964,0,7.18E-26,0,0,0.001174475,0,0.000704685
25/12/2017,15,0.38,1.214459,0.38,1.58E-14,0.701083125,0,2.27E-14,0,0,3.41E-07,0,4.64E-07
25/12/2017,16,0.39,0.568932,0.381965641,0.008034359,0.180934492,0,2.83E-14,0,0,2.08E-07,0,2.39E-07
25/12/2017,17,0.43,0.182125,0.182125,0.167046196,0,0.080828804,0,2.99E-13,1.04E-06,0,8.19E-07,0
25/12/2017,18,0.37,0,0,0.249347826,0,0.120652174,0,6.10E-14,5.67E-07,0,4.41E-07,0
25/12/2017,19,0.64,0,0,0.431304348,0,0.208695652,0,4.80E-14,6.62E-07,0,5.15E-07,0
25/12/2017,20,0.48,0,0,0.323478261,0,0.156521739,0,1.16E-13,9.20E-07,0,7.15E-07,0
25/12/2017,21,0.52,0,0,0.350434783,0,0.169565217,0,8.97E-14,8.49E-07,0,6.61E-07,0
25/12/2017,22,1.8,0,0,1.244625482,0,0.555374518,0,5.96E-19,0.033292695,0,0.029055443,0
25/12/2017,23,1.66,0,0,1.130707168,0,0.529292832,0,5.73E-25,0.01266214,0,0.011050595,0
26/12/2017,0,1.26,0,0,0.849130435,0,0.410869565,0,2.77E-14,7.14E-07,0,5.47E-07,0
26/12/2017,1,1.14,0,0,0.76826087,0,0.37173913,0,3.67E-14,7.78E-07,0,5.92E-07,0
26/12/2017,2,1.08,0,0,0.727826087,0,0.352173913,0,7.98E-14,1.17E-06,0,9.01E-07,0
26/12/2017,3,1.03,0,0,0.694130435,0,0.335869565,0,1.13E-13,1.35E-06,0,1.05E-06,0
26/12/2017,4,0.97,0.006915,0.006915,0.649035543,0,0.314049457,0,8.97E-14,1.18E-06,0,9.08E-07,0
26/12/2017,5,1.09,0.220386,0.220386,0.586044217,0,0.283569783,0,6.91E-14,9.79E-07,0,7.60E-07,0
26/12/2017,6,0.69,0.905281,0.627650143,0.062349857,0.273532397,0,2.09E-14,0,0,2.56E-07,0,2.73E-07
26/12/2017,7,0.52,1.624875,0.52,1.52E-14,0.929631696,0,2.15E-14,0,0,6.13E-07,0,6.36E-07
26/12/2017,8,0.38,2.204498,0.38,2.66E-17,1.472817631,0,4.29E-17,0,0,0.124303092,0,0.074581855
26/12/2017,9,0.45,2.597861,0.45,5.86E-14,1.713607205,0,1.16E-13,0,0,0.253029847,0,0.151817908
26/12/2017,10,0.45,2.773606,0.45,1.98E-17,1.841701343,0,2.37E-17,0,0,0.321509318,0,0.192905591
26/12/2017,11,0.53,2.805099,0.53,4.02E-23,1.812177264,0,6.42E-23,0,0,0.305725666,0,0.183435399
26/12/2017,12,0.36,2.715012,0.36,5.01E-20,1.858032262,0,8.74E-20,0,0,0.330239871,0,0.198143922
26/12/2017,13,1.58,2.376158,1.58,4.29E-12,0.766734107,0,2.41E-14,0,0,4.09E-07,0,5.22E-07
26/12/2017,14,0.4,1.931436,0.4,1.51E-14,1.260673126,0,2.46E-14,0,0,0.010890069,0,0.006534041
26/12/2017,15,0.45,1.288761,0.45,5.14E-15,0.710165089,0,6.90E-15,0,0,2.08E-07,0,2.42E-07
26/12/2017,16,0.4,0.548867,0.375291932,0.024708068,0.169637353,0,3.30E-14,0,0,2.03E-07,0,2.33E-07
26/12/2017,17,0.58,0,0,0.390869565,0,0.189130435,0,8.14E-14,8.18E-07,0,6.47E-07,0
26/12/2017,18,0.54,0,0,0.363913043,0,0.176086957,0,8.84E-14,8.55E-07,0,6.64E-07,0
26/12/2017,19,0.41,0,0,0.276304348,0,0.133695652,0,9.39E-14,7.50E-07,0,5.84E-07,0
26/12/2017,20,0.35,0,0,0.235869565,0,0.114130435,0,1.79E-13,9.39E-07,0,7.27E-07,0
26/12/2017,21,1.3,0,0,0.876086957,0,0.423913043,0,2.70E-14,7.12E-07,0,5.43E-07,0
26/12/2017,22,1.31,0,0,0.882826087,0,0.427173913,0,3.26E-14,7.85E-07,0,5.96E-07,0
26/12/2017,23,1.21,0,0,0.815434783,0,0.394565217,0,3.42E-14,7.77E-07,0,5.95E-07,0
27/12/2017,0,1.14,0,0,0.76826087,0,0.37173913,0,3.67E-14,7.78E-07,0,5.92E-07,0
27/12/2017,1,0.96,0,0,0.646956522,0,0.313043478,0,2.70E-14,5.99E-07,0,4.61E-07,0
27/12/2017,2,1.03,0,0,0.694130435,0,0.335869565,0,1.13E-13,1.35E-06,0,1.05E-06,0
27/12/2017,3,1,0,0,0.673913043,0,0.326086957,0,9.32E-14,1.16E-06,0,8.99E-07,0
27/12/2017,4,0.92,0.009983,0.009983,0.613272326,0,0.296744674,0,1.14E-13,1.28E-06,0,9.94E-07,0
27/12/2017,5,0.99,0.247957,0.247957,0.500072457,0,0.241970543,0,5.33E-14,7.75E-07,0,5.99E-07,0
27/12/2017,6,1.15,0.875399,0.852059385,0.200786066,0,0.097154548,0,5.90E-14,5.43E-07,0,4.17E-07,0
27/12/2017,7,0.63,1.582591,0.63,1.91E-14,0.816099911,0,2.31E-14,0,0,6.17E-07,0,6.19E-07
27/12/2017,8,0.55,2.187485,0.55,1.10E-21,1.348901339,0,1.68E-21,0,0,0.058057109,0,0.034834266
27/12/2017,9,0.58,2.625829,0.58,5.88E-28,1.648715019,0,1.41E-27,0,0,0.218338309,0,0.131002986
27/12/2017,10,1.53,2.860629,1.53,9.43E-15,1.192201875,0,6.92E-15,0,0,4.15E-07,0,4.32E-07
27/12/2017,11,0.32,2.890888,0.32,3.58E-17,2.012460971,0,6.07E-17,0,0,0.412797875,0,0.247678725
27/12/2017,12,0.98,2.650554,0.98,2.16E-17,1.404345266,0,2.66E-17,0,0,0.087697582,0,0.052618549
27/12/2017,13,0.41,2.393221,0.41,2.05E-16,1.590691643,0,3.33E-16,0,0,0.187318857,0,0.112391314
27/12/2017,14,0.42,1.905437,0.42,1.37E-14,1.227404732,0,2.22E-14,0,0,5.09E-07,0,6.12E-07
27/12/2017,15,0.44,1.194443,0.44,6.37E-15,0.641605982,0,8.25E-15,0,0,2.03E-07,0,2.48E-07
27/12/2017,16,0.35,0.562696,0.35,1.04E-13,0.199041429,0,3.01E-14,0,0,2.51E-07,0,2.61E-07
27/12/2017,17,3.33,0,0,2.489589907,0,0.840410093,0,5.57E-20,0.258755194,0,0.225822714,0
27/12/2017,18,1.36,0,0,0.916521739,0,0.443478261,0,8.64E-14,1.37E-06,0,1.06E-06,0
27/12/2017,19,0.51,0,0,0.343695652,0,0.166304348,0,9.48E-14,8.79E-07,0,6.87E-07,0
27/12/2017,20,0.55,0,0,0.370652174,0,0.179347826,0,8.40E-14,8.37E-07,0,6.49E-07,0
27/12/2017,21,0.47,0,0,0.31673913,0,0.15326087,0,1.52E-13,1.03E-06,0,7.99E-07,0
27/12/2017,22,1.68,0,0,1.146981213,0,0.533018787,0,2.21E-15,0.015609362,0,0.013622716,0
27/12/2017,23,4.2,0,0,3.197510855,0,1.002489145,0,8.12E-13,0.386959359,0,0.337709986,0
28/12/2017,0,0.67,0,0,0.451521739,0,0.218478261,0,7.63E-14,8.42E-07,0,6.59E-07,0
28/12/2017,1,0.38,0,0,0.256086957,0,0.123913043,0,3.49E-13,1.35E-06,0,1.06E-06,0
28/12/2017,2,0.36,0,0,0.242608696,0,0.117391304,0,2.18E-13,1.07E-06,0,8.27E-07,0
28/12/2017,3,0.41,0,0,0.276304348,0,0.133695652,0,9.39E-14,7.50E-07,0,5.84E-07,0
28/12/2017,4,0.35,0,0,0.235869565,0,0.114130435,0,1.79E-13,9.39E-07,0,7.27E-07,0
28/12/2017,5,0.31,0.079806,0.079806,0.155130739,0,0.075063261,0,3.02E-13,1.06E-06,0,8.24E-07,0
28/12/2017,6,0.25,0.217942,0.208672379,0.027851223,0,0.013476398,0,2.77E-12,1.38E-06,0,1.07E-06,0
28/12/2017,7,0.52,0.380437,0.372220688,0.099590406,0,0.048188906,0,1.29E-13,5.45E-07,0,4.20E-07,0
28/12/2017,8,0.65,0.509528,0.494098734,0.105063897,0,0.050837369,0,2.38E-13,7.89E-07,0,6.09E-07,0
28/12/2017,9,0.47,0.421926,0.402647744,0.045389564,0,0.021962692,0,6.58E-13,8.96E-07,0,7.06E-07,0
28/12/2017,10,0.4,0.512147,0.357841957,0.042158043,0.152750281,0,1.89E-13,0,0,6.99E-07,0,6.89E-07
28/12/2017,11,0.85,0.680661,0.658304966,0.129185784,0,0.06250925,0,2.92E-13,1.03E-06,0,8.18E-07,0
28/12/2017,12,0.36,0.823182,0.36,1.29E-14,0.401128393,0,1.42E-14,0,0,2.92E-07,0,3.08E-07
28/12/2017,13,0.33,0.49207,0.328270363,0.001729637,0.158003577,0,6.69E-14,0,0,4.36E-07,0,4.27E-07
28/12/2017,14,0.52,0.52257,0.393437213,0.126562787,0.129132787,0,1.57E-13,0,0,5.73E-07,0,5.76E-07
28/12/2017,15,0.46,0.392739,0.376939041,0.055975864,0,0.027085095,0,2.90E-13,6.24E-07,0,4.80E-07,0
28/12/2017,16,0.48,0.267737,0.267737,0.143046804,0,0.069216196,0,3.98E-13,1.21E-06,0,9.46E-07,0
28/12/2017,17,0.45,0,0,0.30326087,0,0.14673913,0,1.90E-13,1.14E-06,0,8.86E-07,0
28/12/2017,18,0.36,0,0,0.242608696,0,0.117391304,0,2.18E-13,1.07E-06,0,8.27E-07,0
28/12/2017,19,0.6,0,0,0.404347826,0,0.195652174,0,4.03E-14,5.74E-07,0,4.48E-07,0
28/12/2017,20,0.72,0,0,0.485217391,0,0.234782609,0,6.24E-14,7.95E-07,0,6.22E-07,0
28/12/2017,21,0.63,0,0,0.424565217,0,0.205434783,0,8.00E-14,8.41E-07,0,6.55E-07,0
28/12/2017,22,0.32,0,0,0.215652174,0,0.104347826,0,7.97E-14,5.84E-07,0,4.49E-07,0
28/12/2017,23,0.27,0,0,0.181956522,0,0.088043478,0,8.93E-14,5.93E-07,0,4.58E-07,0
29/12/2017,0,0.91,0,0,0.61326087,0,0.29673913,0,3.64E-14,6.61E-07,0,5.05E-07,0
29/12/2017,1,0.98,0,0,0.660434783,0,0.319565217,0,9.62E-14,1.15E-06,0,8.88E-07,0
29/12/2017,2,0.92,0,0,0.62,0,0.3,0,4.39E-14,7.38E-07,0,5.66E-07,0
29/12/2017,3,0.94,0,0,0.633478261,0,0.306521739,0,3.24E-14,6.36E-07,0,4.87E-07,0
29/12/2017,4,1,0.01053,0.01053,0.666816739,0,0.322653261,0,1.12E-13,1.26E-06,0,9.83E-07,0
29/12/2017,5,1.04,0.155038,0.155038,0.596387435,0,0.288574565,0,2.51E-14,5.75E-07,0,4.43E-07,0
29/12/2017,6,1.04,0.229901,0.229901,0.545936283,0,0.264162717,0,2.37E-14,5.36E-07,0,4.14E-07,0
29/12/2017,7,0.36,0.47956,0.330909964,0.029090036,0.146041901,0,9.17E-14,0,0,5.22E-07,0,5.41E-07
29/12/2017,8,0.61,0.477605,0.463211371,0.098922772,0,0.047865857,0,2.45E-13,7.74E-07,0,5.97E-07,0
29/12/2017,9,0.6,1.315244,0.6,1.95E-14,0.622963929,0,2.02E-14,0,0,7.04E-07,0,5.71E-07
29/12/2017,10,0.38,0.879604,0.38,2.89E-14,0.432003214,0,3.22E-14,0,0,6.76E-07,0,5.90E-07
29/12/2017,11,0.35,1.453122,0.35,6.78E-15,0.914562321,0,1.07E-14,0,0,4.11E-07,0,4.07E-07
29/12/2017,12,0.29,2.41724,0.29,7.28E-17,1.68691549,0,1.32E-16,0,0,0.238760384,0,0.143256231
29/12/2017,13,0.32,2.214416,0.32,2.38E-15,1.519405136,0,4.78E-15,0,0,0.149208898,0,0.089525339
29/12/2017,14,0.24,1.757014,0.24,6.32E-15,1.238314821,0,1.11E-14,0,0,3.58E-07,0,4.79E-07
29/12/2017,15,0.22,1.208581,0.22,5.81E-15,0.812074018,0,9.78E-15,0,0,3.08E-07,0,3.57E-07
29/12/2017,16,0.43,0.547417,0.383187435,0.046812565,0.162762034,0,3.36E-14,0,0,3.67E-07,0,3.16E-07
29/12/2017,17,0.6,0,0,0.404347826,0,0.195652174,0,4.03E-14,5.74E-07,0,4.48E-07,0
29/12/2017,18,0.57,0,0,0.384130435,0,0.185869565,0,7.42E-14,7.91E-07,0,6.10E-07,0
29/12/2017,19,0.41,0,0,0.276304348,0,0.133695652,0,9.39E-14,7.50E-07,0,5.84E-07,0
29/12/2017,20,0.51,0,0,0.343695652,0,0.166304348,0,9.48E-14,8.79E-07,0,6.87E-07,0
29/12/2017,21,0.45,0,0,0.30326087,0,0.14673913,0,1.90E-13,1.14E-06,0,8.86E-07,0
29/12/2017,22,0.42,0,0,0.283043478,0,0.136956522,0,3.20E-13,1.40E-06,0,1.09E-06,0
29/12/2017,23,1.22,0,0,0.822173913,0,0.397826087,0,3.24E-14,7.59E-07,0,5.83E-07,0
30/12/2017,0,1.42,0,0,0.956956522,0,0.463043478,0,2.39E-14,7.61E-07,0,5.86E-07,0
30/12/2017,1,1.11,0,0,0.748043478,0,0.361956522,0,8.00E-14,1.17E-06,0,8.99E-07,0
30/12/2017,2,1.02,0,0,0.687391304,0,0.332608696,0,2.23E-14,5.86E-07,0,4.56E-07,0
30/12/2017,3,0.93,0,0,0.62673913,0,0.30326087,0,7.38E-14,9.64E-07,0,7.40E-07,0
30/12/2017,4,0.91,0.004625,0.004625,0.610144022,0,0.295230978,0,3.64E-14,7.14E-07,0,5.54E-07,0
30/12/2017,5,0.93,0.233918,0.233918,0.469098739,0,0.226983261,0,2.68E-14,5.37E-07,0,4.12E-07,0
30/12/2017,6,0.98,0.859134,0.822068175,0.106432317,0,0.051499508,0,2.94E-13,9.03E-07,0,7.02E-07,0
30/12/2017,7,0.79,1.631411,0.79,2.14E-14,0.739615982,0,2.00E-14,0,0,6.85E-07,0,6.07E-07
30/12/2017,8,0.45,2.125821,0.45,2.23E-27,1.369554419,0,2.34E-27,0,0,0.069098301,0,0.041458981
30/12/2017,9,0.25,2.706258,0.25,7.30E-18,1.923809288,0,1.79E-17,0,0,0.365404446,0,0.219242668
30/12/2017,10,0.5,2.926592,0.5,1.64E-13,1.920408411,0,1.54E-13,0,0,0.363586328,0,0.218151797
30/12/2017,11,0.26,2.945943,0.26,6.29E-21,2.091947194,0,1.03E-20,0,0,0.455291423,0,0.273174854
30/12/2017,12,0.21,2.763564,0.21,1.34E-18,1.991816638,0,2.74E-18,0,0,0.401761358,0,0.241056815
30/12/2017,13,0.15,2.443332,0.15,2.43E-27,1.797769817,0,3.98E-27,0,0,0.298023406,0,0.178814043
30/12/2017,14,0.22,1.880626,0.22,1.21E-27,1.341715472,0,2.26E-27,0,0,0.054215526,0,0.032529315
30/12/2017,15,0.23,1.224133,0.23,4.18E-15,0.817339018,0,7.00E-15,0,0,2.43E-07,0,2.91E-07
30/12/2017,16,0.4,0.5313,0.366943792,0.033056208,0.161558508,0,4.52E-14,0,0,3.92E-07,0,3.93E-07
30/12/2017,17,0.4,0,0,0.269565217,0,0.130434783,0,9.36E-14,7.27E-07,0,5.71E-07,0
30/12/2017,18,0.59,0,0,0.397608696,0,0.192391304,0,8.91E-14,8.65E-07,0,6.80E-07,0
30/12/2017,19,0.55,0,0,0.370652174,0,0.179347826,0,8.40E-14,8.37E-07,0,6.49E-07,0
30/12/2017,20,0.39,0,0,0.262826087,0,0.127173913,0,3.46E-13,1.38E-06,0,1.08E-06,0
30/12/2017,21,0.38,0,0,0.256086957,0,0.123913043,0,3.49E-13,1.35E-06,0,1.06E-06,0
30/12/2017,22,0.72,0,0,0.485217391,0,0.234782609,0,6.24E-14,7.95E-07,0,6.22E-07,0
30/12/2017,23,0.94,0,0,0.633478261,0,0.306521739,0,3.24E-14,6.36E-07,0,4.87E-07,0
31/12/2017,0,1.29,0,0,0.869347826,0,0.420652174,0,3.66E-14,8.29E-07,0,6.31E-07,0
31/12/2017,1,0.27,0,0,0.181956522,0,0.088043478,0,8.93E-14,5.93E-07,0,4.58E-07,0
31/12/2017,2,0.33,0,0,0.222391304,0,0.107608696,0,6.52E-14,5.31E-07,0,4.09E-07,0
31/12/2017,3,0.32,0,0,0.215652174,0,0.104347826,0,7.97E-14,5.84E-07,0,4.49E-07,0
31/12/2017,4,0.25,0,0,0.168478261,0,0.081521739,0,1.63E-13,7.79E-07,0,6.03E-07,0
31/12/2017,5,0.34,0.212466,0.212466,0.085946826,0,0.041587174,0,5.90E-13,1.09E-06,0,8.59E-07,0
31/12/2017,6,0.42,0.920068,0.42,5.62E-14,0.435590357,0,5.81E-14,0,0,1.01E-06,0,8.50E-07
31/12/2017,7,0.59,1.589,0.59,1.64E-14,0.850178571,0,2.11E-14,0,0,6.00E-07,0,6.11E-07
31/12/2017,8,0.43,2.18371,0.43,2.73E-17,1.42486715,0,4.38E-17,0,0,0.098668637,0,0.059201182
31/12/2017,9,0.54,2.637746,0.54,7.51E-16,1.683639977,0,1.39E-15,0,0,0.237009286,0,0.142205572
31/12/2017,10,0.46,2.722704,0.46,2.72E-25,1.798040954,0,5.51E-25,0,0,0.298168356,0,0.178901014
31/12/2017,11,0.32,2.63837,0.32,1.04E-18,1.828409786,0,1.83E-18,0,0,0.314403616,0,0.188642169
31/12/2017,12,0.26,2.624594,0.26,1.00E-18,1.857727597,0,2.03E-18,0,0,0.330076996,0,0.198046198
31/12/2017,13,0.26,2.39357,0.26,3.43E-24,1.689342606,0,9.89E-24,0,0,0.240057927,0,0.144034756
31/12/2017,14,0.31,1.7892,0.31,1.00E-14,1.213553571,0,1.70E-14,0,0,7.52E-07,0,7.20E-07
31/12/2017,15,0.31,1.17992,0.31,1.03E-14,0.723953571,0,1.58E-14,0,0,5.03E-07,0,5.01E-07
31/12/2017,16,1.6,0.525018,0.525018,0.724444391,0,0.350537609,0,1.70E-14,5.18E-07,0,3.94E-07,0
31/12/2017,17,1.11,0,0,0.748043478,0,0.361956522,0,8.00E-14,1.17E-06,0,8.99E-07,0
31/12/2017,18,1.41,0,0,0.950217391,0,0.459782609,0,2.32E-14,7.43E-07,0,5.72E-07,0
31/12/2017,19,1.01,0,0,0.680652174,0,0.329347826,0,9.58E-14,1.19E-06,0,9.25E-07,0
31/12/2017,20,0.35,0,0,0.235869565,0,0.114130435,0,1.79E-13,9.39E-07,0,7.27E-07,0
31/12/2017,21,0.27,0,0,0.181956522,0,0.088043478,0,8.93E-14,5.93E-07,0,4.58E-07,0
31/12/2017,22,0.23,0,0,0.155,0,0.075,0,1.34E-13,6.83E-07,0,5.31E-07,0
31/12/2017,23,1.82,0,0,1.260899526,0,0.559100474,0,4.41E-20,0.036239917,0,0.031627564,0
01/01/2018,0,1.41,0,0,0.950217391,0,0.459782609,0,2.32E-14,7.43E-07,0,5.72E-07,0
01/01/2018,1,0.92,0,0,0.62,0,0.3,0,4.39E-14,7.38E-07,0,5.66E-07,0
01/01/2018,2,1.03,0,0,0.694130435,0,0.335869565,0,1.13E-13,1.35E-06,0,1.05E-06,0
01/01/2018,3,0.93,0,0,0.62673913,0,0.30326087,0,7.38E-14,9.64E-07,0,7.40E-07,0
01/01/2018,4,0.87,0,0,0.586304348,0,0.283695652,0,2.61E-14,5.48E-07,0,4.20E-07,0
01/01/2018,5,0.93,0.140575,0.140575,0.532003804,0,0.257421196,0,2.25E-14,5.26E-07,0,4.03E-07,0
01/01/2018,6,0.98,0.343673,0.343673,0.428829065,0,0.207497935,0,4.69E-14,6.84E-07,0,5.28E-07,0
01/01/2018,7,1.21,0.87611,0.858378488,0.236962323,0,0.114659189,0,9.21E-14,7.13E-07,0,5.43E-07,0
01/01/2018,8,1,2.14119,1,1.91E-14,0.997384821,0,1.90E-14,0,0,2.93E-07,0,5.46E-07
01/01/2018,9,0.58,2.58347,0.58,6.82E-15,1.617841084,0,1.33E-14,0,0,0.201833021,0,0.121099813
01/01/2018,10,0.46,2.873138,0.46,5.21E-14,1.907686825,0,4.86E-14,0,0,0.356785334,0,0.2140712
01/01/2018,11,0.98,2.858955,0.98,2.33E-26,1.556241175,0,4.55E-27,0,0,0.168901544,0,0.101340926
01/01/2018,12,0.58,2.686491,0.58,2.32E-26,1.692929344,0,4.59E-26,0,0,0.241975407,0,0.145185244
01/01/2018,13,0.33,2.402519,0.33,3.69E-14,1.649946798,0,6.48E-14,0,0,0.218996822,0,0.131398093
01/01/2018,14,0.38,1.929627,0.38,1.10E-19,1.272474157,0,1.83E-19,0,0,0.017198932,0,0.010319359
01/01/2018,15,0.4,1.22831,0.4,1.43E-14,0.697749107,0,2.01E-14,0,0,2.55E-07,0,4.73E-07
01/01/2018,16,0.42,0.507868,0.361375541,0.058624459,0.146492459,0,6.25E-14,0,0,3.71E-07,0,3.73E-07
01/01/2018,17,0.55,0,0,0.370652174,0,0.179347826,0,8.40E-14,8.37E-07,0,6.49E-07,0
01/01/2018,18,0.62,0,0,0.417826087,0,0.202173913,0,7.85E-14,8.25E-07,0,6.43E-07,0
01/01/2018,19,0.41,0,0,0.276304348,0,0.133695652,0,9.39E-14,7.50E-07,0,5.84E-07,0
01/01/2018,20,0.51,0,0,0.343695652,0,0.166304348,0,9.48E-14,8.79E-07,0,6.87E-07,0
01/01/2018,21,0.46,0,0,0.31,0,0.15,0,2.00E-13,1.17E-06,0,9.06E-07,0
01/01/2018,22,0.37,0,0,0.249347826,0,0.120652174,0,6.10E-14,5.67E-07,0,4.41E-07,0
01/01/2018,23,0.9,0,0,0.606521739,0,0.293478261,0,4.39E-14,7.26E-07,0,5.55E-07,0
02/01/2018,0,1.35,0,0,0.909782609,0,0.440217391,0,2.28E-14,7.14E-07,0,5.47E-07,0
02/01/2018,1,0.3,0,0,0.202173913,0,0.097826087,0,9.19E-14,6.14E-07,0,4.72E-07,0
02/01/2018,2,0.32,0,0,0.215652174,0,0.104347826,0,7.97E-14,5.84E-07,0,4.49E-07,0
02/01/2018,3,0.34,0,0,0.229130435,0,0.110869565,0,6.68E-14,5.46E-07,0,4.22E-07,0
02/01/2018,4,0.34,0,0,0.229130435,0,0.110869565,0,6.68E-14,5.46E-07,0,4.22E-07,0
02/01/2018,5,0.36,0.212441,0.212441,0.099441935,0,0.048117065,0,4.96E-13,1.08E-06,0,8.50E-07,0
02/01/2018,6,0.36,0.897521,0.36,9.79E-15,0.460865089,0,1.18E-14,0,0,2.85E-07,0,2.92E-07
02/01/2018,7,0.61,1.655413,0.61,1.57E-14,0.889081875,0,2.03E-14,0,0,6.05E-07,0,6.16E-07
02/01/2018,8,0.63,2.193715,0.63,2.36E-18,1.300963978,0,3.43E-18,0,0,0.032429667,0,0.0194578
02/01/2018,9,0.49,2.738824,0.49,2.33E-24,1.790110918,0,3.67E-24,0,0,0.293928938,0,0.176357363
02/01/2018,10,0.36,2.792834,0.36,2.00E-14,1.914753887,0,2.31E-14,0,0,0.360563404,0,0.216338043
02/01/2018,11,0.5,2.854912,0.5,4.62E-16,1.868163466,0,4.83E-16,0,0,0.33565604,0,0.201393624
02/01/2018,12,0.32,2.821124,0.32,1.03E-23,1.961612529,0,1.73E-23,0,0,0.385614161,0,0.231368496
02/01/2018,13,2.6,2.459259,2.333606281,0.179526202,0,0.086867517,0,1.27E-13,7.36E-07,0,5.67E-07,0
02/01/2018,14,2.6,1.810696,1.783503675,0.550247523,0,0.266248801,0,4.38E-14,7.37E-07,0,5.56E-07,0
02/01/2018,15,3.89,1.228993,1.228993,1.945228805,0,0.715778195,0,6.15E-24,0.160171643,0,0.139786161,0
02/01/2018,16,1.55,0.520091,0.520091,0.694069109,0,0.335839891,0,2.33E-14,6.04E-07,0,4.60E-07,0
02/01/2018,17,1.12,0,0,0.754782609,0,0.365217391,0,7.40E-14,1.12E-06,0,8.62E-07,0
02/01/2018,18,1.14,0,0,0.76826087,0,0.37173913,0,3.67E-14,7.78E-07,0,5.92E-07,0
02/01/2018,19,1.24,0,0,0.835652174,0,0.404347826,0,2.88E-14,7.23E-07,0,5.53E-07,0
02/01/2018,20,1.31,0,0,0.882826087,0,0.427173913,0,3.26E-14,7.85E-07,0,5.96E-07,0
02/01/2018,21,1.23,0,0,0.828913043,0,0.401086957,0,2.88E-14,7.20E-07,0,5.55E-07,0
02/01/2018,22,1.18,0,0,0.795217391,0,0.384782609,0,5.49E-14,9.75E-07,0,7.45E-07,0
02/01/2018,23,1.94,0,0,1.358543795,0,0.581456205,0,6.85E-21,0.053923251,0,0.047060291,0
03/01/2018,0,5.27,0,0,4.06817225,0,1.20182775,0,4.37E-19,0.544635747,0,0.47531847,0
03/01/2018,1,2.08,0,0,1.472462109,0,0.607537891,0,1.71E-19,0.074553806,0,0.06506514,0
03/01/2018,2,1.66,0,0,1.130707168,0,0.529292832,0,5.73E-25,0.01266214,0,0.011050595,0
03/01/2018,3,1.64,0,0,1.114433123,0,0.525566877,0,7.91E-21,0.009714918,0,0.008478474,0
03/01/2018,4,1.7,0,0,1.163255258,0,0.536744742,0,1.23E-23,0.018556584,0,0.016194837,0
03/01/2018,5,1.27,0.053379,0.053379,0.819896761,0,0.396724239,0,8.89E-14,1.25E-06,0,9.59E-07,0
03/01/2018,6,0.74,0.42793,0.42793,0.210308043,0,0.101761957,0,2.68E-13,1.14E-06,0,8.92E-07,0
03/01/2018,7,0.52,0.935501,0.52,8.35E-14,0.375670446,0,5.34E-14,0,0,8.82E-07,0,7.44E-07
03/01/2018,8,0.42,1.754869,0.42,1.48E-14,1.106412589,0,2.34E-14,0,0,8.53E-07,0,7.50E-07
03/01/2018,9,0.54,2.469215,0.54,1.50E-12,1.560803861,0,2.89E-12,0,0,0.171340768,0,0.102804461
03/01/2018,10,0.28,2.688989,0.28,3.92E-17,1.891543225,0,7.18E-17,0,0,0.348154922,0,0.208892953
03/01/2018,11,0.32,2.650734,0.32,2.46E-15,1.837421456,0,5.59E-15,0,0,0.319221279,0,0.191532767
03/01/2018,12,1.5,2.668574,1.5,3.12E-14,1.059568393,0,1.91E-14,0,0,7.07E-07,0,5.87E-07
03/01/2018,13,0.31,2.115714,0.31,2.81E-14,1.454024611,0,3.75E-14,0,0,0.114256293,0,0.068553776
03/01/2018,14,0.23,0.982733,0.23,1.63E-14,0.623356875,0,2.59E-14,0,0,6.22E-07,0,5.88E-07
03/01/2018,15,0.43,0.348349,0.336430006,0.063058039,0,0.030511955,0,3.08E-13,6.94E-07,0,5.36E-07,0
03/01/2018,16,0.32,0.553868,0.32,1.95E-13,0.213643929,0,1.04E-13,0,0,7.71E-07,0,7.08E-07
03/01/2018,17,0.42,0,0,0.283043478,0,0.136956522,0,3.20E-13,1.40E-06,0,1.09E-06,0
03/01/2018,18,0.53,0,0,0.357173913,0,0.172826087,0,7.95E-14,8.04E-07,0,6.26E-07,0
03/01/2018,19,0.39,0,0,0.262826087,0,0.127173913,0,3.46E-13,1.38E-06,0,1.08E-06,0
03/01/2018,20,0.39,0,0,0.262826087,0,0.127173913,0,3.46E-13,1.38E-06,0,1.08E-06,0
03/01/2018,21,0.34,0,0,0.229130435,0,0.110869565,0,6.68E-14,5.46E-07,0,4.22E-07,0
03/01/2018,22,0.43,0,0,0.289782609,0,0.140217391,0,1.24E-13,8.81E-07,0,6.85E-07,0
03/01/2018,23,0.4,0,0,0.269565217,0,0.130434783,0,9.36E-14,7.27E-07,0,5.71E-07,0
04/01/2018,0,0.3,0,0,0.202173913,0,0.097826087,0,9.19E-14,6.14E-07,0,4.72E-07,0
04/01/2018,1,0.37,0,0,0.249347826,0,0.120652174,0,6.10E-14,5.67E-07,0,4.41E-07,0
04/01/2018,2,0.3,0,0,0.202173913,0,0.097826087,0,9.19E-14,6.14E-07,0,4.72E-07,0
04/01/2018,3,0.26,0,0,0.175217391,0,0.084782609,0,1.03E-13,6.25E-07,0,4.83E-07,0
04/01/2018,4,0.26,0,0,0.175217391,0,0.084782609,0,1.03E-13,6.25E-07,0,4.83E-07,0
04/01/2018,5,0.43,0.171845,0.171845,0.173974022,0,0.084180978,0,3.43E-13,1.15E-06,0,9.00E-07,0
04/01/2018,6,0.52,0.421333,0.406908138,0.076214081,0,0.036877781,0,9.07E-13,1.27E-06,0,9.91E-07,0
04/01/2018,7,0.37,0.301314,0.290819496,0.053360774,0,0.02581973,0,4.81E-13,8.35E-07,0,6.52E-07,0
04/01/2018,8,0.54,1.693868,0.54,1.21E-14,0.970608214,0,1.71E-14,0,0,5.76E-07,0,5.88E-07
04/01/2018,9,1.89,1.460523,1.418851715,0.317512975,0,0.15363531,0,1.92E-13,1.42E-06,0,1.11E-06,0
04/01/2018,10,0.66,2.775447,0.66,7.09E-25,1.705287956,0,1.04E-24,0,0,0.248582354,0,0.149149412
04/01/2018,11,1.06,2.657118,1.06,2.50E-23,1.356651346,0,3.98E-23,0,0,0.062200284,0,0.03732017
04/01/2018,12,2.42,2.78036,2.008051803,0.411948197,0.772308197,0,2.91E-14,0,0,4.60E-07,0,6.54E-07
04/01/2018,13,0.65,2.520544,0.65,1.39E-16,1.526058203,0,2.07E-16,0,0,0.152765646,0,0.091659387
04/01/2018,14,0.54,1.953381,0.54,8.38E-15,1.179145446,0,1.26E-14,0,0,5.46E-07,0,5.25E-07
04/01/2018,15,0.27,1.272003,0.27,4.64E-15,0.826877411,0,7.58E-15,0,0,3.29E-07,0,3.18E-07
04/01/2018,16,0.31,0.501485,0.31,1.39E-13,0.178782589,0,4.35E-14,0,0,3.84E-07,0,3.66E-07
04/01/2018,17,0.41,0,0,0.276304348,0,0.133695652,0,9.39E-14,7.50E-07,0,5.84E-07,0
04/01/2018,18,0.44,0,0,0.296521739,0,0.143478261,0,2.73E-13,1.35E-06,0,1.06E-06,0
04/01/2018,19,0.39,0,0,0.262826087,0,0.127173913,0,3.46E-13,1.38E-06,0,1.08E-06,0
04/01/2018,20,0.36,0,0,0.242608696,0,0.117391304,0,2.18E-13,1.07E-06,0,8.27E-07,0
04/01/2018,21,0.35,0,0,0.235869565,0,0.114130435,0,1.79E-13,9.39E-07,0,7.27E-07,0
04/01/2018,22,0.3,0,0,0.202173913,0,0.097826087,0,9.19E-14,6.14E-07,0,4.72E-07,0
04/01/2018,23,0.25,0,0,0.168478261,0,0.081521739,0,1.63E-13,7.79E-07,0,6.03E-07,0
05/01/2018,0,0.21,0,0,0.141521739,0,0.068478261,0,3.88E-13,1.11E-06,0,8.60E-07,0
05/01/2018,1,0.21,0,0,0.141521739,0,0.068478261,0,3.88E-13,1.11E-06,0,8.60E-07,0
05/01/2018,2,0.31,0,0,0.208913043,0,0.101086957,0,8.52E-14,5.97E-07,0,4.59E-07,0
05/01/2018,3,0.28,0,0,0.188695652,0,0.091304348,0,8.01E-14,5.70E-07,0,4.40E-07,0
05/01/2018,4,0.21,0,0,0.141521739,0,0.068478261,0,3.88E-13,1.11E-06,0,8.60E-07,0
05/01/2018,5,0.28,0.203116,0.198955181,0.05461716,0,0.026427658,0,8.77E-13,1.14E-06,0,8.92E-07,0
05/01/2018,6,0.39,0.88775,0.39,1.25E-14,0.431316964,0,1.37E-14,0,0,3.40E-07,0,3.27E-07
05/01/2018,7,0.44,1.678152,0.44,1.43E-14,1.030300714,0,2.19E-14,0,0,8.36E-07,0,7.34E-07
05/01/2018,8,0.32,2.284697,0.32,8.96E-27,1.570630401,0,2.30E-26,0,0,0.176594062,0,0.105956437
05/01/2018,9,0.26,2.76287,0.26,8.08E-21,1.958511943,0,1.33E-20,0,0,0.383956579,0,0.230373947
05/01/2018,10,0.3,2.993113,0.3,2.54E-20,2.100088601,0,4.12E-20,0,0,0.459643841,0,0.275786305
05/01/2018,11,0.29,2.926698,0.29,6.59E-21,2.058240896,0,1.07E-20,0,0,0.437271945,0,0.262363167
05/01/2018,12,0.23,2.772024,0.23,6.04E-22,1.984863279,0,1.01E-21,0,0,0.398044074,0,0.238826444
05/01/2018,13,0.29,2.411681,0.29,1.19E-25,1.682863737,0,2.55E-25,0,0,0.236594306,0,0.141956584
05/01/2018,14,0.25,1.864926,0.25,7.14E-23,1.310592996,0,1.21E-22,0,0,0.037577366,0,0.02254642
05/01/2018,15,0.31,1.243687,0.31,2.74E-14,0.775194911,0,4.28E-14,0,0,5.18E-07,0,6.59E-07
05/01/2018,16,0.33,0.505387,0.33,7.37E-13,0.167453839,0,6.63E-14,0,0,4.42E-07,0,4.65E-07
05/01/2018,17,0.36,0,0,0.242608696,0,0.117391304,0,2.18E-13,1.07E-06,0,8.27E-07,0
05/01/2018,18,0.36,0,0,0.242608696,0,0.117391304,0,2.18E-13,1.07E-06,0,8.27E-07,0
05/01/2018,19,0.42,0,0,0.283043478,0,0.136956522,0,3.20E-13,1.40E-06,0,1.09E-06,0
05/01/2018,20,0.42,0,0,0.283043478,0,0.136956522,0,3.20E-13,1.40E-06,0,1.09E-06,0
05/01/2018,21,0.24,0,0,0.16173913,0,0.07826087,0,1.70E-13,7.88E-07,0,6.12E-07,0
05/01/2018,22,0.22,0,0,0.14826087,0,0.07173913,0,2.71E-13,9.78E-07,0,7.67E-07,0
05/01/2018,23,0.27,0,0,0.181956522,0,0.088043478,0,8.93E-14,5.93E-07,0,4.58E-07,0
06/01/2018,0,0.3,0,0,0.202173913,0,0.097826087,0,9.19E-14,6.14E-07,0,4.72E-07,0
06/01/2018,1,0.23,0,0,0.155,0,0.075,0,1.34E-13,6.83E-07,0,5.31E-07,0
06/01/2018,2,0.21,0,0,0.141521739,0,0.068478261,0,3.88E-13,1.11E-06,0,8.60E-07,0
06/01/2018,3,0.25,0,0,0.168478261,0,0.081521739,0,1.63E-13,7.79E-07,0,6.03E-07,0
06/01/2018,4,0.28,0,0,0.188695652,0,0.091304348,0,8.01E-14,5.70E-07,0,4.40E-07,0
06/01/2018,5,0.31,0.201607,0.200533288,0.073771045,0,0.035695667,0,8.20E-13,1.14E-06,0,8.96E-07,0
06/01/2018,6,0.34,0.903786,0.34,1.21E-14,0.48036375,0,1.54E-14,0,0,2.49E-07,0,2.90E-07
06/01/2018,7,0.4,1.703164,0.4,1.51E-14,1.079328214,0,2.39E-14,0,0,8.67E-07,0,7.57E-07
06/01/2018,8,0.36,2.30793,0.36,4.26E-16,1.561324999,0,6.70E-16,0,0,0.17161937,0,0.102971622
06/01/2018,9,0.27,2.660471,0.27,1.76E-14,1.877317264,0,4.20E-14,0,0,0.340549685,0,0.204329811
06/01/2018,10,0.24,2.84675,0.24,5.33E-17,2.03276857,0,8.80E-17,0,0,0.423654371,0,0.254192623
06/01/2018,11,0.22,0.90036,0.22,3.83E-14,0.564396429,0,6.02E-14,0,0,9.24E-07,0,8.53E-07
06/01/2018,12,0.28,2.43609,0.28,1.48E-26,1.707214342,0,2.66E-26,0,0,0.249612205,0,0.149767323
06/01/2018,13,0.24,2.069106,0.24,2.51E-20,1.465972144,0,3.59E-20,0,0,0.120643477,0,0.072386086
06/01/2018,14,0.22,1.712254,0.22,6.29E-15,1.21681125,0,1.11E-14,0,0,3.53E-07,0,4.73E-07
06/01/2018,15,0.22,1.170658,0.22,1.32E-14,0.781600179,0,2.21E-14,0,0,6.87E-07,0,6.52E-07
06/01/2018,16,0.37,0.501672,0.344279489,0.025720511,0.154141441,0,7.95E-14,0,0,3.80E-07,0,3.68E-07
06/01/2018,17,0.41,0,0,0.276304348,0,0.133695652,0,9.39E-14,7.50E-07,0,5.84E-07,0
06/01/2018,18,0.34,0,0,0.229130435,0,0.110869565,0,6.68E-14,5.46E-07,0,4.22E-07,0
06/01/2018,19,0.35,0,0,0.235869565,0,0.114130435,0,1.79E-13,9.39E-07,0,7.27E-07,0
06/01/2018,20,0.46,0,0,0.31,0,0.15,0,2.00E-13,1.17E-06,0,9.06E-07,0
06/01/2018,21,0.45,0,0,0.30326087,0,0.14673913,0,1.90E-13,1.14E-06,0,8.86E-07,0
06/01/2018,22,0.22,0,0,0.14826087,0,0.07173913,0,2.71E-13,9.78E-07,0,7.67E-07,0
06/01/2018,23,0.24,0,0,0.16173913,0,0.07826087,0,1.70E-13,7.88E-07,0,6.12E-07,0
07/01/2018,0,0.28,0,0,0.188695652,0,0.091304348,0,8.01E-14,5.70E-07,0,4.40E-07,0
07/01/2018,1,0.28,0,0,0.188695652,0,0.091304348,0,8.01E-14,5.70E-07,0,4.40E-07,0
07/01/2018,2,0.21,0,0,0.141521739,0,0.068478261,0,3.88E-13,1.11E-06,0,8.60E-07,0
07/01/2018,3,0.21,0,0,0.141521739,0,0.068478261,0,3.88E-13,1.11E-06,0,8.60E-07,0
07/01/2018,4,0.27,0,0,0.181956522,0,0.088043478,0,8.93E-14,5.93E-07,0,4.58E-07,0
07/01/2018,5,0.37,0.200835,0.200835,0.1140025,0,0.0551625,0,4.51E-13,1.05E-06,0,8.27E-07,0
07/01/2018,6,0.34,0.903879,0.34,1.21E-14,0.480438482,0,1.54E-14,0,0,2.49E-07,0,2.90E-07
07/01/2018,7,0.37,1.617482,0.37,9.53E-15,1.032173036,0,1.53E-14,0,0,5.88E-07,0,5.57E-07
07/01/2018,8,0.33,2.264627,0.33,2.78E-14,1.549442335,0,5.15E-14,0,0,0.165266866,0,0.099160119
07/01/2018,9,0.33,2.636917,0.33,2.33E-23,1.820790975,0,3.82E-23,0,0,0.310330579,0,0.186198347
07/01/2018,10,0.29,2.767217,0.29,5.31E-15,1.942000996,0,1.00E-14,0,0,0.375129782,0,0.225077869
07/01/2018,11,0.21,2.845756,0.21,1.24E-17,2.051723397,0,2.06E-17,0,0,0.433787673,0,0.260272604
07/01/2018,12,0.21,2.663151,0.21,1.97E-26,1.918629255,0,3.46E-26,0,0,0.362635186,0,0.217581112
07/01/2018,13,0.29,2.294119,0.29,2.34E-22,1.597177072,0,4.10E-22,0,0,0.190785984,0,0.114471591
07/01/2018,14,0.24,1.722602,0.24,2.95E-15,1.210662321,0,5.18E-15,0,0,5.39E-07,0,4.17E-07
07/01/2018,15,0.21,1.133891,0.21,9.55E-15,0.759287411,0,1.60E-14,0,0,5.31E-07,0,5.53E-07
07/01/2018,16,0.73,0.468372,0.466812145,0.177365728,0,0.085822127,0,1.83E-13,9.48E-07,0,7.47E-07,0
07/01/2018,17,0.79,0.019548,0.019548,0.519217652,0,0.251234348,0,5.10E-14,7.90E-07,0,6.13E-07,0
07/01/2018,18,0.46,0,0,0.31,0,0.15,0,2.00E-13,1.17E-06,0,9.06E-07,0
07/01/2018,19,0.38,0,0,0.256086957,0,0.123913043,0,3.49E-13,1.35E-06,0,1.06E-06,0
07/01/2018,20,0.38,0,0,0.256086957,0,0.123913043,0,3.49E-13,1.35E-06,0,1.06E-06,0
07/01/2018,21,0.42,0,0,0.283043478,0,0.136956522,0,3.20E-13,1.40E-06,0,1.09E-06,0
07/01/2018,22,0.34,0,0,0.229130435,0,0.110869565,0,6.68E-14,5.46E-07,0,4.22E-07,0
07/01/2018,23,0.26,0,0,0.175217391,0,0.084782609,0,1.03E-13,6.25E-07,0,4.83E-07,0
08/01/2018,0,0.27,0,0,0.181956522,0,0.088043478,0,8.93E-14,5.93E-07,0,4.58E-07,0
08/01/2018,1,0.27,0,0,0.181956522,0,0.088043478,0,8.93E-14,5.93E-07,0,4.58E-07,0
08/01/2018,2,0.31,0,0,0.208913043,0,0.101086957,0,8.52E-14,5.97E-07,0,4.59E-07,0
08/01/2018,3,0.26,0,0,0.175217391,0,0.084782609,0,1.03E-13,6.25E-07,0,4.83E-07,0
08/01/2018,4,0.24,0,0,0.16173913,0,0.07826087,0,1.70E-13,7.88E-07,0,6.12E-07,0
08/01/2018,5,0.41,0.139459,0.139459,0.182321109,0,0.088219891,0,6.07E-14,5.12E-07,0,3.94E-07,0
08/01/2018,6,0.45,0.307165,0.303403626,0.098793208,0,0.047803165,0,2.44E-13,7.93E-07,0,6.15E-07,0
08/01/2018,7,0.44,0.394658,0.376661364,0.042684733,0,0.020653903,0,9.63E-13,1.08E-06,0,8.44E-07,0
08/01/2018,8,0.29,0.569665,0.29,5.16E-14,0.248034375,0,4.34E-14,0,0,4.12E-07,0,4.28E-07
08/01/2018,9,0.27,2.202687,0.27,1.21E-16,1.543655158,0,1.97E-16,0,0,0.162173025,0,0.097303815
08/01/2018,10,0.33,2.842554,0.33,3.82E-22,1.970672304,0,6.89E-22,0,0,0.390457541,0,0.234274524
08/01/2018,11,0.29,2.809632,0.29,1.64E-23,1.972915746,0,2.76E-23,0,0,0.391656891,0,0.234994135
08/01/2018,12,0.24,2.611982,0.24,3.80E-18,1.861654714,0,6.85E-18,0,0,0.332176444,0,0.199305866
08/01/2018,13,0.24,2.386588,0.24,1.48E-23,1.697373226,0,2.39E-23,0,0,0.244351118,0,0.146610671
08/01/2018,14,0.29,1.778233,0.29,3.39E-15,1.219205089,0,5.82E-15,0,0,5.13E-07,0,3.97E-07
08/01/2018,15,0.32,1.171414,0.32,1.10E-14,0.70988625,0,1.66E-14,0,0,3.92E-07,0,4.83E-07
08/01/2018,16,0.35,0.478589,0.327587006,0.022412994,0.147664844,0,4.38E-14,0,0,1.86E-07,0,3.20E-07
08/01/2018,17,0.4,0.014355,0.014355,0.259891196,0,0.125753804,0,7.16E-14,6.42E-07,0,5.00E-07,0
08/01/2018,18,0.42,0,0,0.283043478,0,0.136956522,0,3.20E-13,1.40E-06,0,1.09E-06,0
08/01/2018,19,0.44,0,0,0.296521739,0,0.143478261,0,2.73E-13,1.35E-06,0,1.06E-06,0
08/01/2018,20,0.39,0,0,0.262826087,0,0.127173913,0,3.46E-13,1.38E-06,0,1.08E-06,0
08/01/2018,21,0.36,0,0,0.242608696,0,0.117391304,0,2.18E-13,1.07E-06,0,8.27E-07,0
08/01/2018,22,0.32,0,0,0.215652174,0,0.104347826,0,7.97E-14,5.84E-07,0,4.49E-07,0
08/01/2018,23,0.34,0,0,0.229130435,0,0.110869565,0,6.68E-14,5.46E-07,0,4.22E-07,0
09/01/2018,0,0.28,0,0,0.188695652,0,0.091304348,0,8.01E-14,5.70E-07,0,4.40E-07,0
09/01/2018,1,0.24,0,0,0.16173913,0,0.07826087,0,1.70E-13,7.88E-07,0,6.12E-07,0
09/01/2018,2,0.24,0,0,0.16173913,0,0.07826087,0,1.70E-13,7.88E-07,0,6.12E-07,0
09/01/2018,3,0.33,0,0,0.222391304,0,0.107608696,0,6.52E-14,5.31E-07,0,4.09E-07,0
09/01/2018,4,0.32,0,0,0.215652174,0,0.104347826,0,7.97E-14,5.84E-07,0,4.49E-07,0
09/01/2018,5,0.31,0.161429,0.161429,0.100123935,0,0.048447065,0,1.20E-13,5.34E-07,0,4.10E-07,0
09/01/2018,6,0.36,0.735332,0.36,1.95E-14,0.330534643,0,1.79E-14,0,0,3.00E-07,0,3.12E-07
09/01/2018,7,0.42,0.616993,0.413389622,0.006610378,0.196828666,0,2.92E-14,0,0,2.57E-07,0,2.85E-07
09/01/2018,8,0.42,0.798713,0.42,4.44E-14,0.338072946,0,3.43E-14,0,0,5.28E-07,0,5.14E-07
09/01/2018,9,0.3,2.167318,0.3,1.84E-16,1.498196662,0,2.91E-16,0,0,0.137870791,0,0.082722475
09/01/2018,10,0.25,2.72339,0.25,1.80E-27,1.93629618,0,3.21E-27,0,0,0.372079972,0,0.223247983
09/01/2018,11,0.25,2.375061,0.25,4.19E-25,1.682411842,0,7.73E-25,0,0,0.236352722,0,0.141811633
09/01/2018,12,0.49,1.354933,0.49,2.65E-14,0.734410446,0,3.47E-14,0,0,4.77E-07,0,5.69E-07
09/01/2018,13,0.56,2.030949,0.56,8.46E-15,1.227012589,0,1.28E-14,0,0,6.05E-07,0,5.77E-07
09/01/2018,14,0.42,1.706194,0.42,1.49E-14,1.06729875,0,2.34E-14,0,0,8.50E-07,0,7.44E-07
09/01/2018,15,0.4,0.735585,0.4,2.78E-14,0.301809375,0,1.93E-14,0,0,2.95E-07,0,3.11E-07
09/01/2018,16,0.52,0.083583,0.083583,0.294107109,0,0.142309891,0,1.61E-13,1.02E-06,0,7.84E-07,0
09/01/2018,17,0.52,0,0,0.350434783,0,0.169565217,0,8.97E-14,8.49E-07,0,6.61E-07,0
09/01/2018,18,0.39,0,0,0.262826087,0,0.127173913,0,3.46E-13,1.38E-06,0,1.08E-06,0
09/01/2018,19,0.39,0,0,0.262826087,0,0.127173913,0,3.46E-13,1.38E-06,0,1.08E-06,0
09/01/2018,20,0.35,0,0,0.235869565,0,0.114130435,0,1.79E-13,9.39E-07,0,7.27E-07,0
09/01/2018,21,0.37,0,0,0.249347826,0,0.120652174,0,6.10E-14,5.67E-07,0,4.41E-07,0
09/01/2018,22,0.3,0,0,0.202173913,0,0.097826087,0,9.19E-14,6.14E-07,0,4.72E-07,0
09/01/2018,23,0.26,0,0,0.175217391,0,0.084782609,0,1.03E-13,6.25E-07,0,4.83E-07,0
10/01/2018,0,0.27,0,0,0.181956522,0,0.088043478,0,8.93E-14,5.93E-07,0,4.58E-07,0
10/01/2018,1,0.32,0,0,0.215652174,0,0.104347826,0,7.97E-14,5.84E-07,0,4.49E-07,0
10/01/2018,2,0.29,0,0,0.195434783,0,0.094565217,0,9.60E-14,6.28E-07,0,4.83E-07,0
10/01/2018,3,0.24,0,0,0.16173913,0,0.07826087,0,1.70E-13,7.88E-07,0,6.12E-07,0
10/01/2018,4,0.25,0,0,0.168478261,0,0.081521739,0,1.63E-13,7.79E-07,0,6.03E-07,0
10/01/2018,5,0.39,0.127888,0.127888,0.176640696,0,0.085471304,0,6.68E-14,5.38E-07,0,4.15E-07,0
10/01/2018,6,0.44,0.350243,0.338989146,0.068072532,0,0.032938322,0,2.77E-13,6.81E-07,0,5.26E-07,0
10/01/2018,7,0.39,0.915823,0.39,3.07E-14,0.453875625,0,3.47E-14,0,0,5.58E-07,0,5.70E-07
10/01/2018,8,0.34,2.141471,0.34,4.23E-14,1.453118634,0,5.53E-14,0,0,0.113771955,0,0.068263173
10/01/2018,9,0.31,2.55014,0.31,2.40E-19,1.770661921,0,4.26E-19,0,0,0.283531452,0,0.170118871
10/01/2018,10,0.31,2.762798,0.31,4.58E-14,1.925660602,0,9.11E-14,0,0,0.366394164,0,0.219836498
10/01/2018,11,0.26,2.607794,0.26,2.57E-15,1.845482688,0,5.66E-15,0,0,0.323530835,0,0.194118501
10/01/2018,12,0.42,0.320077,0.311497394,0.073121321,0,0.035381285,0,3.27E-13,7.86E-07,0,6.10E-07,0
10/01/2018,13,0.51,1.400427,0.51,2.41E-14,0.756503839,0,3.14E-14,0,0,5.03E-07,0,5.67E-07
10/01/2018,14,0.35,0.657305,0.35,2.67E-14,0.275066518,0,1.99E-14,0,0,2.83E-07,0,2.89E-07
10/01/2018,15,0.25,0.784877,0.25,2.60E-14,0.449901161,0,3.69E-14,0,0,6.06E-07,0,5.75E-07
10/01/2018,16,0.32,0.196787,0.196787,0.083034848,0,0.040178152,0,7.28E-13,1.14E-06,0,8.92E-07,0
10/01/2018,17,0.45,0.001625,0.001625,0.302165761,0,0.146209239,0,9.72E-14,8.01E-07,0,6.21E-07,0
10/01/2018,18,0.48,0,0,0.323478261,0,0.156521739,0,1.16E-13,9.20E-07,0,7.15E-07,0
10/01/2018,19,0.4,0,0,0.269565217,0,0.130434783,0,9.36E-14,7.27E-07,0,5.71E-07,0
10/01/2018,20,0.36,0,0,0.242608696,0,0.117391304,0,2.18E-13,1.07E-06,0,8.27E-07,0
10/01/2018,21,0.28,0,0,0.188695652,0,0.091304348,0,8.01E-14,5.70E-07,0,4.40E-07,0
10/01/2018,22,0.5,0,0,0.336956522,0,0.163043478,0,9.90E-14,8.94E-07,0,7.00E-07,0
10/01/2018,23,0.3,0,0,0.202173913,0,0.097826087,0,9.19E-14,6.14E-07,0,4.72E-07,0
11/01/2018,0,0.24,0,0,0.16173913,0,0.07826087,0,1.70E-13,7.88E-07,0,6.12E-07,0
11/01/2018,1,0.24,0,0,0.16173913,0,0.07826087,0,1.70E-13,7.88E-07,0,6.12E-07,0
11/01/2018,2,0.32,0,0,0.215652174,0,0.104347826,0,7.97E-14,5.84E-07,0,4.49E-07,0
11/01/2018,3,0.32,0,0,0.215652174,0,0.104347826,0,7.97E-14,5.84E-07,0,4.49E-07,0
11/01/2018,4,0.24,0,0,0.16173913,0,0.07826087,0,1.70E-13,7.88E-07,0,6.12E-07,0
11/01/2018,5,0.31,0.087015,0.087015,0.1502725,0,0.0727125,0,1.63E-13,7.59E-07,0,5.88E-07,0
11/01/2018,6,0.41,0.320575,0.310967117,0.066739551,0,0.032293331,0,3.66E-13,7.96E-07,0,6.18E-07,0
11/01/2018,7,0.47,0.407807,0.390672194,0.053460043,0,0.025867763,0,7.40E-13,1.06E-06,0,8.39E-07,0
11/01/2018,8,0.3,0.634122,0.3,3.83E-14,0.292598036,0,3.74E-14,0,0,4.75E-07,0,4.73E-07
11/01/2018,9,0.26,0.318048,0.225541461,0.034458539,0.092459479,0,8.03E-14,0,0,3.24E-07,0,3.32E-07
11/01/2018,10,0.29,0.944658,0.29,1.02E-14,0.549368036,0,1.47E-14,0,0,4.77E-07,0,4.19E-07
11/01/2018,11,0.31,0.914367,0.31,4.60E-14,0.510562768,0,6.29E-14,0,0,9.39E-07,0,8.43E-07
11/01/2018,12,0.25,1.678352,0.25,3.91E-15,1.167872143,0,6.78E-15,0,0,4.85E-07,0,4.47E-07
11/01/2018,13,0.23,0.739815,0.23,2.34E-14,0.428154911,0,3.35E-14,0,0,5.30E-07,0,5.22E-07
11/01/2018,14,0.25,1.452253,0.25,1.33E-14,0.986185446,0,2.26E-14,0,0,5.86E-07,0,5.95E-07
11/01/2018,15,0.34,0.868659,0.34,3.03E-14,0.452136696,0,3.73E-14,0,0,6.70E-07,0,6.11E-07
11/01/2018,16,0.4,0.449015,0.326548607,0.073451393,0.122466393,0,1.23E-13,0,0,5.57E-07,0,5.53E-07
11/01/2018,17,0.65,0.006661,0.006661,0.433554543,0,0.209784457,0,1.44E-13,1.19E-06,0,9.12E-07,0
11/01/2018,18,0.6,0,0,0.404347826,0,0.195652174,0,4.03E-14,5.74E-07,0,4.48E-07,0
11/01/2018,19,0.59,0,0,0.397608696,0,0.192391304,0,8.91E-14,8.65E-07,0,6.80E-07,0
11/01/2018,20,0.33,0,0,0.222391304,0,0.107608696,0,6.52E-14,5.31E-07,0,4.09E-07,0
11/01/2018,21,0.26,0,0,0.175217391,0,0.084782609,0,1.03E-13,6.25E-07,0,4.83E-07,0
11/01/2018,22,0.22,0,0,0.14826087,0,0.07173913,0,2.71E-13,9.78E-07,0,7.67E-07,0
11/01/2018,23,0.28,0,0,0.188695652,0,0.091304348,0,8.01E-14,5.70E-07,0,4.40E-07,0
12/01/2018,0,0.28,0,0,0.188695652,0,0.091304348,0,8.01E-14,5.70E-07,0,4.40E-07,0
12/01/2018,1,0.21,0,0,0.141521739,0,0.068478261,0,3.88E-13,1.11E-06,0,8.60E-07,0
12/01/2018,2,0.2,0,0,0.134782609,0,0.065217391,0,6.50E-13,1.38E-06,0,1.08E-06,0
12/01/2018,3,0.25,0,0,0.168478261,0,0.081521739,0,1.63E-13,7.79E-07,0,6.03E-07,0
12/01/2018,4,0.27,0,0,0.181956522,0,0.088043478,0,8.93E-14,5.93E-07,0,4.58E-07,0
12/01/2018,5,0.28,0.150404,0.150404,0.087336435,0,0.042259565,0,1.36E-13,5.40E-07,0,4.16E-07,0
12/01/2018,6,0.32,0.595347,0.32,5.31E-14,0.246975268,0,3.84E-14,0,0,4.02E-07,0,4.12E-07
12/01/2018,7,0.4,1.113702,0.4,7.49E-15,0.605653393,0,9.88E-15,0,0,2.15E-07,0,2.51E-07
12/01/2018,8,0.38,2.06919,0.38,1.95E-24,1.374196551,0,3.02E-24,0,0,0.071579998,0,0.042947999
12/01/2018,9,0.35,2.658526,0.35,5.38E-19,1.823421443,0,9.46E-19,0,0,0.311736834,0,0.187042101
12/01/2018,10,0.2,2.664784,0.2,1.35E-15,1.926379262,0,2.31E-15,0,0,0.366778361,0,0.220067017
12/01/2018,11,0.28,2.696161,0.28,1.30E-14,1.896770635,0,2.87E-14,0,0,0.350949509,0,0.210569706
12/01/2018,12,0.46,2.669644,0.46,1.20E-14,1.75936745,0,1.95E-14,0,0,0.277493397,0,0.166496038
12/01/2018,13,0.29,2.285754,0.29,1.19E-21,1.591080127,0,2.21E-21,0,0,0.187526541,0,0.112515925
12/01/2018,14,0.28,1.763194,0.28,3.14E-15,1.214352321,0,5.41E-15,0,0,4.34E-07,0,3.94E-07
12/01/2018,15,0.31,1.121496,0.31,5.61E-15,0.677005714,0,8.47E-15,0,0,2.19E-07,0,2.91E-07
12/01/2018,16,0.48,0.431412,0.411646318,0.046064438,0,0.022289244,0,6.52E-13,9.01E-07,0,7.04E-07,0
12/01/2018,17,0.45,0.000941,0.000941,0.302626717,0,0.146432283,0,6.13E-14,6.56E-07,0,5.04E-07,0
12/01/2018,18,0.43,0,0,0.289782609,0,0.140217391,0,1.24E-13,8.81E-07,0,6.85E-07,0
12/01/2018,19,0.43,0,0,0.289782609,0,0.140217391,0,1.24E-13,8.81E-07,0,6.85E-07,0
12/01/2018,20,0.48,0,0,0.323478261,0,0.156521739,0,1.16E-13,9.20E-07,0,7.15E-07,0
12/01/2018,21,0.42,0,0,0.283043478,0,0.136956522,0,3.20E-13,1.40E-06,0,1.09E-06,0
12/01/2018,22,0.29,0,0,0.195434783,0,0.094565217,0,9.60E-14,6.28E-07,0,4.83E-07,0
12/01/2018,23,0.33,0,0,0.222391304,0,0.107608696,0,6.52E-14,5.31E-07,0,4.09E-07,0
13/01/2018,0,0.37,0,0,0.249347826,0,0.120652174,0,6.10E-14,5.67E-07,0,4.41E-07,0
13/01/2018,1,0.3,0,0,0.202173913,0,0.097826087,0,9.19E-14,6.14E-07,0,4.72E-07,0
13/01/2018,2,0.28,0,0,0.188695652,0,0.091304348,0,8.01E-14,5.70E-07,0,4.40E-07,0
13/01/2018,3,0.29,0,0,0.195434783,0,0.094565217,0,9.60E-14,6.28E-07,0,4.83E-07,0
13/01/2018,4,0.36,0,0,0.242608696,0,0.117391304,0,2.18E-13,1.07E-06,0,8.27E-07,0
13/01/2018,5,0.39,0.134003,0.134003,0.172519717,0,0.083477283,0,6.51E-14,5.23E-07,0,4.03E-07,0
13/01/2018,6,0.41,0.921384,0.41,1.27E-14,0.44388,0,1.36E-14,0,0,4.31E-07,0,3.86E-07
13/01/2018,7,0.44,1.417274,0.44,2.15E-14,0.820666607,0,3.09E-14,0,0,5.44E-07,0,6.02E-07
13/01/2018,8,0.4,1.965171,0.4,6.05E-21,1.28526134,0,9.79E-21,0,0,0.024034995,0,0.014420997
13/01/2018,9,0.32,2.312883,0.32,2.03E-24,1.591174151,0,2.84E-24,0,0,0.187576807,0,0.112546084
13/01/2018,10,0.28,2.84423,0.28,1.42E-19,2.004692743,0,2.34E-19,0,0,0.408644959,0,0.245186975
13/01/2018,11,0.5,2.905032,0.5,4.42E-14,1.904694111,0,4.50E-14,0,0,0.355185421,0,0.213111253
13/01/2018,12,0.6,1.715062,0.6,1.63E-14,0.94424625,0,2.19E-14,0,0,6.06E-07,0,6.48E-07
13/01/2018,13,0.32,2.286817,0.32,8.33E-27,1.572175592,0,2.36E-26,0,0,0.177420126,0,0.106452075
13/01/2018,14,0.2,1.613236,0.2,1.04E-14,1.1517075,0,1.84E-14,0,0,8.81E-07,0,7.67E-07
13/01/2018,15,0.2,1.049884,0.2,1.21E-14,0.699013929,0,2.02E-14,0,0,5.30E-07,0,5.39E-07
13/01/2018,16,0.38,0.367001,0.347487019,0.021910922,0,0.010602059,0,9.19E-13,7.12E-07,0,5.50E-07,0
13/01/2018,17,0.42,0,0,0.283043478,0,0.136956522,0,3.20E-13,1.40E-06,0,1.09E-06,0
13/01/2018,18,0.33,0,0,0.222391304,0,0.107608696,0,6.52E-14,5.31E-07,0,4.09E-07,0
13/01/2018,19,0.32,0,0,0.215652174,0,0.104347826,0,7.97E-14,5.84E-07,0,4.49E-07,0
13/01/2018,20,0.4,0,0,0.269565217,0,0.130434783,0,9.36E-14,7.27E-07,0,5.71E-07,0
13/01/2018,21,0.29,0,0,0.195434783,0,0.094565217,0,9.60E-14,6.28E-07,0,4.83E-07,0
13/01/2018,22,0.25,0,0,0.168478261,0,0.081521739,0,1.63E-13,7.79E-07,0,6.03E-07,0
13/01/2018,23,0.21,0,0,0.141521739,0,0.068478261,0,3.88E-13,1.11E-06,0,8.60E-07,0
14/01/2018,0,0.28,0,0,0.188695652,0,0.091304348,0,8.01E-14,5.70E-07,0,4.40E-07,0
14/01/2018,1,0.28,0,0,0.188695652,0,0.091304348,0,8.01E-14,5.70E-07,0,4.40E-07,0
14/01/2018,2,0.2,0,0,0.134782609,0,0.065217391,0,6.50E-13,1.38E-06,0,1.08E-06,0
14/01/2018,3,0.2,0,0,0.134782609,0,0.065217391,0,6.50E-13,1.38E-06,0,1.08E-06,0
14/01/2018,4,0.25,0,0,0.168478261,0,0.081521739,0,1.63E-13,7.79E-07,0,6.03E-07,0
14/01/2018,5,0.34,0.219292,0.218391494,0.081953559,0,0.039654948,0,7.29E-13,1.22E-06,0,9.50E-07,0
14/01/2018,6,0.34,0.320917,0.304588482,0.023864284,0,0.011547234,0,9.63E-13,7.85E-07,0,6.11E-07,0
14/01/2018,7,0.38,1.659266,0.38,1.38E-14,1.058517321,0,2.21E-14,0,0,8.19E-07,0,7.20E-07
14/01/2018,8,0.33,2.248208,0.33,6.81E-16,1.537475123,0,1.28E-15,0,0,0.158869162,0,0.095321497
14/01/2018,9,0.28,1.878287,0.28,2.19E-26,1.300652025,0,3.68E-26,0,0,0.032262896,0,0.019357738
14/01/2018,10,0.2,2.470256,0.2,2.52E-19,1.784594878,0,4.54E-19,0,0,0.290980048,0,0.174588029
14/01/2018,11,0.2,0.888672,0.2,5.54E-15,0.569468571,0,8.91E-15,0,0,3.39E-07,0,3.07E-07
14/01/2018,12,0.23,2.519806,0.23,1.56E-18,1.801030753,0,3.19E-18,0,0,0.299766711,0,0.179860026
14/01/2018,13,0.29,1.53566,0.29,9.33E-15,1.024280357,0,1.56E-14,0,0,5.67E-07,0,5.85E-07
14/01/2018,14,0.23,0.34327,0.228942821,0.001057179,0.110267246,0,6.09E-14,0,0,3.06E-07,0,3.04E-07
14/01/2018,15,0.19,0.358081,0.19,6.96E-14,0.150332946,0,5.24E-14,0,0,2.64E-07,0,3.33E-07
14/01/2018,16,0.32,0.266771,0.25675721,0.042620141,0,0.020622649,0,6.20E-13,8.27E-07,0,6.43E-07,0
14/01/2018,17,0.42,0,0,0.283043478,0,0.136956522,0,3.20E-13,1.40E-06,0,1.09E-06,0
14/01/2018,18,0.36,0,0,0.242608696,0,0.117391304,0,2.18E-13,1.07E-06,0,8.27E-07,0
14/01/2018,19,0.33,0,0,0.222391304,0,0.107608696,0,6.52E-14,5.31E-07,0,4.09E-07,0
14/01/2018,20,0.37,0,0,0.249347826,0,0.120652174,0,6.10E-14,5.67E-07,0,4.41E-07,0
14/01/2018,21,0.42,0,0,0.283043478,0,0.136956522,0,3.20E-13,1.40E-06,0,1.09E-06,0
14/01/2018,22,0.27,0,0,0.181956522,0,0.088043478,0,8.93E-14,5.93E-07,0,4.58E-07,0
14/01/2018,23,0.21,0,0,0.141521739,0,0.068478261,0,3.88E-13,1.11E-06,0,8.60E-07,0
15/01/2018,0,0.22,0,0,0.14826087,0,0.07173913,0,2.71E-13,9.78E-07,0,7.67E-07,0
15/01/2018,1,0.29,0,0,0.195434783,0,0.094565217,0,9.60E-14,6.28E-07,0,4.83E-07,0
15/01/2018,2,0.26,0,0,0.175217391,0,0.084782609,0,1.03E-13,6.25E-07,0,4.83E-07,0
15/01/2018,3,0.2,0,0,0.134782609,0,0.065217391,0,6.50E-13,1.38E-06,0,1.08E-06,0
15/01/2018,4,0.2,0,0,0.134782609,0,0.065217391,0,6.50E-13,1.38E-06,0,1.08E-06,0
15/01/2018,5,0.33,0.163364,0.163364,0.112298174,0,0.054337826,0,1.04E-13,5.25E-07,0,4.04E-07,0
15/01/2018,6,0.52,0.464209,0.443274997,0.05170598,0,0.025019023,0,5.98E-13,9.02E-07,0,7.03E-07,0
15/01/2018,7,0.36,1.141117,0.36,3.28E-14,0.656611875,0,4.67E-14,0,0,3.96E-07,0,5.80E-07
15/01/2018,8,0.31,2.168745,0.31,4.16E-24,1.492676978,0,7.71E-24,0,0,0.134919953,0,0.080951972
15/01/2018,9,0.29,2.570636,0.29,8.07E-21,1.798720255,0,1.41E-20,0,0,0.298531513,0,0.179118908
15/01/2018,10,0.28,2.921782,0.28,1.35E-14,2.061217575,0,2.93E-14,0,0,0.438863286,0,0.263317972
15/01/2018,11,0.22,2.194807,0.22,1.68E-27,1.570710576,0,3.07E-27,0,0,0.176636924,0,0.105982155
15/01/2018,12,0.22,1.402452,0.22,1.70E-14,0.967863214,0,2.94E-14,0,0,7.05E-07,0,6.78E-07
15/01/2018,13,0.24,2.085881,0.24,3.89E-16,1.478198831,0,6.16E-16,0,0,0.127179897,0,0.076307938
15/01/2018,14,0.28,1.884682,0.28,1.21E-13,1.305313108,0,2.06E-13,0,0,0.034754723,0,0.020852834
15/01/2018,15,0.22,0.456494,0.22,2.60E-14,0.207718393,0,2.46E-14,0,0,2.31E-07,0,2.30E-07
15/01/2018,16,0.42,0.34866,0.335741119,0.056783159,0,0.027475722,0,3.42E-13,6.95E-07,0,5.36E-07,0
15/01/2018,17,0.65,0,0,0.438043478,0,0.211956522,0,4.98E-14,6.79E-07,0,5.29E-07,0
15/01/2018,18,0.42,0,0,0.283043478,0,0.136956522,0,3.20E-13,1.40E-06,0,1.09E-06,0
15/01/2018,19,0.26,0,0,0.175217391,0,0.084782609,0,1.03E-13,6.25E-07,0,4.83E-07,0
15/01/2018,20,0.24,0,0,0.16173913,0,0.07826087,0,1.70E-13,7.88E-07,0,6.12E-07,0
15/01/2018,21,0.22,0,0,0.14826087,0,0.07173913,0,2.71E-13,9.78E-07,0,7.67E-07,0
15/01/2018,22,0.32,0,0,0.215652174,0,0.104347826,0,7.97E-14,5.84E-07,0,4.49E-07,0
15/01/2018,23,0.29,0,0,0.195434783,0,0.094565217,0,9.60E-14,6.28E-07,0,4.83E-07,0
16/01/2018,0,0.22,0,0,0.14826087,0,0.07173913,0,2.71E-13,9.78E-07,0,7.67E-07,0
16/01/2018,1,0.2,0,0,0.134782609,0,0.065217391,0,6.50E-13,1.38E-06,0,1.08E-06,0
16/01/2018,2,0.25,0,0,0.168478261,0,0.081521739,0,1.63E-13,7.79E-07,0,6.03E-07,0
16/01/2018,3,0.28,0,0,0.188695652,0,0.091304348,0,8.01E-14,5.70E-07,0,4.40E-07,0
16/01/2018,4,0.23,0,0,0.155,0,0.075,0,1.34E-13,6.83E-07,0,5.31E-07,0
16/01/2018,5,0.28,0.069685,0.069685,0.141734022,0,0.068580978,0,2.49E-13,8.74E-07,0,6.87E-07,0
16/01/2018,6,0.35,0.331952,0.314900897,0.023653743,0,0.01144536,0,8.93E-13,7.45E-07,0,5.79E-07,0
16/01/2018,7,0.42,0.445097,0.329475525,0.090524475,0.115621475,0,1.27E-13,0,0,5.50E-07,0,5.51E-07
16/01/2018,8,0.35,0.564425,0.35,1.00E-13,0.200430804,0,3.00E-14,0,0,2.52E-07,0,2.61E-07
16/01/2018,9,0.21,0.443153,0.21,2.91E-14,0.204230089,0,2.83E-14,0,0,2.46E-07,0,2.50E-07
16/01/2018,10,0.22,0.571254,0.22,7.17E-14,0.29993625,0,8.96E-14,0,0,5.24E-07,0,5.50E-07
16/01/2018,11,0.29,0.44244,0.29,2.27E-12,0.1458,0,1.66E-13,0,0,4.21E-07,0,5.03E-07
16/01/2018,12,0.25,0.461583,0.25,1.93E-13,0.190111339,0,1.36E-13,0,0,4.56E-07,0,5.38E-07
16/01/2018,13,0.2,0.528757,0.2,1.47E-14,0.280251161,0,1.86E-14,0,0,1.99E-07,0,2.39E-07
16/01/2018,14,0.21,0.21596,0.161389508,0.048610492,0.054570492,0,1.09E-13,0,0,4.42E-07,0,4.03E-07
16/01/2018,15,0.34,0.368244,0.270746951,0.069253049,0.097497049,0,1.26E-13,0,0,4.75E-07,0,4.39E-07
16/01/2018,16,0.4,0.290683,0.284660443,0.077728832,0,0.037610725,0,3.64E-13,8.77E-07,0,6.84E-07,0
16/01/2018,17,0.71,0,0,0.478478261,0,0.231521739,0,7.02E-14,8.36E-07,0,6.52E-07,0
16/01/2018,18,0.63,0,0,0.424565217,0,0.205434783,0,8.00E-14,8.41E-07,0,6.55E-07,0
16/01/2018,19,0.53,0,0,0.357173913,0,0.172826087,0,7.95E-14,8.04E-07,0,6.26E-07,0
16/01/2018,20,0.27,0,0,0.181956522,0,0.088043478,0,8.93E-14,5.93E-07,0,4.58E-07,0
16/01/2018,21,0.31,0,0,0.208913043,0,0.101086957,0,8.52E-14,5.97E-07,0,4.59E-07,0
16/01/2018,22,0.26,0,0,0.175217391,0,0.084782609,0,1.03E-13,6.25E-07,0,4.83E-07,0
16/01/2018,23,0.3,0,0,0.202173913,0,0.097826087,0,9.19E-14,6.14E-07,0,4.72E-07,0
17/01/2018,0,0.3,0,0,0.202173913,0,0.097826087,0,9.19E-14,6.14E-07,0,4.72E-07,0
17/01/2018,1,0.21,0,0,0.141521739,0,0.068478261,0,3.88E-13,1.11E-06,0,8.60E-07,0
17/01/2018,2,0.21,0,0,0.141521739,0,0.068478261,0,3.88E-13,1.11E-06,0,8.60E-07,0
17/01/2018,3,0.3,0,0,0.202173913,0,0.097826087,0,9.19E-14,6.14E-07,0,4.72E-07,0
17/01/2018,4,0.27,0,0,0.181956522,0,0.088043478,0,8.93E-14,5.93E-07,0,4.58E-07,0
17/01/2018,5,0.26,0.162419,0.162419,0.065761109,0,0.031819891,0,1.93E-13,5.55E-07,0,4.27E-07,0
17/01/2018,6,0.36,0.149364,0.149364,0.141950348,0,0.068685652,0,8.43E-14,5.33E-07,0,4.10E-07,0
17/01/2018,7,0.41,1.207551,0.41,7.23E-15,0.673835625,0,9.88E-15,0,0,3.25E-07,0,3.28E-07
17/01/2018,8,0.37,2.182633,0.37,9.24E-21,1.4634408,0,1.51E-20,0,0,0.119290214,0,0.071574128
17/01/2018,9,0.25,2.672865,0.25,1.55E-17,1.899470345,0,2.74E-17,0,0,0.352392782,0,0.211435669
17/01/2018,10,0.22,2.8759,0.22,2.20E-22,2.06713449,0,3.63E-22,0,0,0.442026485,0,0.265215891
17/01/2018,11,0.23,3.082017,0.23,4.17E-19,2.210395617,0,7.25E-19,0,0,0.520973522,0,0.312584113
17/01/2018,12,0.28,2.928249,0.28,6.31E-14,2.065931136,0,1.48E-13,0,0,0.441383169,0,0.264829901
17/01/2018,13,0.27,2.34229,0.27,8.85E-17,1.645406707,0,1.52E-16,0,0,0.216569677,0,0.129941806
17/01/2018,14,0.2,1.803822,0.2,4.51E-27,1.298855376,0,7.78E-27,0,0,0.031302403,0,0.018781442
17/01/2018,15,0.2,1.140946,0.2,9.84E-15,0.77218875,0,1.67E-14,0,0,5.26E-07,0,5.50E-07
17/01/2018,16,0.36,0.378068,0.280657508,0.079342492,0.097410492,0,5.61E-14,0,0,3.43E-07,0,3.07E-07
17/01/2018,17,0.49,0,0,0.330217391,0,0.159782609,0,1.04E-13,8.89E-07,0,6.95E-07,0
17/01/2018,18,0.51,0,0,0.343695652,0,0.166304348,0,9.48E-14,8.79E-07,0,6.87E-07,0
17/01/2018,19,0.35,0,0,0.235869565,0,0.114130435,0,1.79E-13,9.39E-07,0,7.27E-07,0
17/01/2018,20,0.34,0,0,0.229130435,0,0.110869565,0,6.68E-14,5.46E-07,0,4.22E-07,0
17/01/2018,21,0.31,0,0,0.208913043,0,0.101086957,0,8.52E-14,5.97E-07,0,4.59E-07,0
17/01/2018,22,0.3,0,0,0.202173913,0,0.097826087,0,9.19E-14,6.14E-07,0,4.72E-07,0
17/01/2018,23,0.25,0,0,0.168478261,0,0.081521739,0,1.63E-13,7.79E-07,0,6.03E-07,0
18/01/2018,0,0.25,0,0,0.168478261,0,0.081521739,0,1.63E-13,7.79E-07,0,6.03E-07,0
18/01/2018,1,0.28,0,0,0.188695652,0,0.091304348,0,8.01E-14,5.70E-07,0,4.40E-07,0
18/01/2018,2,0.25,0,0,0.168478261,0,0.081521739,0,1.63E-13,7.79E-07,0,6.03E-07,0
18/01/2018,3,0.22,0,0,0.14826087,0,0.07173913,0,2.71E-13,9.78E-07,0,7.67E-07,0
18/01/2018,4,0.22,0,0,0.14826087,0,0.07173913,0,2.71E-13,9.78E-07,0,7.67E-07,0
18/01/2018,5,0.35,0.177375,0.177375,0.116334239,0,0.056290761,0,5.82E-13,1.22E-06,0,9.43E-07,0
18/01/2018,6,0.4,0.92029,0.4,2.78E-14,0.450233036,0,3.07E-14,0,0,5.56E-07,0,5.53E-07
18/01/2018,7,0.37,1.734437,0.37,1.67E-14,1.126154732,0,2.72E-14,0,0,1.02E-06,0,8.73E-07
18/01/2018,8,0.28,2.35274,0.28,3.37E-21,1.646463559,0,8.34E-21,0,0,0.217134673,0,0.130280804
18/01/2018,9,0.3,2.578396,0.3,6.31E-20,1.797816464,0,1.41E-19,0,0,0.298048343,0,0.178829006
18/01/2018,10,0.28,1.450582,0.28,1.38E-14,0.96314625,0,2.29E-14,0,0,5.83E-07,0,5.97E-07
18/01/2018,11,0.2,2.34198,0.2,1.80E-14,1.691099167,0,3.20E-14,0,0,0.240996989,0,0.144598194
18/01/2018,12,0.2,1.118893,0.2,1.11E-14,0.754467589,0,1.88E-14,0,0,5.48E-07,0,5.61E-07
18/01/2018,13,0.3,1.149625,0.3,1.07E-14,0.706841518,0,1.64E-14,0,0,5.07E-07,0,5.11E-07
18/01/2018,14,0.28,0.949179,0.28,1.20E-14,0.560233125,0,1.77E-14,0,0,5.40E-07,0,4.68E-07
18/01/2018,15,0.2,1.080287,0.2,2.12E-14,0.723444911,0,3.55E-14,0,0,7.32E-07,0,7.59E-07
18/01/2018,16,0.29,0.27321,0.259360664,0.020648248,0,0.009991088,0,1.85E-12,1.02E-06,0,7.92E-07,0
18/01/2018,17,0.43,0,0,0.289782609,0,0.140217391,0,1.24E-13,8.81E-07,0,6.85E-07,0
18/01/2018,18,0.42,0,0,0.283043478,0,0.136956522,0,3.20E-13,1.40E-06,0,1.09E-06,0
18/01/2018,19,0.31,0,0,0.208913043,0,0.101086957,0,8.52E-14,5.97E-07,0,4.59E-07,0
18/01/2018,20,0.23,0,0,0.155,0,0.075,0,1.34E-13,6.83E-07,0,5.31E-07,0
18/01/2018,21,0.29,0,0,0.195434783,0,0.094565217,0,9.60E-14,6.28E-07,0,4.83E-07,0
18/01/2018,22,0.32,0,0,0.215652174,0,0.104347826,0,7.97E-14,5.84E-07,0,4.49E-07,0
18/01/2018,23,0.25,0,0,0.168478261,0,0.081521739,0,1.63E-13,7.79E-07,0,6.03E-07,0
19/01/2018,0,0.24,0,0,0.16173913,0,0.07826087,0,1.70E-13,7.88E-07,0,6.12E-07,0
19/01/2018,1,0.2,0,0,0.134782609,0,0.065217391,0,6.50E-13,1.38E-06,0,1.08E-06,0
19/01/2018,2,0.28,0,0,0.188695652,0,0.091304348,0,8.01E-14,5.70E-07,0,4.40E-07,0
19/01/2018,3,0.27,0,0,0.181956522,0,0.088043478,0,8.93E-14,5.93E-07,0,4.58E-07,0
19/01/2018,4,0.23,0,0,0.155,0,0.075,0,1.34E-13,6.83E-07,0,5.31E-07,0
19/01/2018,5,0.28,0.171451,0.171451,0.073152587,0,0.035396413,0,1.72E-13,5.37E-07,0,4.12E-07,0
19/01/2018,6,0.47,0.883759,0.47,4.83E-14,0.370252768,0,3.61E-14,0,0,6.54E-07,0,5.83E-07
19/01/2018,7,0.47,1.710665,0.47,1.17E-14,1.034730804,0,1.77E-14,0,0,6.42E-07,0,6.11E-07
19/01/2018,8,0.28,2.317953,0.28,1.57E-26,1.62110858,0,3.65E-26,0,0,0.203579833,0,0.1221479
19/01/2018,9,0.21,2.735118,0.21,1.03E-21,1.971083383,0,2.09E-21,0,0,0.390677305,0,0.234406383
19/01/2018,10,0.25,2.982145,0.25,6.89E-22,2.124849092,0,1.27E-21,0,0,0.473135004,0,0.283881003
19/01/2018,11,0.35,2.956534,0.35,5.32E-16,2.040628635,0,8.61E-16,0,0,0.427856384,0,0.25671383
19/01/2018,12,0.22,2.774341,0.22,6.47E-21,1.993111829,0,1.14E-20,0,0,0.402453771,0,0.241472263
19/01/2018,13,0.21,2.437524,0.21,1.27E-20,1.754177941,0,2.37E-20,0,0,0.274719072,0,0.164831443
19/01/2018,14,0.24,1.80504,0.24,9.03E-17,1.273504041,0,1.57E-16,0,0,0.017749511,0,0.010649707
19/01/2018,15,0.32,1.131661,0.32,5.42E-15,0.677941875,0,8.11E-15,0,0,1.94E-07,0,2.78E-07
19/01/2018,16,0.38,0.366703,0.347234259,0.02208126,0,0.010684481,0,9.23E-13,7.17E-07,0,5.54E-07,0
19/01/2018,17,0.35,0,0,0.235869565,0,0.114130435,0,1.79E-13,9.39E-07,0,7.27E-07,0
19/01/2018,18,0.46,0,0,0.31,0,0.15,0,2.00E-13,1.17E-06,0,9.06E-07,0
19/01/2018,19,0.62,0,0,0.417826087,0,0.202173913,0,7.85E-14,8.25E-07,0,6.43E-07,0
19/01/2018,20,0.45,0,0,0.30326087,0,0.14673913,0,1.90E-13,1.14E-06,0,8.86E-07,0
19/01/2018,21,0.27,0,0,0.181956522,0,0.088043478,0,8.93E-14,5.93E-07,0,4.58E-07,0
19/01/2018,22,0.23,0,0,0.155,0,0.075,0,1.34E-13,6.83E-07,0,5.31E-07,0
19/01/2018,23,0.3,0,0,0.202173913,0,0.097826087,0,9.19E-14,6.14E-07,0,4.72E-07,0
20/01/2018,0,0.27,0,0,0.181956522,0,0.088043478,0,8.93E-14,5.93E-07,0,4.58E-07,0
20/01/2018,1,0.2,0,0,0.134782609,0,0.065217391,0,6.50E-13,1.38E-06,0,1.08E-06,0
20/01/2018,2,0.2,0,0,0.134782609,0,0.065217391,0,6.50E-13,1.38E-06,0,1.08E-06,0
20/01/2018,3,0.28,0,0,0.188695652,0,0.091304348,0,8.01E-14,5.70E-07,0,4.40E-07,0
20/01/2018,4,0.28,0,0,0.188695652,0,0.091304348,0,8.01E-14,5.70E-07,0,4.40E-07,0
20/01/2018,5,0.28,0.171504,0.171504,0.07311687,0,0.03537913,0,1.72E-13,5.37E-07,0,4.12E-07,0
20/01/2018,6,0.33,0.890437,0.33,1.12E-14,0.476869018,0,1.45E-14,0,0,2.58E-07,0,2.92E-07
20/01/2018,7,0.41,1.709865,0.41,1.50E-14,1.077480804,0,2.38E-14,0,0,8.61E-07,0,7.53E-07
20/01/2018,8,0.35,2.400297,0.35,1.33E-25,1.635207718,0,2.48E-25,0,0,0.21111727,0,0.126670362
20/01/2018,9,1.43,2.79296,1.43,5.94E-15,1.210146429,0,4.93E-15,0,0,2.71E-07,0,3.28E-07
20/01/2018,10,1.38,2.251229,1.38,4.58E-14,0.810987589,0,1.57E-14,0,0,4.82E-07,0,4.91E-07
20/01/2018,11,1.35,3.028314,1.35,7.70E-17,1.436969202,0,8.16E-17,0,0,0.105138426,0,0.063083056
20/01/2018,12,1.38,0.491425,0.491425,0.598822283,0,0.289752717,0,3.15E-14,6.78E-07,0,5.21E-07,0
20/01/2018,13,3.58,0.476587,0.476587,2.305215558,0,0.798197442,0,4.04E-15,0.225365082,0,0.196682253,0
20/01/2018,14,0.62,0.574577,0.546414419,0.049590283,0,0.023995298,0,2.27E-13,5.13E-07,0,3.94E-07,0
20/01/2018,15,0.31,0.565482,0.31,1.21E-13,0.23020875,0,8.20E-14,0,0,7.18E-07,0,6.55E-07
20/01/2018,16,0.38,0.198723,0.198723,0.122164935,0,0.059112065,0,4.61E-13,1.10E-06,0,8.69E-07,0
20/01/2018,17,0.44,0,0,0.296521739,0,0.143478261,0,2.73E-13,1.35E-06,0,1.06E-06,0
20/01/2018,18,1.08,0,0,0.727826087,0,0.352173913,0,7.98E-14,1.17E-06,0,9.01E-07,0
20/01/2018,19,0.43,0,0,0.289782609,0,0.140217391,0,1.24E-13,8.81E-07,0,6.85E-07,0
20/01/2018,20,2.97,0,0,2.196657101,0,0.773342899,0,3.27E-27,0.205705194,0,0.179524533,0
20/01/2018,21,1.03,0,0,0.694130435,0,0.335869565,0,1.13E-13,1.35E-06,0,1.05E-06,0
20/01/2018,22,0.36,0,0,0.242608696,0,0.117391304,0,2.18E-13,1.07E-06,0,8.27E-07,0
20/01/2018,23,3.32,0,0,2.481452885,0,0.838547115,0,5.61E-20,0.257281583,0,0.224536654,0
21/01/2018,0,0.51,0,0,0.343695652,0,0.166304348,0,9.48E-14,8.79E-07,0,6.87E-07,0
21/01/2018,1,0.92,0,0,0.62,0,0.3,0,4.39E-14,7.38E-07,0,5.66E-07,0
21/01/2018,2,0.94,0,0,0.633478261,0,0.306521739,0,3.24E-14,6.36E-07,0,4.87E-07,0
21/01/2018,3,0.92,0,0,0.62,0,0.3,0,4.39E-14,7.38E-07,0,5.66E-07,0
21/01/2018,4,0.97,0,0,0.653695652,0,0.316304348,0,9.83E-14,1.14E-06,0,8.86E-07,0
21/01/2018,5,1.03,0.01991,0.01991,0.680712826,0,0.329377174,0,1.03E-13,1.31E-06,0,1.01E-06,0
21/01/2018,6,1.01,0.328003,0.328003,0.459606674,0,0.222390326,0,2.98E-14,5.59E-07,0,4.34E-07,0
21/01/2018,7,1.03,0.44462,0.44462,0.394495217,0,0.190884783,0,1.40E-13,1.13E-06,0,8.74E-07,0
21/01/2018,8,1,1.357535,0.931276214,0.068723786,0.417364078,0,1.90E-14,0,0,3.80E-07,0,3.97E-07
21/01/2018,9,1.02,2.498203,1.02,4.48E-14,1.267063073,0,5.27E-14,0,0,0.014306152,0,0.008583691
21/01/2018,10,0.34,2.876069,0.34,4.54E-20,1.988540396,0,9.73E-20,0,0,0.400009871,0,0.240005922
21/01/2018,11,0.21,3.006169,0.21,3.26E-25,2.168411979,0,5.37E-25,0,0,0.497495829,0,0.298497498
21/01/2018,12,1.12,2.712148,1.12,4.71E-28,1.357402075,0,7.28E-28,0,0,0.062601626,0,0.037560976
21/01/2018,13,0.55,2.390093,0.55,2.80E-13,1.496574941,0,5.42E-13,0,0,0.137003814,0,0.082202288
21/01/2018,14,0.61,1.35321,0.61,2.59E-14,0.646240179,0,2.72E-14,0,0,4.38E-07,0,5.78E-07
21/01/2018,15,0.49,1.076215,0.49,1.75E-14,0.510440625,0,1.81E-14,0,0,5.29E-07,0,4.26E-07
21/01/2018,16,0.64,0.270886,0.270886,0.248750739,0,0.120363261,0,1.20E-13,8.89E-07,0,6.92E-07,0
21/01/2018,17,0.68,0,0,0.45826087,0,0.22173913,0,7.13E-14,8.21E-07,0,6.42E-07,0
21/01/2018,18,0.35,0,0,0.235869565,0,0.114130435,0,1.79E-13,9.39E-07,0,7.27E-07,0
21/01/2018,19,0.31,0,0,0.208913043,0,0.101086957,0,8.52E-14,5.97E-07,0,4.59E-07,0
21/01/2018,20,1.23,0,0,0.828913043,0,0.401086957,0,2.88E-14,7.20E-07,0,5.55E-07,0
21/01/2018,21,0.44,0,0,0.296521739,0,0.143478261,0,2.73E-13,1.35E-06,0,1.06E-06,0
21/01/2018,22,2.72,0,0,1.993231541,0,0.726768459,0,2.44E-23,0.168864916,0,0.147373018,0
21/01/2018,23,3.62,0,0,2.725563556,0,0.894436444,0,1.11E-20,0.301489916,0,0.263118472,0
22/01/2018,0,3.1,0,0,2.302438392,0,0.797561608,0,9.56E-21,0.224862138,0,0.196243321,0
22/01/2018,1,1.42,0,0,0.956956522,0,0.463043478,0,2.39E-14,7.61E-07,0,5.86E-07,0
22/01/2018,2,0.91,0,0,0.61326087,0,0.29673913,0,3.64E-14,6.61E-07,0,5.05E-07,0
22/01/2018,3,0.93,0,0,0.62673913,0,0.30326087,0,7.38E-14,9.64E-07,0,7.40E-07,0
22/01/2018,4,0.92,0,0,0.62,0,0.3,0,4.39E-14,7.38E-07,0,5.66E-07,0
22/01/2018,5,1.01,0.168372,0.168372,0.567184087,0,0.274443913,0,2.77E-14,5.91E-07,0,4.55E-07,0
22/01/2018,6,1.11,0.886604,0.857752624,0.169992797,0,0.082254579,0,1.19E-13,7.16E-07,0,5.47E-07,0
22/01/2018,7,0.83,1.595287,0.83,4.34E-14,0.681659196,0,3.45E-14,0,0,8.23E-07,0,7.73E-07
22/01/2018,8,0.27,2.158802,0.27,3.93E-17,1.511668978,0,6.32E-17,0,0,0.145073127,0,0.087043876
22/01/2018,9,0.35,2.269276,0.35,2.46E-16,1.539711277,0,4.35E-16,0,0,0.160064616,0,0.096038769
22/01/2018,10,0.4,1.24649,0.4,6.96E-15,0.712358036,0,9.82E-15,0,0,3.64E-07,0,3.53E-07
22/01/2018,11,0.47,1.811801,0.47,1.67E-14,1.116000804,0,2.57E-14,0,0,9.64E-07,0,8.43E-07
22/01/2018,12,0.25,0.528953,0.25,6.94E-14,0.244247946,0,6.78E-14,0,0,4.92E-07,0,4.58E-07
22/01/2018,13,1.14,0.506681,0.506681,0.426801935,0,0.206517065,0,1.65E-13,1.31E-06,0,1.01E-06,0
22/01/2018,14,2.32,0.237125,0.237125,1.474801502,0,0.608073498,0,2.25E-16,0.074977469,0,0.065434882,0
22/01/2018,15,0.28,0.218624,0.212108863,0.045752723,0,0.022138414,0,1.38E-12,1.30E-06,0,1.00E-06,0
22/01/2018,16,1.45,0.039115,0.039115,0.950813804,0,0.460071196,0,5.15E-14,1.07E-06,0,8.21E-07,0
22/01/2018,17,2.29,0,0,1.643339579,0,0.646660421,0,1.73E-16,0.105499639,0,0.092072412,0
22/01/2018,18,0.99,0,0,0.667173913,0,0.322826087,0,9.41E-14,1.15E-06,0,8.90E-07,0
22/01/2018,19,1.41,0,0,0.950217391,0,0.459782609,0,2.32E-14,7.43E-07,0,5.72E-07,0
22/01/2018,20,0.63,0,0,0.424565217,0,0.205434783,0,8.00E-14,8.41E-07,0,6.55E-07,0
22/01/2018,21,0.3,0,0,0.202173913,0,0.097826087,0,9.19E-14,6.14E-07,0,4.72E-07,0
22/01/2018,22,0.95,0,0,0.640217391,0,0.309782609,0,2.66E-14,6.00E-07,0,4.63E-07,0
22/01/2018,23,1.03,0,0,0.694130435,0,0.335869565,0,1.13E-13,1.35E-06,0,1.05E-06,0
23/01/2018,0,1.06,0,0,0.714347826,0,0.345652174,0,9.86E-14,1.29E-06,0,9.96E-07,0
23/01/2018,1,0.5,0,0,0.336956522,0,0.163043478,0,9.90E-14,8.94E-07,0,7.00E-07,0
23/01/2018,2,0.31,0,0,0.208913043,0,0.101086957,0,8.52E-14,5.97E-07,0,4.59E-07,0
23/01/2018,3,0.23,0,0,0.155,0,0.075,0,1.34E-13,6.83E-07,0,5.31E-07,0
23/01/2018,4,0.2,0,0,0.134782609,0,0.065217391,0,6.50E-13,1.38E-06,0,1.08E-06,0
23/01/2018,5,0.26,0.150961,0.150961,0.073482804,0,0.035556196,0,2.23E-13,6.38E-07,0,4.92E-07,0
23/01/2018,6,0.24,0.370387,0.24,4.37E-13,0.124060982,0,5.41E-14,0,0,2.86E-07,0,3.05E-07
23/01/2018,7,0.28,0.994147,0.28,3.59E-14,0.596368125,0,5.38E-14,0,0,8.84E-07,0,8.28E-07
23/01/2018,8,0.34,2.093308,0.34,3.38E-16,1.418014375,0,4.94E-16,0,0,0.095005124,0,0.057003075
23/01/2018,9,0.38,2.74905,0.38,2.55E-16,1.869721776,0,2.97E-16,0,0,0.336489117,0,0.20189347
23/01/2018,10,0.53,2.659922,0.53,7.41E-27,1.70636303,0,1.53E-26,0,0,0.249157091,0,0.149494255
23/01/2018,11,0.49,1.266045,0.49,6.32E-15,0.662982589,0,7.86E-15,0,0,2.39E-07,0,2.55E-07
23/01/2018,12,0.41,1.585265,0.41,1.05E-14,0.977355804,0,1.61E-14,0,0,5.56E-07,0,5.90E-07
23/01/2018,13,0.35,0.623731,0.35,3.08E-14,0.248087411,0,1.90E-14,0,0,1.70E-07,0,2.61E-07
23/01/2018,14,0.45,0.457106,0.342955508,0.107044492,0.114150492,0,1.11E-13,0,0,4.76E-07,0,4.96E-07
23/01/2018,15,0.65,0.779338,0.555893082,0.094106918,0.223444918,0,2.55E-14,0,0,2.37E-07,0,2.57E-07
23/01/2018,16,0.37,0.17977,0.17977,0.128198478,0,0.062031522,0,4.81E-13,1.16E-06,0,9.04E-07,0
23/01/2018,17,0.34,0,0,0.229130435,0,0.110869565,0,6.68E-14,5.46E-07,0,4.22E-07,0
23/01/2018,18,0.37,0,0,0.249347826,0,0.120652174,0,6.10E-14,5.67E-07,0,4.41E-07,0
23/01/2018,19,0.45,0,0,0.30326087,0,0.14673913,0,1.90E-13,1.14E-06,0,8.86E-07,0
23/01/2018,20,0.46,0,0,0.31,0,0.15,0,2.00E-13,1.17E-06,0,9.06E-07,0
23/01/2018,21,0.56,0,0,0.377391304,0,0.182608696,0,7.91E-14,8.14E-07,0,6.30E-07,0
23/01/2018,22,0.7,0,0,0.47173913,0,0.22826087,0,7.01E-14,8.27E-07,0,6.48E-07,0
23/01/2018,23,0.9,0,0,0.606521739,0,0.293478261,0,4.39E-14,7.26E-07,0,5.55E-07,0
24/01/2018,0,1.04,0,0,0.700869565,0,0.339130435,0,7.50E-14,1.09E-06,0,8.49E-07,0
24/01/2018,1,1.01,0,0,0.680652174,0,0.329347826,0,9.58E-14,1.19E-06,0,9.25E-07,0
24/01/2018,2,0.59,0,0,0.397608696,0,0.192391304,0,8.91E-14,8.65E-07,0,6.80E-07,0
24/01/2018,3,0.25,0,0,0.168478261,0,0.081521739,0,1.63E-13,7.79E-07,0,6.03E-07,0
24/01/2018,4,0.28,0,0,0.188695652,0,0.091304348,0,8.01E-14,5.70E-07,0,4.40E-07,0
24/01/2018,5,0.29,0.122608,0.122608,0.112807652,0,0.054584348,0,1.54E-13,6.66E-07,0,5.15E-07,0
24/01/2018,6,0.45,0.525677,0.377803066,0.072196934,0.147873934,0,1.01E-13,0,0,5.62E-07,0,5.08E-07
24/01/2018,7,0.35,1.313612,0.35,2.61E-14,0.802456071,0,3.99E-14,0,0,5.14E-07,0,6.32E-07
24/01/2018,8,0.45,1.045617,0.45,8.63E-15,0.514781518,0,9.65E-15,0,0,2.82E-07,0,2.89E-07
24/01/2018,9,0.24,0.638452,0.24,1.13E-14,0.339470357,0,1.44E-14,0,0,2.54E-07,0,2.78E-07
24/01/2018,10,0.24,1.590477,0.24,1.28E-14,1.104490446,0,2.23E-14,0,0,8.55E-07,0,7.49E-07
24/01/2018,11,0.26,2.304879,0.26,3.65E-15,1.624698962,0,6.62E-15,0,0,0.205499261,0,0.123299557
24/01/2018,12,0.23,0.966658,0.23,1.65E-14,0.610439464,0,2.61E-14,0,0,6.11E-07,0,5.79E-07
24/01/2018,13,0.21,1.494953,0.21,1.27E-14,1.049426518,0,2.22E-14,0,0,6.90E-07,0,6.62E-07
24/01/2018,14,0.34,0.53201,0.34,1.84E-13,0.181615179,0,3.36E-14,0,0,4.28E-07,0,3.78E-07
24/01/2018,15,0.27,0.315872,0.226918557,0.043081443,0.088953443,0,6.80E-14,0,0,3.76E-07,0,3.20E-07
24/01/2018,16,0.36,0.28147,0.273035403,0.058606577,0,0.028358021,0,4.53E-13,8.60E-07,0,6.73E-07,0
24/01/2018,17,0.56,0,0,0.377391304,0,0.182608696,0,7.91E-14,8.14E-07,0,6.30E-07,0
24/01/2018,18,0.44,0,0,0.296521739,0,0.143478261,0,2.73E-13,1.35E-06,0,1.06E-06,0
24/01/2018,19,0.4,0,0,0.269565217,0,0.130434783,0,9.36E-14,7.27E-07,0,5.71E-07,0
24/01/2018,20,0.66,0,0,0.444782609,0,0.215217391,0,5.00E-14,6.87E-07,0,5.35E-07,0
24/01/2018,21,0.44,0,0,0.296521739,0,0.143478261,0,2.73E-13,1.35E-06,0,1.06E-06,0
24/01/2018,22,0.37,0,0,0.249347826,0,0.120652174,0,6.10E-14,5.67E-07,0,4.41E-07,0
24/01/2018,23,0.28,0,0,0.188695652,0,0.091304348,0,8.01E-14,5.70E-07,0,4.40E-07,0
25/01/2018,0,0.29,0,0,0.195434783,0,0.094565217,0,9.60E-14,6.28E-07,0,4.83E-07,0
25/01/2018,1,0.31,0,0,0.208913043,0,0.101086957,0,8.52E-14,5.97E-07,0,4.59E-07,0
25/01/2018,2,0.29,0,0,0.195434783,0,0.094565217,0,9.60E-14,6.28E-07,0,4.83E-07,0
25/01/2018,3,0.23,0,0,0.155,0,0.075,0,1.34E-13,6.83E-07,0,5.31E-07,0
25/01/2018,4,0.22,0,0,0.14826087,0,0.07173913,0,2.71E-13,9.78E-07,0,7.67E-07,0
25/01/2018,5,0.38,0.042407,0.042407,0.227508326,0,0.110084674,0,1.83E-13,1.00E-06,0,7.74E-07,0
25/01/2018,6,0.51,0.172783,0.172783,0.227254935,0,0.109962065,0,2.15E-13,1.06E-06,0,8.29E-07,0
25/01/2018,7,0.38,0.978772,0.38,2.85E-14,0.511691786,0,3.54E-14,0,0,7.87E-07,0,6.87E-07
25/01/2018,8,0.31,0.626929,0.31,3.76E-14,0.279585804,0,3.37E-14,0,0,3.65E-07,0,3.86E-07
25/01/2018,9,0.49,0.833424,0.49,1.62E-13,0.315340714,0,7.80E-14,0,0,9.07E-07,0,7.81E-07
25/01/2018,10,0.31,1.59556,0.31,5.27E-15,1.05795,0,8.76E-15,0,0,4.13E-07,0,3.95E-07
25/01/2018,11,0.36,2.501124,0.36,7.91E-26,1.702137078,0,1.32E-25,0,0,0.246897886,0,0.148138732
25/01/2018,12,0.24,1.635187,0.24,2.72E-15,1.140418125,0,4.73E-15,0,0,4.43E-07,0,3.72E-07
25/01/2018,13,0.26,2.17531,0.26,2.11E-24,1.530260831,0,3.82E-24,0,0,0.155012382,0,0.093007429
25/01/2018,14,0.28,1.695132,0.28,1.61E-14,1.159659643,0,2.76E-14,0,0,1.06E-06,0,8.97E-07
25/01/2018,15,0.24,1.03279,0.24,3.30E-14,0.656349107,0,5.26E-14,0,0,1.02E-06,0,9.09E-07
25/01/2018,16,0.33,0.376743,0.272607098,0.057392902,0.104135902,0,1.83E-13,0,0,5.41E-07,0,5.81E-07
25/01/2018,17,0.38,0,0,0.256086957,0,0.123913043,0,3.49E-13,1.35E-06,0,1.06E-06,0
25/01/2018,18,0.71,0,0,0.478478261,0,0.231521739,0,7.02E-14,8.36E-07,0,6.52E-07,0
25/01/2018,19,0.41,0,0,0.276304348,0,0.133695652,0,9.39E-14,7.50E-07,0,5.84E-07,0
25/01/2018,20,0.37,0,0,0.249347826,0,0.120652174,0,6.10E-14,5.67E-07,0,4.41E-07,0
25/01/2018,21,0.52,0,0,0.350434783,0,0.169565217,0,8.97E-14,8.49E-07,0,6.61E-07,0
25/01/2018,22,0.37,0,0,0.249347826,0,0.120652174,0,6.10E-14,5.67E-07,0,4.41E-07,0
25/01/2018,23,2.45,0,0,1.773531937,0,0.676468063,0,3.23E-16,0.129077417,0,0.112649382,0
26/01/2018,0,1.7,0,0,1.163255258,0,0.536744742,0,1.23E-23,0.018556584,0,0.016194837,0
26/01/2018,1,1.17,0,0,0.788478261,0,0.381521739,0,4.26E-14,8.57E-07,0,6.61E-07,0
26/01/2018,2,1.14,0,0,0.76826087,0,0.37173913,0,3.67E-14,7.78E-07,0,5.92E-07,0
26/01/2018,3,1.11,0,0,0.748043478,0,0.361956522,0,8.00E-14,1.17E-06,0,8.99E-07,0
26/01/2018,4,1.03,0,0,0.694130435,0,0.335869565,0,1.13E-13,1.35E-06,0,1.05E-06,0
26/01/2018,5,1.07,0.146366,0.146366,0.622449,0,0.301185,0,1.18E-13,1.31E-06,0,1.01E-06,0
26/01/2018,6,1.18,0.836307,0.821760086,0.241422551,0,0.116817363,0,1.43E-13,8.95E-07,0,6.80E-07,0
26/01/2018,7,1.17,0.77245,0.766644745,0.271826368,0,0.131528888,0,2.48E-13,1.28E-06,0,9.76E-07,0
26/01/2018,8,0.98,1.645394,0.98,5.08E-14,0.613441607,0,2.23E-14,0,0,4.84E-07,0,5.14E-07
26/01/2018,9,0.46,2.700383,0.46,1.10E-26,1.781771989,0,1.82E-26,0,0,0.289470924,0,0.173682554
26/01/2018,10,0.41,2.605684,0.41,1.03E-22,1.745548196,0,2.19E-22,0,0,0.270105587,0,0.162063352
26/01/2018,11,0.34,0.481794,0.326248554,0.013751446,0.151208278,0,3.85E-14,0,0,3.50E-07,0,3.31E-07
26/01/2018,12,0.23,0.307719,0.212048375,0.017951625,0.093917782,0,7.68E-14,0,0,3.05E-07,0,3.02E-07
26/01/2018,13,0.53,0.266028,0.266028,0.177894174,0,0.086077826,0,1.97E-13,9.78E-07,0,7.66E-07,0
26/01/2018,14,0.29,0.428714,0.286716413,0.003283587,0.137144916,0,1.82E-13,0,0,4.77E-07,0,5.51E-07
26/01/2018,15,0.3,0.121011,0.121011,0.120623022,0,0.058365978,0,1.73E-13,7.29E-07,0,5.64E-07,0
26/01/2018,16,0.33,0.159101,0.159101,0.115171065,0,0.055727935,0,1.04E-13,5.31E-07,0,4.09E-07,0
26/01/2018,17,0.39,0,0,0.262826087,0,0.127173913,0,3.46E-13,1.38E-06,0,1.08E-06,0
26/01/2018,18,0.64,0,0,0.431304348,0,0.208695652,0,4.80E-14,6.62E-07,0,5.15E-07,0
26/01/2018,19,0.49,0,0,0.330217391,0,0.159782609,0,1.04E-13,8.89E-07,0,6.95E-07,0
26/01/2018,20,0.32,0,0,0.215652174,0,0.104347826,0,7.97E-14,5.84E-07,0,4.49E-07,0
26/01/2018,21,0.27,0,0,0.181956522,0,0.088043478,0,8.93E-14,5.93E-07,0,4.58E-07,0
26/01/2018,22,0.38,0,0,0.256086957,0,0.123913043,0,3.49E-13,1.35E-06,0,1.06E-06,0
26/01/2018,23,0.5,0,0,0.336956522,0,0.163043478,0,9.90E-14,8.94E-07,0,7.00E-07,0
27/01/2018,0,0.31,0,0,0.208913043,0,0.101086957,0,8.52E-14,5.97E-07,0,4.59E-07,0
27/01/2018,1,0.3,0,0,0.202173913,0,0.097826087,0,9.19E-14,6.14E-07,0,4.72E-07,0
27/01/2018,2,0.29,0,0,0.195434783,0,0.094565217,0,9.60E-14,6.28E-07,0,4.83E-07,0
27/01/2018,3,0.33,0,0,0.222391304,0,0.107608696,0,6.52E-14,5.31E-07,0,4.09E-07,0
27/01/2018,4,0.24,0,0,0.16173913,0,0.07826087,0,1.70E-13,7.88E-07,0,6.12E-07,0
27/01/2018,5,0.31,0.023055,0.023055,0.193375978,0,0.093569022,0,2.03E-13,9.56E-07,0,7.40E-07,0
27/01/2018,6,0.37,0.251991,0.248984376,0.081554007,0,0.039461616,0,2.53E-13,7.31E-07,0,5.68E-07,0
27/01/2018,7,0.48,0.407426,0.391301709,0.059774935,0,0.028923356,0,5.80E-13,9.57E-07,0,7.43E-07,0
27/01/2018,8,0.71,1.565666,0.71,2.32E-14,0.744642321,0,2.43E-14,0,0,4.93E-07,0,5.85E-07
27/01/2018,9,3.66,0.301121,0.301121,2.513088814,0,0.845790186,0,4.98E-14,0.263010835,0,0.229536729,0
27/01/2018,10,3.45,0.429683,0.429683,2.237600157,0,0.782716843,0,1.95E-14,0.213119963,0,0.185995604,0
27/01/2018,11,1.56,0.329983,0.329983,0.8289245,0,0.4010925,0,3.12E-14,8.09E-07,0,6.25E-07,0
27/01/2018,12,0.27,0.308061,0.222949033,0.047050967,0.085111967,0,3.28E-13,0,0,6.39E-07,0,6.84E-07
27/01/2018,13,0.17,0.419123,0.17,2.63E-14,0.213848839,0,3.14E-14,0,0,2.67E-07,0,3.19E-07
27/01/2018,14,0.18,1.328165,0.18,3.32E-15,0.937096875,0,5.83E-15,0,0,2.95E-07,0,3.11E-07
27/01/2018,15,0.32,0.498882,0.32,3.43E-13,0.16945875,0,5.73E-14,0,0,3.83E-07,0,3.69E-07
27/01/2018,16,0.36,0,0,0.242608696,0,0.117391304,0,2.18E-13,1.07E-06,0,8.27E-07,0
27/01/2018,17,0.32,0,0,0.215652174,0,0.104347826,0,7.97E-14,5.84E-07,0,4.49E-07,0
27/01/2018,18,0.32,0,0,0.215652174,0,0.104347826,0,7.97E-14,5.84E-07,0,4.49E-07,0
27/01/2018,19,0.35,0,0,0.235869565,0,0.114130435,0,1.79E-13,9.39E-07,0,7.27E-07,0
27/01/2018,20,0.37,0,0,0.249347826,0,0.120652174,0,6.10E-14,5.67E-07,0,4.41E-07,0
27/01/2018,21,0.46,0,0,0.31,0,0.15,0,2.00E-13,1.17E-06,0,9.06E-07,0
27/01/2018,22,1.25,0,0,0.842391304,0,0.407608696,0,2.82E-14,7.17E-07,0,5.49E-07,0
27/01/2018,23,2.1,0,0,1.488736153,0,0.611263847,0,6.35E-20,0.077501028,0,0.067637261,0
28/01/2018,0,1.63,0,0,1.106296101,0,0.523703899,0,1.11E-21,0.008241307,0,0.007192413,0
28/01/2018,1,0.91,0,0,0.61326087,0,0.29673913,0,3.64E-14,6.61E-07,0,5.05E-07,0
28/01/2018,2,0.27,0,0,0.181956522,0,0.088043478,0,8.93E-14,5.93E-07,0,4.58E-07,0
28/01/2018,3,0.32,0,0,0.215652174,0,0.104347826,0,7.97E-14,5.84E-07,0,4.49E-07,0
28/01/2018,4,0.3,0,0,0.202173913,0,0.097826087,0,9.19E-14,6.14E-07,0,4.72E-07,0
28/01/2018,5,0.3,0.118806,0.118806,0.122109,0,0.059085,0,1.37E-13,6.55E-07,0,5.07E-07,0
28/01/2018,6,0.34,0.371231,0.272264934,0.067735066,0.098966066,0,1.23E-13,0,0,4.78E-07,0,4.42E-07
28/01/2018,7,0.44,0.812458,0.44,6.00E-14,0.33465375,0,4.23E-14,0,0,5.72E-07,0,5.51E-07
28/01/2018,8,0.53,0.533052,0.401223148,0.128776852,0.131828852,0,4.35E-14,0,0,2.95E-07,0,2.69E-07
28/01/2018,9,1.23,0.375698,0.375698,0.575725261,0,0.278576739,0,4.51E-14,8.22E-07,0,6.41E-07,0
28/01/2018,10,0.28,0.370399,0.256142601,0.023857399,0.112396065,0,6.41E-14,0,0,3.82E-07,0,3.34E-07
28/01/2018,11,0.29,0.329873,0.238951852,0.051048148,0.090921148,0,3.01E-13,0,0,6.04E-07,0,6.58E-07
28/01/2018,12,0.28,0.329763,0.236436934,0.043563066,0.093326066,0,2.86E-13,0,0,6.22E-07,0,6.75E-07
28/01/2018,13,0.55,0.246836,0.246836,0.204306174,0,0.098857826,0,1.58E-13,9.35E-07,0,7.34E-07,0
28/01/2018,14,0.49,0.186343,0.186343,0.204638413,0,0.099018587,0,2.08E-13,9.90E-07,0,7.76E-07,0
28/01/2018,15,0.33,0.184775,0.184775,0.097869022,0,0.047355978,0,7.59E-13,1.28E-06,0,9.92E-07,0
28/01/2018,16,0.37,0,0,0.249347826,0,0.120652174,0,6.10E-14,5.67E-07,0,4.41E-07,0
28/01/2018,17,0.38,0,0,0.256086957,0,0.123913043,0,3.49E-13,1.35E-06,0,1.06E-06,0
28/01/2018,18,0.38,0,0,0.256086957,0,0.123913043,0,3.49E-13,1.35E-06,0,1.06E-06,0
28/01/2018,19,0.36,0,0,0.242608696,0,0.117391304,0,2.18E-13,1.07E-06,0,8.27E-07,0
28/01/2018,20,0.32,0,0,0.215652174,0,0.104347826,0,7.97E-14,5.84E-07,0,4.49E-07,0
28/01/2018,21,0.39,0,0,0.262826087,0,0.127173913,0,3.46E-13,1.38E-06,0,1.08E-06,0
28/01/2018,22,0.24,0,0,0.16173913,0,0.07826087,0,1.70E-13,7.88E-07,0,6.12E-07,0
28/01/2018,23,0.85,0,0,0.572826087,0,0.277173913,0,3.04E-14,5.75E-07,0,4.39E-07,0
29/01/2018,0,0.99,0,0,0.667173913,0,0.322826087,0,9.41E-14,1.15E-06,0,8.90E-07,0
29/01/2018,1,0.6,0,0,0.404347826,0,0.195652174,0,4.03E-14,5.74E-07,0,4.48E-07,0
29/01/2018,2,0.25,0,0,0.168478261,0,0.081521739,0,1.63E-13,7.79E-07,0,6.03E-07,0
29/01/2018,3,0.25,0,0,0.168478261,0,0.081521739,0,1.63E-13,7.79E-07,0,6.03E-07,0
29/01/2018,4,0.3,0,0,0.202173913,0,0.097826087,0,9.19E-14,6.14E-07,0,4.72E-07,0
29/01/2018,5,0.33,0.138927,0.138927,0.128766587,0,0.062306413,0,9.94E-14,5.61E-07,0,4.33E-07,0
29/01/2018,6,0.34,0.743713,0.34,1.52E-14,0.351733661,0,1.57E-14,0,0,2.57E-07,0,2.86E-07
29/01/2018,7,0.38,0.876393,0.38,1.28E-14,0.429422946,0,1.42E-14,0,0,3.72E-07,0,3.52E-07
29/01/2018,8,0.44,0.520831,0.372881328,0.067118672,0.147949672,0,1.34E-13,0,0,7.55E-07,0,6.33E-07
29/01/2018,9,2.46,1.884791,1.833012649,0.422534954,0,0.204452397,0,3.27E-14,5.89E-07,0,4.68E-07,0
29/01/2018,10,3.77,2.214691,2.214691,1.048225028,0,0.507083972,0,1.47E-17,8.64E-05,0,7.54E-05,0
29/01/2018,11,1.21,0.405697,0.405697,0.542030283,0,0.262272717,0,1.05E-13,1.21E-06,0,9.39E-07,0
29/01/2018,12,0.33,0.307663,0.29239394,0.025343215,0,0.012262846,0,1.10E-12,8.69E-07,0,6.77E-07,0
29/01/2018,13,0.32,0.332039,0.247429656,0.072570344,0.084609344,0,2.38E-13,0,0,4.68E-07,0,5.39E-07
29/01/2018,14,0.44,0.306007,0.301468752,0.093358015,0,0.045173233,0,2.67E-13,8.06E-07,0,6.26E-07,0
29/01/2018,15,0.24,0.096061,0.096061,0.09700237,0,0.04693663,0,3.53E-13,9.03E-07,0,7.04E-07,0
29/01/2018,16,0.44,0,0,0.296521739,0,0.143478261,0,2.73E-13,1.35E-06,0,1.06E-06,0
29/01/2018,17,0.48,0,0,0.323478261,0,0.156521739,0,1.16E-13,9.20E-07,0,7.15E-07,0
29/01/2018,18,0.55,0,0,0.370652174,0,0.179347826,0,8.40E-14,8.37E-07,0,6.49E-07,0
29/01/2018,19,0.56,0,0,0.377391304,0,0.182608696,0,7.91E-14,8.14E-07,0,6.30E-07,0
29/01/2018,20,0.3,0,0,0.202173913,0,0.097826087,0,9.19E-14,6.14E-07,0,4.72E-07,0
29/01/2018,21,0.59,0,0,0.397608696,0,0.192391304,0,8.91E-14,8.65E-07,0,6.80E-07,0
29/01/2018,22,0.71,0,0,0.478478261,0,0.231521739,0,7.02E-14,8.36E-07,0,6.52E-07,0
29/01/2018,23,0.5,0,0,0.336956522,0,0.163043478,0,9.90E-14,8.94E-07,0,7.00E-07,0
30/01/2018,0,0.93,0,0,0.62673913,0,0.30326087,0,7.38E-14,9.64E-07,0,7.40E-07,0
30/01/2018,1,0.36,0,0,0.242608696,0,0.117391304,0,2.18E-13,1.07E-06,0,8.27E-07,0
30/01/2018,2,0.25,0,0,0.168478261,0,0.081521739,0,1.63E-13,7.79E-07,0,6.03E-07,0
30/01/2018,3,0.24,0,0,0.16173913,0,0.07826087,0,1.70E-13,7.88E-07,0,6.12E-07,0
30/01/2018,4,0.24,0,0,0.16173913,0,0.07826087,0,1.70E-13,7.88E-07,0,6.12E-07,0
30/01/2018,5,0.3,0.121994,0.121994,0.119960565,0,0.058045435,0,1.66E-13,7.11E-07,0,5.50E-07,0
30/01/2018,6,0.27,0.365935,0.251159709,0.018840291,0.112412621,0,8.45E-14,0,0,4.34E-07,0,3.88E-07
30/01/2018,7,0.22,0.367578,0.22,1.09E-13,0.136268036,0,4.62E-14,0,0,2.66E-07,0,2.98E-07
30/01/2018,8,0.22,0.449263,0.22,2.89E-14,0.201907768,0,2.65E-14,0,0,2.38E-07,0,2.37E-07
30/01/2018,9,1.17,0.669849,0.669849,0.337058283,0,0.163092717,0,3.92E-14,5.96E-07,0,4.69E-07,0
30/01/2018,10,1.58,0.76588,0.76588,0.548646087,0,0.265473913,0,4.35E-14,7.44E-07,0,5.69E-07,0
30/01/2018,11,0.81,0.438076,0.438076,0.250644435,0,0.121279565,0,2.64E-13,1.28E-06,0,9.97E-07,0
30/01/2018,12,2.06,0.659439,0.659439,0.943856326,0,0.456704674,0,6.26E-14,1.26E-06,0,9.95E-07,0
30/01/2018,13,0.42,0.541793,0.377653291,0.042346709,0.16224512,0,8.85E-14,0,0,6.21E-07,0,6.12E-07
30/01/2018,14,0.39,0.333831,0.320305335,0.046968144,0,0.022726521,0,4.77E-13,7.56E-07,0,5.86E-07,0
30/01/2018,15,0.23,0.463366,0.23,1.71E-13,0.206008393,0,1.52E-13,0,0,5.12E-07,0,5.79E-07
30/01/2018,16,0.44,0,0,0.296521739,0,0.143478261,0,2.73E-13,1.35E-06,0,1.06E-06,0
30/01/2018,17,0.44,0,0,0.296521739,0,0.143478261,0,2.73E-13,1.35E-06,0,1.06E-06,0
30/01/2018,18,0.45,0,0,0.30326087,0,0.14673913,0,1.90E-13,1.14E-06,0,8.86E-07,0
30/01/2018,19,0.31,0,0,0.208913043,0,0.101086957,0,8.52E-14,5.97E-07,0,4.59E-07,0
30/01/2018,20,0.4,0,0,0.269565217,0,0.130434783,0,9.36E-14,7.27E-07,0,5.71E-07,0
30/01/2018,21,0.52,0,0,0.350434783,0,0.169565217,0,8.97E-14,8.49E-07,0,6.61E-07,0
30/01/2018,22,0.66,0,0,0.444782609,0,0.215217391,0,5.00E-14,6.87E-07,0,5.35E-07,0
30/01/2018,23,1.43,0,0,0.963695652,0,0.466304348,0,2.50E-14,7.78E-07,0,5.99E-07,0
31/01/2018,0,1.32,0,0,0.889565217,0,0.430434783,0,3.24E-14,7.84E-07,0,5.96E-07,0
31/01/2018,1,0.94,0,0,0.633478261,0,0.306521739,0,3.24E-14,6.36E-07,0,4.87E-07,0
31/01/2018,2,0.98,0,0,0.660434783,0,0.319565217,0,9.62E-14,1.15E-06,0,8.88E-07,0
31/01/2018,3,0.92,0,0,0.62,0,0.3,0,4.39E-14,7.38E-07,0,5.66E-07,0
31/01/2018,4,0.92,0,0,0.62,0,0.3,0,4.39E-14,7.38E-07,0,5.66E-07,0
31/01/2018,5,0.99,0.100598,0.100598,0.599379609,0,0.290022391,0,3.96E-14,7.53E-07,0,5.88E-07,0
31/01/2018,6,1.07,0.238861,0.238861,0.560115413,0,0.271023587,0,7.81E-14,1.00E-06,0,7.77E-07,0
31/01/2018,7,1.02,0.811433,0.785419508,0.158086853,0,0.076493639,0,8.09E-14,5.55E-07,0,4.23E-07,0
31/01/2018,8,1.45,0.889455,0.889455,0.377758587,0,0.182786413,0,1.03E-13,1.06E-06,0,8.37E-07,0
31/01/2018,9,1.6,0.287952,0.287952,0.884206261,0,0.427841739,0,6.00E-14,1.19E-06,0,9.30E-07,0
31/01/2018,10,1.53,0.581229,0.581229,0.639389152,0,0.309381848,0,3.83E-14,7.81E-07,0,6.03E-07,0
31/01/2018,11,1.43,1.054472,1.03062161,0.269146306,0,0.130232084,0,1.09E-13,8.76E-07,0,6.67E-07,0
31/01/2018,12,1.38,2.247213,1.38,4.69E-14,0.807760446,0,1.57E-14,0,0,4.82E-07,0,4.91E-07
31/01/2018,13,3.03,2.059772,2.035731629,0.670050424,0,0.324217947,0,2.95E-14,7.01E-07,0,5.40E-07,0
31/01/2018,14,3.12,1.133156,1.133156,1.396660863,0,0.590183137,0,4.22E-22,0.060826234,0,0.053084714,0
31/01/2018,15,1.44,0.554536,0.554536,0.596725739,0,0.288738261,0,6.79E-14,1.02E-06,0,7.88E-07,0
31/01/2018,16,1.41,0,0,0.950217391,0,0.459782609,0,2.32E-14,7.43E-07,0,5.72E-07,0
31/01/2018,17,2.32,0,0,1.667750646,0,0.652249354,0,4.03E-20,0.109920472,0,0.095930594,0
31/01/2018,18,1.5,0,0,1.010869565,0,0.489130435,0,2.29E-14,6.79E-07,0,5.16E-07,0
31/01/2018,19,0.73,0,0,0.491956522,0,0.238043478,0,5.13E-14,7.22E-07,0,5.65E-07,0
31/01/2018,20,0.37,0,0,0.249347826,0,0.120652174,0,6.10E-14,5.67E-07,0,4.41E-07,0
31/01/2018,21,0.38,0,0,0.256086957,0,0.123913043,0,3.49E-13,1.35E-06,0,1.06E-06,0
31/01/2018,22,0.63,0,0,0.424565217,0,0.205434783,0,8.00E-14,8.41E-07,0,6.55E-07,0
31/01/2018,23,1.03,0,0,0.694130435,0,0.335869565,0,1.13E-13,1.35E-06,0,1.05E-06,0
01/02/2018,0,1.43,0,0,0.963695652,0,0.466304348,0,2.50E-14,7.78E-07,0,5.99E-07,0
01/02/2018,1,1.04,0,0,0.700869565,0,0.339130435,0,7.50E-14,1.09E-06,0,8.49E-07,0
01/02/2018,2,0.95,0,0,0.640217391,0,0.309782609,0,2.66E-14,6.00E-07,0,4.63E-07,0
01/02/2018,3,0.27,0,0,0.181956522,0,0.088043478,0,8.93E-14,5.93E-07,0,4.58E-07,0
01/02/2018,4,0.22,0,0,0.14826087,0,0.07173913,0,2.71E-13,9.78E-07,0,7.67E-07,0
01/02/2018,5,0.29,0.043137,0.043137,0.166364196,0,0.080498804,0,2.28E-13,9.47E-07,0,7.35E-07,0
01/02/2018,6,0.42,0.17177,0.17177,0.167285435,0,0.080944565,0,3.63E-13,1.16E-06,0,9.08E-07,0
01/02/2018,7,0.43,0.301444,0.296645802,0.089869133,0,0.043485065,0,3.05E-13,8.50E-07,0,6.61E-07,0
01/02/2018,8,0.43,0.618351,0.41689649,0.01310351,0.1953837,0,3.18E-14,0,0,2.35E-07,0,2.72E-07
01/02/2018,9,0.26,2.007565,0.26,1.88E-16,1.407997602,0,2.79E-16,0,0,0.089650131,0,0.053790078
01/02/2018,10,0.44,2.569177,0.44,1.29E-14,1.699260253,0,2.35E-14,0,0,0.245359928,0,0.147215957
01/02/2018,11,0.32,2.975739,0.32,1.18E-19,2.074305779,0,1.90E-19,0,0,0.445860275,0,0.267516165
01/02/2018,12,0.36,2.755393,0.36,1.41E-15,1.887464504,0,1.65E-15,0,0,0.345974427,0,0.207584656
01/02/2018,13,0.24,2.041329,0.24,1.67E-18,1.445726499,0,2.63E-18,0,0,0.1098201,0,0.06589206
01/02/2018,14,0.35,1.622931,0.35,9.80E-15,1.051015982,0,1.59E-14,0,0,6.25E-07,0,5.83E-07
01/02/2018,15,0.24,0.988323,0.24,1.67E-14,0.620616696,0,2.63E-14,0,0,6.35E-07,0,6.00E-07
01/02/2018,16,0.28,0,0,0.188695652,0,0.091304348,0,8.01E-14,5.70E-07,0,4.40E-07,0
01/02/2018,17,0.33,0,0,0.222391304,0,0.107608696,0,6.52E-14,5.31E-07,0,4.09E-07,0
01/02/2018,18,0.8,0,0,0.539130435,0,0.260869565,0,2.95E-14,5.68E-07,0,4.40E-07,0
01/02/2018,19,0.7,0,0,0.47173913,0,0.22826087,0,7.01E-14,8.27E-07,0,6.48E-07,0
01/02/2018,20,0.26,0,0,0.175217391,0,0.084782609,0,1.03E-13,6.25E-07,0,4.83E-07,0
01/02/2018,21,0.37,0,0,0.249347826,0,0.120652174,0,6.10E-14,5.67E-07,0,4.41E-07,0
01/02/2018,22,0.31,0,0,0.208913043,0,0.101086957,0,8.52E-14,5.97E-07,0,4.59E-07,0
01/02/2018,23,1.23,0,0,0.828913043,0,0.401086957,0,2.88E-14,7.20E-07,0,5.55E-07,0
02/02/2018,0,1.36,0,0,0.916521739,0,0.443478261,0,8.64E-14,1.37E-06,0,1.06E-06,0
02/02/2018,1,0.97,0,0,0.653695652,0,0.316304348,0,9.83E-14,1.14E-06,0,8.86E-07,0
02/02/2018,2,0.27,0,0,0.181956522,0,0.088043478,0,8.93E-14,5.93E-07,0,4.58E-07,0
02/02/2018,3,0.3,0,0,0.202173913,0,0.097826087,0,9.19E-14,6.14E-07,0,4.72E-07,0
02/02/2018,4,0.24,0,0,0.16173913,0,0.07826087,0,1.70E-13,7.88E-07,0,6.12E-07,0
02/02/2018,5,0.31,0.127921,0.127921,0.122705413,0,0.059373587,0,1.11E-13,5.86E-07,0,4.53E-07,0
02/02/2018,6,0.37,0.881627,0.37,1.12E-14,0.440860982,0,1.29E-14,0,0,3.09E-07,0,3.19E-07
02/02/2018,7,0.45,1.670167,0.45,9.92E-15,1.016652054,0,1.51E-14,0,0,5.73E-07,0,5.68E-07
02/02/2018,8,0.44,2.275728,0.44,3.47E-17,1.485375951,0,5.09E-17,0,0,0.131016804,0,0.078610083
02/02/2018,9,0.51,2.639342,0.51,2.80E-15,1.704482561,0,5.42E-15,0,0,0.248151788,0,0.148891073
02/02/2018,10,0.28,2.724689,0.28,2.17E-26,1.917563656,0,4.13E-26,0,0,0.362065514,0,0.217239309
02/02/2018,11,0.28,2.861797,0.28,1.06E-16,2.01749669,0,1.72E-16,0,0,0.415489984,0,0.24929399
02/02/2018,12,0.22,2.597986,0.22,5.60E-18,1.864573084,0,1.01E-17,0,0,0.333736612,0,0.200241967
02/02/2018,13,0.19,2.312489,0.19,3.60E-25,1.676164023,0,4.78E-25,0,0,0.233012621,0,0.139807573
02/02/2018,14,0.19,1.712897,0.19,6.21E-15,1.239024375,0,1.11E-14,0,0,3.61E-07,0,4.84E-07
02/02/2018,15,0.27,0.873159,0.27,2.34E-14,0.506377768,0,3.37E-14,0,0,5.60E-07,0,5.52E-07
02/02/2018,16,0.4,0,0,0.269565217,0,0.130434783,0,9.36E-14,7.27E-07,0,5.71E-07,0
02/02/2018,17,0.38,0,0,0.256086957,0,0.123913043,0,3.49E-13,1.35E-06,0,1.06E-06,0
02/02/2018,18,0.47,0,0,0.31673913,0,0.15326087,0,1.52E-13,1.03E-06,0,7.99E-07,0
02/02/2018,19,0.42,0,0,0.283043478,0,0.136956522,0,3.20E-13,1.40E-06,0,1.09E-06,0
02/02/2018,20,0.33,0,0,0.222391304,0,0.107608696,0,6.52E-14,5.31E-07,0,4.09E-07,0
02/02/2018,21,0.28,0,0,0.188695652,0,0.091304348,0,8.01E-14,5.70E-07,0,4.40E-07,0
02/02/2018,22,0.57,0,0,0.384130435,0,0.185869565,0,7.42E-14,7.91E-07,0,6.10E-07,0
02/02/2018,23,1.65,0,0,1.122570146,0,0.527429854,0,9.56E-23,0.011188529,0,0.009764534,0
03/02/2018,0,1.47,0,0,0.990652174,0,0.479347826,0,2.66E-14,7.59E-07,0,5.81E-07,0
03/02/2018,1,0.47,0,0,0.31673913,0,0.15326087,0,1.52E-13,1.03E-06,0,7.99E-07,0
03/02/2018,2,0.28,0,0,0.188695652,0,0.091304348,0,8.01E-14,5.70E-07,0,4.40E-07,0
03/02/2018,3,0.38,0,0,0.256086957,0,0.123913043,0,3.49E-13,1.35E-06,0,1.06E-06,0
03/02/2018,4,0.3,0,0,0.202173913,0,0.097826087,0,9.19E-14,6.14E-07,0,4.72E-07,0
03/02/2018,5,0.3,0.038323,0.038323,0.176347543,0,0.085329457,0,3.50E-13,1.17E-06,0,9.07E-07,0
03/02/2018,6,0.38,0.079135,0.079135,0.202756848,0,0.098108152,0,1.88E-13,9.93E-07,0,7.70E-07,0
03/02/2018,7,0.7,0.219359,0.219359,0.323910239,0,0.156730761,0,9.12E-14,8.87E-07,0,6.89E-07,0
03/02/2018,8,0.46,0.377028,0.363613178,0.064956337,0,0.031430486,0,1.94E-13,5.43E-07,0,4.17E-07,0
03/02/2018,9,0.57,0.342864,0.342864,0.153069913,0,0.074066087,0,1.05E-13,6.21E-07,0,4.78E-07,0
03/02/2018,10,0.49,0.622077,0.435836285,0.054163715,0.184680276,0,3.16E-14,0,0,3.99E-07,0,3.40E-07
03/02/2018,11,0.48,0.457878,0.434094431,0.030936361,0,0.014969207,0,6.32E-13,6.92E-07,0,5.32E-07,0
03/02/2018,12,0.51,0.294624,0.294624,0.145144696,0,0.070231304,0,1.92E-13,8.70E-07,0,6.79E-07,0
03/02/2018,13,0.43,0.339151,0.328628384,0.068315655,0,0.033055962,0,3.05E-13,7.23E-07,0,5.59E-07,0
03/02/2018,14,0.43,0.531901,0.375813965,0.054186035,0.155626418,0,1.14E-13,0,0,5.85E-07,0,5.43E-07
03/02/2018,15,0.47,0.246064,0.246064,0.150913391,0,0.073022609,0,8.26E-14,5.78E-07,0,4.54E-07,0
03/02/2018,16,0.66,0,0,0.444782609,0,0.215217391,0,5.00E-14,6.87E-07,0,5.35E-07,0
03/02/2018,17,0.85,0,0,0.572826087,0,0.277173913,0,3.04E-14,5.75E-07,0,4.39E-07,0
03/02/2018,18,0.81,0,0,0.545869565,0,0.264130435,0,2.69E-14,5.42E-07,0,4.19E-07,0
03/02/2018,19,0.93,0,0,0.62673913,0,0.30326087,0,7.38E-14,9.64E-07,0,7.40E-07,0
03/02/2018,20,3.82,0,0,2.888304004,0,0.931695996,0,1.15E-27,0.330962138,0,0.288839684,0
03/02/2018,21,3.67,0,0,2.766248668,0,0.903751332,0,4.20E-20,0.308857971,0,0.269548775,0
03/02/2018,22,2.69,0,0,1.968820474,0,0.721179526,0,2.88E-23,0.164444083,0,0.143514836,0
03/02/2018,23,1.94,0,0,1.358543795,0,0.581456205,0,6.85E-21,0.053923251,0,0.047060291,0
04/02/2018,0,0.7,0,0,0.47173913,0,0.22826087,0,7.01E-14,8.27E-07,0,6.48E-07,0
04/02/2018,1,1.69,0,0,1.155118235,0,0.534881765,0,2.30E-25,0.017082973,0,0.014908777,0
04/02/2018,2,0.48,0,0,0.323478261,0,0.156521739,0,1.16E-13,9.20E-07,0,7.15E-07,0
04/02/2018,3,0.36,0,0,0.242608696,0,0.117391304,0,2.18E-13,1.07E-06,0,8.27E-07,0
04/02/2018,4,0.35,0,0,0.235869565,0,0.114130435,0,1.79E-13,9.39E-07,0,7.27E-07,0
04/02/2018,5,0.33,0.011134,0.011134,0.214887957,0,0.103978043,0,2.14E-13,1.02E-06,0,7.84E-07,0
04/02/2018,6,0.39,0.248548,0.247969416,0.095716263,0,0.046314321,0,5.17E-13,1.14E-06,0,8.87E-07,0
04/02/2018,7,0.44,0.460233,0.342085623,0.097914377,0.118147377,0,1.07E-13,0,0,4.70E-07,0,4.93E-07
04/02/2018,8,0.34,0.611687,0.34,1.64E-13,0.245641339,0,1.05E-13,0,0,8.68E-07,0,7.24E-07
04/02/2018,9,0.55,0.410603,0.400665114,0.100638728,0,0.048696159,0,5.28E-13,1.10E-06,0,8.61E-07,0
04/02/2018,10,0.4,0.468263,0.336330377,0.063669623,0.131932623,0,9.86E-14,0,0,5.12E-07,0,4.92E-07
04/02/2018,11,0.49,0.67153,0.4593372,0.0306628,0.207423097,0,2.76E-14,0,0,2.31E-07,0,2.62E-07
04/02/2018,12,0.38,2.140302,0.38,7.95E-27,1.426027501,0,1.66E-26,0,0,0.099288963,0,0.059573378
04/02/2018,13,0.42,1.394757,0.42,2.12E-14,0.817036875,0,3.09E-14,0,0,5.09E-07,0,5.75E-07
04/02/2018,14,0.44,1.117951,0.44,7.48E-15,0.580139196,0,9.18E-15,0,0,1.95E-07,0,2.31E-07
04/02/2018,15,0.8,0.906593,0.657448902,0.142551098,0.249144098,0,4.21E-14,0,0,4.05E-07,0,4.71E-07
04/02/2018,16,1.12,0,0,0.754782609,0,0.365217391,0,7.40E-14,1.12E-06,0,8.62E-07,0
04/02/2018,17,0.78,0,0,0.525652174,0,0.254347826,0,3.72E-14,6.31E-07,0,4.91E-07,0
04/02/2018,18,0.42,0,0,0.283043478,0,0.136956522,0,3.20E-13,1.40E-06,0,1.09E-06,0
04/02/2018,19,0.55,0,0,0.370652174,0,0.179347826,0,8.40E-14,8.37E-07,0,6.49E-07,0
04/02/2018,20,0.56,0,0,0.377391304,0,0.182608696,0,7.91E-14,8.14E-07,0,6.30E-07,0
04/02/2018,21,0.48,0,0,0.323478261,0,0.156521739,0,1.16E-13,9.20E-07,0,7.15E-07,0
04/02/2018,22,0.56,0,0,0.377391304,0,0.182608696,0,7.91E-14,8.14E-07,0,6.30E-07,0
04/02/2018,23,0.39,0,0,0.262826087,0,0.127173913,0,3.46E-13,1.38E-06,0,1.08E-06,0
05/02/2018,0,0.41,0,0,0.276304348,0,0.133695652,0,9.39E-14,7.50E-07,0,5.84E-07,0
05/02/2018,1,0.53,0,0,0.357173913,0,0.172826087,0,7.95E-14,8.04E-07,0,6.26E-07,0
05/02/2018,2,0.48,0,0,0.323478261,0,0.156521739,0,1.16E-13,9.20E-07,0,7.15E-07,0
05/02/2018,3,0.47,0,0,0.31673913,0,0.15326087,0,1.52E-13,1.03E-06,0,7.99E-07,0
05/02/2018,4,0.4,0,0,0.269565217,0,0.130434783,0,9.36E-14,7.27E-07,0,5.71E-07,0
05/02/2018,5,0.36,0.024024,0.024024,0.226418609,0,0.109557391,0,2.54E-13,1.15E-06,0,8.94E-07,0
05/02/2018,6,0.35,0.151984,0.151984,0.133445565,0,0.064570435,0,8.08E-14,5.04E-07,0,3.88E-07,0
05/02/2018,7,0.34,0.552322,0.34,2.83E-13,0.197937321,0,9.26E-14,0,0,7.44E-07,0,6.44E-07
05/02/2018,8,0.6,1.044654,0.6,2.87E-14,0.405525536,0,1.58E-14,0,0,3.89E-07,0,3.23E-07
05/02/2018,9,0.66,2.405872,0.66,8.02E-17,1.435918181,0,1.15E-16,0,0,0.104576547,0,0.062745928
05/02/2018,10,0.56,2.91454,0.56,4.08E-15,1.872265511,0,6.88E-15,0,0,0.337849004,0,0.202709402
05/02/2018,11,0.62,3.031863,0.62,3.88E-16,1.918419342,0,5.70E-16,0,0,0.362522966,0,0.21751378
05/02/2018,12,0.37,2.664602,0.37,1.14E-18,1.814730474,0,1.85E-18,0,0,0.307090618,0,0.184254371
05/02/2018,13,0.37,2.319076,0.37,4.42E-21,1.56288914,0,9.60E-21,0,0,0.172455564,0,0.103473338
05/02/2018,14,0.42,1.643199,0.42,9.55E-15,1.016677768,0,1.48E-14,0,0,5.51E-07,0,5.63E-07
05/02/2018,15,1.76,0.75195,0.75195,0.679338043,0,0.328711957,0,7.58E-14,1.12E-06,0,8.76E-07,0
05/02/2018,16,0.88,0.107036,0.107036,0.520910522,0,0.252053478,0,2.31E-14,5.13E-07,0,4.01E-07,0
05/02/2018,17,4.23,0,0,3.221921922,0,1.008078078,0,1.77E-12,0.391380193,0,0.341568168,0
05/02/2018,18,0.68,0,0,0.45826087,0,0.22173913,0,7.13E-14,8.21E-07,0,6.42E-07,0
05/02/2018,19,1.87,0,0,1.301584638,0,0.568415362,0,5.68E-26,0.043607973,0,0.038057867,0
05/02/2018,20,0.63,0,0,0.424565217,0,0.205434783,0,8.00E-14,8.41E-07,0,6.55E-07,0
05/02/2018,21,3.04,0,0,2.253616258,0,0.786383742,0,4.41E-19,0.216020472,0,0.188526957,0
05/02/2018,22,0.64,0,0,0.431304348,0,0.208695652,0,4.80E-14,6.62E-07,0,5.15E-07,0
05/02/2018,23,1.73,0,0,1.187666325,0,0.542333675,0,6.40E-23,0.022977418,0,0.020053019,0
06/02/2018,0,1.78,0,0,1.228351437,0,0.551648563,0,3.05E-25,0.030345473,0,0.026483322,0
06/02/2018,1,0.72,0,0,0.485217391,0,0.234782609,0,6.24E-14,7.95E-07,0,6.22E-07,0
06/02/2018,2,0.44,0,0,0.296521739,0,0.143478261,0,2.73E-13,1.35E-06,0,1.06E-06,0
06/02/2018,3,0.33,0,0,0.222391304,0,0.107608696,0,6.52E-14,5.31E-07,0,4.09E-07,0
06/02/2018,4,0.31,0,0,0.208913043,0,0.101086957,0,8.52E-14,5.97E-07,0,4.59E-07,0
06/02/2018,5,0.39,0.020696,0.020696,0.248878783,0,0.120425217,0,2.67E-13,1.24E-06,0,9.68E-07,0
06/02/2018,6,0.41,0.205548,0.205548,0.13778287,0,0.06666913,0,3.88E-13,1.10E-06,0,8.65E-07,0
06/02/2018,7,0.43,0.346322,0.334710731,0.064216681,0,0.031072588,0,3.08E-13,7.01E-07,0,5.41E-07,0
06/02/2018,8,1.28,0.409992,0.409992,0.586309739,0,0.283698261,0,4.72E-14,8.42E-07,0,6.53E-07,0
06/02/2018,9,0.65,0.533095,0.514087953,0.091592901,0,0.044319146,0,2.58E-13,7.62E-07,0,5.88E-07,0
06/02/2018,10,0.39,0.691096,0.39,3.50E-14,0.273291429,0,2.10E-14,0,0,2.88E-07,0,2.94E-07
06/02/2018,11,0.34,2.269187,0.34,1.67E-16,1.54620618,0,2.67E-16,0,0,0.163536809,0,0.098122085
06/02/2018,12,0.36,2.71365,0.36,2.10E-20,1.857039549,0,5.24E-20,0,0,0.329709164,0,0.197825498
06/02/2018,13,0.37,2.271741,0.37,1.30E-19,1.52838838,0,2.16E-19,0,0,0.154011365,0,0.092406819
06/02/2018,14,0.39,1.63428,0.39,1.22E-14,1.031207143,0,1.93E-14,0,0,7.25E-07,0,6.54E-07
06/02/2018,15,0.51,0.822547,0.51,1.85E-13,0.292135982,0,5.57E-14,0,0,8.36E-07,0,6.71E-07
06/02/2018,16,0.74,0.10772,0.10772,0.426101739,0,0.206178261,0,1.12E-13,1.05E-06,0,8.17E-07,0
06/02/2018,17,0.64,0,0,0.431304348,0,0.208695652,0,4.80E-14,6.62E-07,0,5.15E-07,0
06/02/2018,18,0.62,0,0,0.417826087,0,0.202173913,0,7.85E-14,8.25E-07,0,6.43E-07,0
06/02/2018,19,0.49,0,0,0.330217391,0,0.159782609,0,1.04E-13,8.89E-07,0,6.95E-07,0
06/02/2018,20,0.44,0,0,0.296521739,0,0.143478261,0,2.73E-13,1.35E-06,0,1.06E-06,0
06/02/2018,21,0.61,0,0,0.411086957,0,0.198913043,0,7.71E-14,8.10E-07,0,6.32E-07,0
06/02/2018,22,0.57,0,0,0.384130435,0,0.185869565,0,7.42E-14,7.91E-07,0,6.10E-07,0
06/02/2018,23,1.06,0,0,0.714347826,0,0.345652174,0,9.86E-14,1.29E-06,0,9.96E-07,0
07/02/2018,0,1.84,0,0,1.277173571,0,0.562826429,0,4.22E-22,0.03918714,0,0.034199686,0
07/02/2018,1,1.07,0,0,0.721086957,0,0.348913043,0,7.70E-14,1.16E-06,0,8.89E-07,0
07/02/2018,2,1.08,0,0,0.727826087,0,0.352173913,0,7.98E-14,1.17E-06,0,9.01E-07,0
07/02/2018,3,1.08,0,0,0.727826087,0,0.352173913,0,7.98E-14,1.17E-06,0,9.01E-07,0
07/02/2018,4,1.06,0,0,0.714347826,0,0.345652174,0,9.86E-14,1.29E-06,0,9.96E-07,0
07/02/2018,5,1.11,0.008409,0.008409,0.742376543,0,0.359214457,0,4.91E-14,9.39E-07,0,7.24E-07,0
07/02/2018,6,1.21,0.1914,0.1914,0.686447826,0,0.332152174,0,3.03E-14,6.91E-07,0,5.33E-07,0
07/02/2018,7,1.27,0.363989,0.363989,0.61057263,0,0.29543837,0,3.53E-14,7.53E-07,0,5.85E-07,0
07/02/2018,8,1.13,0.375058,0.375058,0.508765261,0,0.246176739,0,3.24E-14,6.37E-07,0,4.94E-07,0
07/02/2018,9,0.51,0.343549,0.339980098,0.114578629,0,0.055441272,0,1.45E-13,6.36E-07,0,4.90E-07,0
07/02/2018,10,0.4,0.515105,0.359247649,0.040752351,0.154110629,0,3.16E-14,0,0,3.27E-07,0,2.98E-07
07/02/2018,11,2.89,0.499086,0.499086,1.725453526,0,0.665460474,0,3.23E-23,0.120370438,0,0.105050564,0
07/02/2018,12,1.07,0.718741,0.711562741,0.241555544,0,0.116881715,0,2.27E-13,1.15E-06,0,8.82E-07,0
07/02/2018,13,2.61,1.655904,1.653163811,0.644824388,0,0.312011801,0,3.54E-14,7.43E-07,0,5.66E-07,0
07/02/2018,14,0.44,1.588083,0.44,5.56E-15,0.957923839,0,8.38E-15,0,0,3.90E-07,0,3.78E-07
07/02/2018,15,1.78,0.912278,0.912278,0.584769174,0,0.282952826,0,2.54E-14,6.28E-07,0,4.93E-07,0
07/02/2018,16,0.59,0.106181,0.106181,0.326051935,0,0.157767065,0,7.95E-14,7.81E-07,0,6.12E-07,0
07/02/2018,17,0.57,0,0,0.384130435,0,0.185869565,0,7.42E-14,7.91E-07,0,6.10E-07,0
07/02/2018,18,0.5,0,0,0.336956522,0,0.163043478,0,9.90E-14,8.94E-07,0,7.00E-07,0
07/02/2018,19,0.37,0,0,0.249347826,0,0.120652174,0,6.10E-14,5.67E-07,0,4.41E-07,0
07/02/2018,20,0.33,0,0,0.222391304,0,0.107608696,0,6.52E-14,5.31E-07,0,4.09E-07,0
07/02/2018,21,0.62,0,0,0.417826087,0,0.202173913,0,7.85E-14,8.25E-07,0,6.43E-07,0
07/02/2018,22,0.6,0,0,0.404347826,0,0.195652174,0,4.03E-14,5.74E-07,0,4.48E-07,0
07/02/2018,23,0.94,0,0,0.633478261,0,0.306521739,0,3.24E-14,6.36E-07,0,4.87E-07,0
08/02/2018,0,0.79,0,0,0.532391304,0,0.257608696,0,3.28E-14,5.99E-07,0,4.65E-07,0
08/02/2018,1,0.39,0,0,0.262826087,0,0.127173913,0,3.46E-13,1.38E-06,0,1.08E-06,0
08/02/2018,2,0.34,0,0,0.229130435,0,0.110869565,0,6.68E-14,5.46E-07,0,4.22E-07,0
08/02/2018,3,0.35,0,0,0.235869565,0,0.114130435,0,1.79E-13,9.39E-07,0,7.27E-07,0
08/02/2018,4,0.37,0,0,0.249347826,0,0.120652174,0,6.10E-14,5.67E-07,0,4.41E-07,0
08/02/2018,5,0.48,0.017826,0.017826,0.311465087,0,0.150708913,0,1.28E-13,9.77E-07,0,7.55E-07,0
08/02/2018,6,0.54,0.217347,0.217347,0.217440065,0,0.105212935,0,1.96E-13,1.06E-06,0,8.29E-07,0
08/02/2018,7,0.53,0.394664,0.385240516,0.097555304,0,0.047204179,0,5.00E-13,1.07E-06,0,8.27E-07,0
08/02/2018,8,1.52,0.471253,0.471253,0.706764283,0,0.341982717,0,2.30E-14,6.08E-07,0,4.62E-07,0
08/02/2018,9,0.57,0.677332,0.484381836,0.085618164,0.192950164,0,2.50E-14,0,0,1.91E-07,0,2.17E-07
08/02/2018,10,0.4,2.179407,0.4,5.38E-21,1.441410168,0,8.65E-21,0,0,0.107512578,0,0.064507547
08/02/2018,11,0.4,2.924592,0.4,2.01E-19,1.98454841,0,4.07E-19,0,0,0.397875744,0,0.238725447
08/02/2018,12,0.48,2.756527,0.48,3.78E-20,1.809573763,0,5.39E-20,0,0,0.304333827,0,0.182600296
08/02/2018,13,0.41,2.016886,0.41,4.17E-19,1.31639475,0,7.04E-19,0,0,0.040678999,0,0.0244074
08/02/2018,14,0.51,1.336474,0.51,2.89E-14,0.705113036,0,3.64E-14,0,0,4.74E-07,0,5.76E-07
08/02/2018,15,0.41,0.82974,0.41,2.77E-14,0.3702375,0,2.49E-14,0,0,4.94E-07,0,4.36E-07
08/02/2018,16,0.47,0.09128,0.09128,0.255224348,0,0.123495652,0,2.45E-13,1.23E-06,0,9.48E-07,0
08/02/2018,17,0.61,0,0,0.411086957,0,0.198913043,0,7.71E-14,8.10E-07,0,6.32E-07,0
08/02/2018,18,0.66,0,0,0.444782609,0,0.215217391,0,5.00E-14,6.87E-07,0,5.35E-07,0
08/02/2018,19,0.56,0,0,0.377391304,0,0.182608696,0,7.91E-14,8.14E-07,0,6.30E-07,0
08/02/2018,20,0.62,0,0,0.417826087,0,0.202173913,0,7.85E-14,8.25E-07,0,6.43E-07,0
08/02/2018,21,0.61,0,0,0.411086957,0,0.198913043,0,7.71E-14,8.10E-07,0,6.32E-07,0
08/02/2018,22,0.53,0,0,0.357173913,0,0.172826087,0,7.95E-14,8.04E-07,0,6.26E-07,0
08/02/2018,23,0.36,0,0,0.242608696,0,0.117391304,0,2.18E-13,1.07E-06,0,8.27E-07,0
09/02/2018,0,1.57,0,0,1.058043478,0,0.511956522,0,2.29E-14,6.81E-07,0,5.19E-07,0
09/02/2018,1,0.94,0,0,0.633478261,0,0.306521739,0,3.24E-14,6.36E-07,0,4.87E-07,0
09/02/2018,2,0.97,0,0,0.653695652,0,0.316304348,0,9.83E-14,1.14E-06,0,8.86E-07,0
09/02/2018,3,0.99,0,0,0.667173913,0,0.322826087,0,9.41E-14,1.15E-06,0,8.90E-07,0
09/02/2018,4,1.07,0,0,0.721086957,0,0.348913043,0,7.70E-14,1.16E-06,0,8.89E-07,0
09/02/2018,5,1.14,0.014323,0.014323,0.758608413,0,0.367068587,0,2.87E-14,7.06E-07,0,5.42E-07,0
09/02/2018,6,1.13,0.212622,0.212622,0.618233,0,0.299145,0,2.45E-14,6.05E-07,0,4.71E-07,0
09/02/2018,7,1.09,0.327589,0.327589,0.513798717,0,0.248612283,0,1.02E-13,1.10E-06,0,8.61E-07,0
09/02/2018,8,0.67,0.485065,0.475254886,0.131241272,0,0.063503841,0,1.77E-13,7.44E-07,0,5.70E-07,0
09/02/2018,9,0.71,0.615822,0.589971948,0.08088847,0,0.039139582,0,1.63E-13,5.61E-07,0,4.35E-07,0
09/02/2018,10,0.35,1.484056,0.35,1.19E-14,0.93942,0,1.90E-14,0,0,5.25E-07,0,5.62E-07
09/02/2018,11,0.41,2.653036,0.41,2.39E-28,1.780061346,0,2.07E-28,0,0,0.28855641,0,0.173133846
09/02/2018,12,0.46,2.618524,0.46,5.22E-24,1.722107942,0,1.12E-23,0,0,0.257574364,0,0.154544618
09/02/2018,13,2.91,2.12907,2.083077197,0.557274063,0,0.26964874,0,5.29E-14,8.27E-07,0,6.23E-07,0
09/02/2018,14,0.46,1.520704,0.46,1.46E-14,0.889315714,0,2.12E-14,0,0,5.19E-07,0,5.67E-07
09/02/2018,15,0.38,0.853865,0.38,1.23E-14,0.411320089,0,1.31E-14,0,0,2.71E-07,0,3.03E-07
09/02/2018,16,1.01,0.085834,0.085834,0.622807522,0,0.301358478,0,2.20E-14,5.63E-07,0,4.30E-07,0
09/02/2018,17,0.56,0,0,0.377391304,0,0.182608696,0,7.91E-14,8.14E-07,0,6.30E-07,0
09/02/2018,18,0.69,0,0,0.465,0,0.225,0,7.73E-14,8.62E-07,0,6.75E-07,0
09/02/2018,19,0.73,0,0,0.491956522,0,0.238043478,0,5.13E-14,7.22E-07,0,5.65E-07,0
09/02/2018,20,0.64,0,0,0.431304348,0,0.208695652,0,4.80E-14,6.62E-07,0,5.15E-07,0
09/02/2018,21,0.49,0,0,0.330217391,0,0.159782609,0,1.04E-13,8.89E-07,0,6.95E-07,0
09/02/2018,22,0.76,0,0,0.512173913,0,0.247826087,0,1.64E-13,1.32E-06,0,1.03E-06,0
09/02/2018,23,1.33,0,0,0.896304348,0,0.433695652,0,5.62E-14,1.11E-06,0,8.47E-07,0
10/02/2018,0,1.42,0,0,0.956956522,0,0.463043478,0,2.39E-14,7.61E-07,0,5.86E-07,0
10/02/2018,1,1,0,0,0.673913043,0,0.326086957,0,9.32E-14,1.16E-06,0,8.99E-07,0
10/02/2018,2,1.05,0,0,0.707608696,0,0.342391304,0,1.87E-14,5.54E-07,0,4.26E-07,0
10/02/2018,3,1.03,0,0,0.694130435,0,0.335869565,0,1.13E-13,1.35E-06,0,1.05E-06,0
10/02/2018,4,0.74,0,0,0.498695652,0,0.241304348,0,1.49E-13,1.26E-06,0,9.82E-07,0
10/02/2018,5,0.41,0.050683,0.050683,0.242148413,0,0.117168587,0,2.87E-13,1.29E-06,0,9.96E-07,0
10/02/2018,6,0.45,0.109795,0.109795,0.229268587,0,0.110936413,0,3.04E-13,1.30E-06,0,1.00E-06,0
10/02/2018,7,1,1.297893,0.902933311,0.097066689,0.389935462,0,3.20E-14,0,0,3.88E-07,0,5.00E-07
10/02/2018,8,0.58,0.738921,0.517116265,0.062883735,0.219789934,0,2.44E-14,0,0,2.07E-07,0,2.39E-07
10/02/2018,9,0.65,0.375041,0.375041,0.185298457,0,0.089660543,0,1.88E-13,9.02E-07,0,6.98E-07,0
10/02/2018,10,2.31,1.44687,1.44687,0.581674565,0,0.281455435,0,4.21E-14,7.36E-07,0,5.56E-07,0
10/02/2018,11,1.25,1.131973,1.079208814,0.115098408,0,0.055692778,0,2.88E-13,9.30E-07,0,7.36E-07,0
10/02/2018,12,0.76,1.704595,0.76,2.43E-14,0.820120982,0,2.59E-14,0,0,3.33E-07,0,5.41E-07
10/02/2018,13,0.43,0.297046,0.292915476,0.092383049,0,0.044701475,0,2.63E-13,8.03E-07,0,6.25E-07,0
10/02/2018,14,0.31,0.250775,0.242236939,0.045666411,0,0.02209665,0,1.17E-12,1.23E-06,0,9.63E-07,0
10/02/2018,15,0.34,0.263418,0.255818586,0.056730953,0,0.027450461,0,9.47E-13,1.21E-06,0,9.59E-07,0
10/02/2018,16,1.73,0.001778,0.001778,1.186219562,0,0.542002438,0,5.23E-15,0.022715409,0,0.019824357,0
10/02/2018,17,0.92,0,0,0.62,0,0.3,0,4.39E-14,7.38E-07,0,5.66E-07,0
10/02/2018,18,0.48,0,0,0.323478261,0,0.156521739,0,1.16E-13,9.20E-07,0,7.15E-07,0
10/02/2018,19,0.65,0,0,0.438043478,0,0.211956522,0,4.98E-14,6.79E-07,0,5.29E-07,0
10/02/2018,20,0.37,0,0,0.249347826,0,0.120652174,0,6.10E-14,5.67E-07,0,4.41E-07,0
10/02/2018,21,0.71,0,0,0.478478261,0,0.231521739,0,7.02E-14,8.36E-07,0,6.52E-07,0
10/02/2018,22,1.62,0,0,1.098159079,0,0.521840921,0,5.36E-20,0.006767695,0,0.005906352,0
10/02/2018,23,1.57,0,0,1.058043478,0,0.511956522,0,2.29E-14,6.81E-07,0,5.19E-07,0
11/02/2018,0,1.13,0,0,0.761521739,0,0.368478261,0,7.57E-14,1.14E-06,0,8.70E-07,0
11/02/2018,1,1.07,0,0,0.721086957,0,0.348913043,0,7.70E-14,1.16E-06,0,8.89E-07,0
11/02/2018,2,1.06,0,0,0.714347826,0,0.345652174,0,9.86E-14,1.29E-06,0,9.96E-07,0
11/02/2018,3,1.01,0,0,0.680652174,0,0.329347826,0,9.58E-14,1.19E-06,0,9.25E-07,0
11/02/2018,4,1.01,0,0,0.680652174,0,0.329347826,0,9.58E-14,1.19E-06,0,9.25E-07,0
11/02/2018,5,1.01,0,0,0.680652174,0,0.329347826,0,9.58E-14,1.19E-06,0,9.25E-07,0
11/02/2018,6,0.47,0.106548,0.106548,0.244935043,0,0.118516957,0,2.61E-13,1.24E-06,0,9.59E-07,0
11/02/2018,7,0.49,0.328859,0.325614886,0.110781272,0,0.053603841,0,1.73E-13,6.91E-07,0,5.33E-07,0
11/02/2018,8,1.23,0.433456,0.433456,0.536801391,0,0.259742609,0,1.07E-13,1.20E-06,0,9.37E-07,0
11/02/2018,9,0.81,0.531128,0.527662348,0.190271026,0,0.092066626,0,1.52E-13,8.76E-07,0,6.89E-07,0
11/02/2018,10,0.46,0.690216,0.45963254,0.00036746,0.222225038,0,2.28E-14,0,0,3.04E-07,0,2.85E-07
11/02/2018,11,0.54,0.437298,0.422354788,0.079282643,0,0.038362569,0,4.01E-13,8.66E-07,0,6.76E-07,0
11/02/2018,12,0.41,2.014192,0.41,5.65E-19,1.314431191,0,9.52E-19,0,0,0.039629276,0,0.023777565
11/02/2018,13,0.6,1.93254,0.6,4.23E-15,1.119005357,0,6.07E-15,0,0,1.85E-07,0,3.23E-07
11/02/2018,14,0.39,1.397083,0.39,1.97E-14,0.840602411,0,2.96E-14,0,0,5.07E-07,0,5.71E-07
11/02/2018,15,0.4,0.800798,0.4,6.34E-14,0.354212679,0,5.58E-14,0,0,7.09E-07,0,6.52E-07
11/02/2018,16,0.5,0.067055,0.067055,0.291767283,0,0.141177717,0,2.04E-13,1.18E-06,0,9.11E-07,0
11/02/2018,17,0.58,0,0,0.390869565,0,0.189130435,0,8.14E-14,8.18E-07,0,6.47E-07,0
11/02/2018,18,0.55,0,0,0.370652174,0,0.179347826,0,8.40E-14,8.37E-07,0,6.49E-07,0
11/02/2018,19,0.36,0,0,0.242608696,0,0.117391304,0,2.18E-13,1.07E-06,0,8.27E-07,0
11/02/2018,20,1.33,0,0,0.896304348,0,0.433695652,0,5.62E-14,1.11E-06,0,8.47E-07,0
11/02/2018,21,0.63,0,0,0.424565217,0,0.205434783,0,8.00E-14,8.41E-07,0,6.55E-07,0
11/02/2018,22,0.4,0,0,0.269565217,0,0.130434783,0,9.36E-14,7.27E-07,0,5.71E-07,0
11/02/2018,23,0.58,0,0,0.390869565,0,0.189130435,0,8.14E-14,8.18E-07,0,6.47E-07,0
12/02/2018,0,1.72,0,0,1.179529303,0,0.540470697,0,4.77E-24,0.021503806,0,0.018766958,0
12/02/2018,1,0.73,0,0,0.491956522,0,0.238043478,0,5.13E-14,7.22E-07,0,5.65E-07,0
12/02/2018,2,0.39,0,0,0.262826087,0,0.127173913,0,3.46E-13,1.38E-06,0,1.08E-06,0
12/02/2018,3,0.37,0,0,0.249347826,0,0.120652174,0,6.10E-14,5.67E-07,0,4.41E-07,0
12/02/2018,4,0.35,0,0,0.235869565,0,0.114130435,0,1.79E-13,9.39E-07,0,7.27E-07,0
12/02/2018,5,0.42,0.013678,0.013678,0.273825696,0,0.132496304,0,8.15E-14,7.31E-07,0,5.68E-07,0
12/02/2018,6,0.46,0.125895,0.125895,0.225157717,0,0.108947283,0,3.19E-13,1.30E-06,0,1.00E-06,0
12/02/2018,7,0.56,0.272686,0.272686,0.193624652,0,0.093689348,0,1.46E-13,8.71E-07,0,6.80E-07,0
12/02/2018,8,0.53,0.405855,0.394732575,0.091158482,0,0.044108943,0,6.80E-13,1.20E-06,0,9.35E-07,0
12/02/2018,9,1.38,0.498495,0.498495,0.594057717,0,0.287447283,0,3.24E-14,6.85E-07,0,5.26E-07,0
12/02/2018,10,1.34,0.45524,0.45524,0.596251304,0,0.288508696,0,3.61E-14,7.29E-07,0,5.60E-07,0
12/02/2018,11,0.38,0.453105,0.323709098,0.056290902,0.129395902,0,1.33E-13,0,0,5.86E-07,0,6.25E-07
12/02/2018,12,2.59,0.502028,0.502028,1.478948943,0,0.609023057,0,5.32E-17,0.075728569,0,0.066090387,0
12/02/2018,13,0.66,0.703376,0.519748459,0.140251541,0.183627541,0,1.14E-13,0,0,3.49E-07,0,4.68E-07
12/02/2018,14,0.67,0.387331,0.387331,0.190494326,0,0.092174674,0,2.08E-13,9.74E-07,0,7.56E-07,0
12/02/2018,15,0.54,0.508499,0.48274654,0.038583854,0,0.018669607,0,6.09E-13,7.51E-07,0,5.77E-07,0
12/02/2018,16,0.62,0.034516,0.034516,0.394565304,0,0.190918696,0,1.01E-13,9.52E-07,0,7.37E-07,0
12/02/2018,17,0.54,0,0,0.363913043,0,0.176086957,0,8.84E-14,8.55E-07,0,6.64E-07,0
12/02/2018,18,0.36,0,0,0.242608696,0,0.117391304,0,2.18E-13,1.07E-06,0,8.27E-07,0
12/02/2018,19,1.56,0,0,1.051304348,0,0.508695652,0,2.32E-14,6.82E-07,0,5.19E-07,0
12/02/2018,20,0.66,0,0,0.444782609,0,0.215217391,0,5.00E-14,6.87E-07,0,5.35E-07,0
12/02/2018,21,0.46,0,0,0.31,0,0.15,0,2.00E-13,1.17E-06,0,9.06E-07,0
12/02/2018,22,0.53,0,0,0.357173913,0,0.172826087,0,7.95E-14,8.04E-07,0,6.26E-07,0
12/02/2018,23,0.47,0,0,0.31673913,0,0.15326087,0,1.52E-13,1.03E-06,0,7.99E-07,0
13/02/2018,0,1.79,0,0,1.236488459,0,0.553511541,0,4.28E-19,0.031819084,0,0.027769383,0
13/02/2018,1,1.34,0,0,0.903043478,0,0.436956522,0,2.04E-14,6.78E-07,0,5.19E-07,0
13/02/2018,2,1.09,0,0,0.734565217,0,0.355434783,0,7.98E-14,1.17E-06,0,9.03E-07,0
13/02/2018,3,1.11,0,0,0.748043478,0,0.361956522,0,8.00E-14,1.17E-06,0,8.99E-07,0
13/02/2018,4,1.11,0,0,0.748043478,0,0.361956522,0,8.00E-14,1.17E-06,0,8.99E-07,0
13/02/2018,5,1.07,0.046867,0.046867,0.689502674,0,0.333630326,0,2.84E-14,6.99E-07,0,5.40E-07,0
13/02/2018,6,0.72,0.3679,0.3679,0.237284783,0,0.114815217,0,7.08E-14,6.28E-07,0,4.83E-07,0
13/02/2018,7,0.39,0.270699,0.266757603,0.083054659,0,0.040187738,0,3.35E-13,8.80E-07,0,6.87E-07,0
13/02/2018,8,0.65,0.404813,0.404813,0.165234717,0,0.079952283,0,3.03E-13,1.09E-06,0,8.50E-07,0
13/02/2018,9,0.53,1.927525,0.53,1.08E-14,1.165600446,0,1.63E-14,0,0,6.68E-07,0,6.17E-07
13/02/2018,10,0.74,2.047417,0.74,6.02E-15,1.110067232,0,7.90E-15,0,0,2.31E-07,0,3.58E-07
13/02/2018,11,0.4,1.29085,0.4,4.48E-15,0.748004464,0,6.43E-15,0,0,1.98E-07,0,2.35E-07
13/02/2018,12,0.37,2.33655,0.37,1.01E-14,1.575625303,0,1.83E-14,0,0,0.179264351,0,0.10755861
13/02/2018,13,0.39,2.368158,0.39,2.66E-18,1.585543679,0,4.31E-18,0,0,0.184566741,0,0.110740045
13/02/2018,14,0.38,1.35181,0.38,2.30E-14,0.811454464,0,3.45E-14,0,0,4.92E-07,0,5.90E-07
13/02/2018,15,0.4,0.722472,0.4,3.09E-14,0.291272143,0,2.01E-14,0,0,2.90E-07,0,3.07E-07
13/02/2018,16,0.44,0.068852,0.068852,0.250121478,0,0.121026522,0,5.79E-14,5.91E-07,0,4.54E-07,0
13/02/2018,17,0.81,0,0,0.545869565,0,0.264130435,0,2.69E-14,5.42E-07,0,4.19E-07,0
13/02/2018,18,0.73,0,0,0.491956522,0,0.238043478,0,5.13E-14,7.22E-07,0,5.65E-07,0
13/02/2018,19,0.65,0,0,0.438043478,0,0.211956522,0,4.98E-14,6.79E-07,0,5.29E-07,0
13/02/2018,20,0.61,0,0,0.411086957,0,0.198913043,0,7.71E-14,8.10E-07,0,6.32E-07,0
13/02/2018,21,1.23,0,0,0.828913043,0,0.401086957,0,2.88E-14,7.20E-07,0,5.55E-07,0
13/02/2018,22,1.03,0,0,0.694130435,0,0.335869565,0,1.13E-13,1.35E-06,0,1.05E-06,0
13/02/2018,23,0.64,0,0,0.431304348,0,0.208695652,0,4.80E-14,6.62E-07,0,5.15E-07,0
14/02/2018,0,0.77,0,0,0.518913043,0,0.251086957,0,1.67E-13,1.32E-06,0,1.03E-06,0
14/02/2018,1,0.88,0,0,0.593043478,0,0.286956522,0,2.61E-14,5.51E-07,0,4.22E-07,0
14/02/2018,2,0.5,0,0,0.336956522,0,0.163043478,0,9.90E-14,8.94E-07,0,7.00E-07,0
14/02/2018,3,0.44,0,0,0.296521739,0,0.143478261,0,2.73E-13,1.35E-06,0,1.06E-06,0
14/02/2018,4,0.48,0,0,0.323478261,0,0.156521739,0,1.16E-13,9.20E-07,0,7.15E-07,0
14/02/2018,5,0.54,0.119586,0.119586,0.283322478,0,0.137091522,0,1.82E-13,1.07E-06,0,8.33E-07,0
14/02/2018,6,0.48,0.855199,0.48,4.96E-14,0.340070625,0,3.04E-14,0,0,5.70E-07,0,4.91E-07
14/02/2018,7,0.67,1.726008,0.67,1.95E-14,0.902417143,0,2.42E-14,0,0,5.38E-07,0,6.38E-07
14/02/2018,8,0.56,2.385849,0.56,6.36E-22,1.486921871,0,1.07E-21,0,0,0.131843257,0,0.079105954
14/02/2018,9,0.47,2.886972,0.47,6.98E-14,1.911210152,0,6.49E-14,0,0,0.358668914,0,0.215201348
14/02/2018,10,0.65,3.104537,0.65,2.86E-17,1.951709459,0,4.27E-17,0,0,0.380319953,0,0.228191972
14/02/2018,11,0.41,3.099926,0.41,6.16E-25,2.105783212,0,9.76E-25,0,0,0.462688196,0,0.277612918
14/02/2018,12,0.51,2.774539,0.51,1.65E-21,1.803022737,0,2.63E-21,0,0,0.300831631,0,0.180498979
14/02/2018,13,0.57,2.343316,0.57,1.39E-21,1.449361342,0,2.55E-21,0,0,0.111763297,0,0.067057978
14/02/2018,14,0.32,1.634585,0.32,1.27E-14,1.082077232,0,2.12E-14,0,0,8.08E-07,0,7.14E-07
14/02/2018,15,0.34,0.756797,0.34,1.45E-14,0.362247589,0,1.53E-14,0,0,2.66E-07,0,2.89E-07
14/02/2018,16,0.43,0.079004,0.079004,0.236540783,0,0.114455217,0,4.77E-14,5.23E-07,0,4.03E-07,0
14/02/2018,17,0.47,0,0,0.31673913,0,0.15326087,0,1.52E-13,1.03E-06,0,7.99E-07,0
14/02/2018,18,0.57,0,0,0.384130435,0,0.185869565,0,7.42E-14,7.91E-07,0,6.10E-07,0
14/02/2018,19,0.67,0,0,0.451521739,0,0.218478261,0,7.63E-14,8.42E-07,0,6.59E-07,0
14/02/2018,20,0.63,0,0,0.424565217,0,0.205434783,0,8.00E-14,8.41E-07,0,6.55E-07,0
14/02/2018,21,0.43,0,0,0.289782609,0,0.140217391,0,1.24E-13,8.81E-07,0,6.85E-07,0
14/02/2018,22,0.44,0,0,0.296521739,0,0.143478261,0,2.73E-13,1.35E-06,0,1.06E-06,0
14/02/2018,23,0.49,0,0,0.330217391,0,0.159782609,0,1.04E-13,8.89E-07,0,6.95E-07,0
15/02/2018,0,1.45,0,0,0.977173913,0,0.472826087,0,2.58E-14,7.82E-07,0,5.97E-07,0
15/02/2018,1,0.94,0,0,0.633478261,0,0.306521739,0,3.24E-14,6.36E-07,0,4.87E-07,0
15/02/2018,2,0.46,0,0,0.31,0,0.15,0,2.00E-13,1.17E-06,0,9.06E-07,0
15/02/2018,3,0.43,0,0,0.289782609,0,0.140217391,0,1.24E-13,8.81E-07,0,6.85E-07,0
15/02/2018,4,0.42,0,0,0.283043478,0,0.136956522,0,3.20E-13,1.40E-06,0,1.09E-06,0
15/02/2018,5,0.41,0.081094,0.081094,0.221654043,0,0.107251957,0,6.15E-14,5.82E-07,0,4.49E-07,0
15/02/2018,6,0.54,0.764714,0.51792745,0.02207255,0.23992979,0,3.16E-14,0,0,2.70E-07,0,2.57E-07
15/02/2018,7,0.48,1.612596,0.48,1.37E-14,0.948693214,0,2.01E-14,0,0,6.05E-07,0,6.28E-07
15/02/2018,8,0.82,2.311734,0.82,1.76E-14,1.262348054,0,2.33E-14,0,0,0.01178549,0,0.007071294
15/02/2018,9,0.6,2.777085,0.6,6.62E-14,1.74584047,0,1.21E-13,0,0,0.270261837,0,0.162157102
15/02/2018,10,0.5,2.952253,0.5,6.12E-17,1.93911178,0,9.66E-17,0,0,0.3735852,0,0.22415112
15/02/2018,11,0.33,2.954978,0.33,3.11E-23,2.052614069,0,5.04E-23,0,0,0.434263829,0,0.260558297
15/02/2018,12,0.36,2.715113,0.36,1.51E-20,1.858105877,0,2.55E-20,0,0,0.330279226,0,0.198167535
15/02/2018,13,0.67,2.209131,0.67,2.53E-15,1.285961049,0,3.61E-15,0,0,0.024409061,0,0.014645437
15/02/2018,14,0.41,1.471427,0.41,1.53E-14,0.885878839,0,2.31E-14,0,0,5.00E-07,0,5.52E-07
15/02/2018,15,0.42,0.651707,0.42,5.03E-13,0.219943125,0,7.40E-14,0,0,3.91E-07,0,4.47E-07
15/02/2018,16,0.57,0.046584,0.046584,0.35273687,0,0.17067913,0,1.12E-13,9.66E-07,0,7.47E-07,0
15/02/2018,17,2.96,0,0,2.188520079,0,0.771479921,0,4.28E-27,0.204231583,0,0.178238472,0
15/02/2018,18,3.36,0,0,2.514000974,0,0.845999026,0,6.37E-19,0.263176027,0,0.229680896,0
15/02/2018,19,2.15,0,0,1.529421265,0,0.620578735,0,1.50E-25,0.084869084,0,0.074067564,0
15/02/2018,20,2.39,0,0,1.724709803,0,0.665290197,0,3.18E-16,0.12023575,0,0.104933018,0
15/02/2018,21,2,0,0,1.407365929,0,0.592634071,0,6.46E-19,0.062764917,0,0.054776655,0
15/02/2018,22,0.6,0,0,0.404347826,0,0.195652174,0,4.03E-14,5.74E-07,0,4.48E-07,0
15/02/2018,23,1.79,0,0,1.236488459,0,0.553511541,0,4.28E-19,0.031819084,0,0.027769383,0
16/02/2018,0,1.32,0,0,0.889565217,0,0.430434783,0,3.24E-14,7.84E-07,0,5.96E-07,0
16/02/2018,1,0.35,0,0,0.235869565,0,0.114130435,0,1.79E-13,9.39E-07,0,7.27E-07,0
16/02/2018,2,0.39,0,0,0.262826087,0,0.127173913,0,3.46E-13,1.38E-06,0,1.08E-06,0
16/02/2018,3,0.38,0,0,0.256086957,0,0.123913043,0,3.49E-13,1.35E-06,0,1.06E-06,0
16/02/2018,4,0.32,0,0,0.215652174,0,0.104347826,0,7.97E-14,5.84E-07,0,4.49E-07,0
16/02/2018,5,0.42,0.130966,0.130966,0.194783783,0,0.094250217,0,6.10E-14,5.32E-07,0,4.10E-07,0
16/02/2018,6,0.58,0.903502,0.58,2.09E-13,0.306564107,0,3.42E-14,0,0,6.36E-07,0,5.30E-07
16/02/2018,7,0.72,1.772198,0.72,2.02E-14,0.903373393,0,2.41E-14,0,0,5.02E-07,0,6.39E-07
16/02/2018,8,0.44,2.424764,0.44,8.41E-18,1.594002871,0,1.36E-17,0,0,0.189089048,0,0.113453429
16/02/2018,9,2.6,1.074317,1.074317,1.028177674,0,0.497505326,0,3.88E-14,9.77E-07,0,7.34E-07,0
16/02/2018,10,3.09,1.71047,1.71047,0.929683261,0,0.449846739,0,7.97E-14,1.33E-06,0,1.02E-06,0
16/02/2018,11,0.42,0.565509,0.388923541,0.031076459,0.173151814,0,1.72E-13,0,0,7.64E-07,0,6.84E-07
16/02/2018,12,0.36,0.513331,0.346958523,0.013041477,0.161572764,0,5.16E-14,0,0,3.29E-07,0,3.26E-07
16/02/2018,13,0.4,0.41879,0.311188361,0.088811639,0.107601639,0,1.80E-13,0,0,6.48E-07,0,6.13E-07
16/02/2018,14,0.47,0.285759,0.285759,0.124162413,0,0.060078587,0,2.16E-13,8.50E-07,0,6.64E-07,0
16/02/2018,15,1.47,0.141971,0.141971,0.894976065,0,0.433052935,0,3.65E-14,9.32E-07,0,7.31E-07,0
16/02/2018,16,0.62,0,0,0.417826087,0,0.202173913,0,7.85E-14,8.25E-07,0,6.43E-07,0
16/02/2018,17,3.31,0,0,2.473315862,0,0.836684138,0,5.83E-20,0.255807971,0,0.223250593,0
16/02/2018,18,0.5,0,0,0.336956522,0,0.163043478,0,9.90E-14,8.94E-07,0,7.00E-07,0
16/02/2018,19,0.61,0,0,0.411086957,0,0.198913043,0,7.71E-14,8.10E-07,0,6.32E-07,0
16/02/2018,20,1.02,0,0,0.687391304,0,0.332608696,0,2.23E-14,5.86E-07,0,4.56E-07,0
16/02/2018,21,1.05,0,0,0.707608696,0,0.342391304,0,1.87E-14,5.54E-07,0,4.26E-07,0
16/02/2018,22,1.1,0,0,0.741304348,0,0.358695652,0,8.04E-14,1.18E-06,0,9.02E-07,0
16/02/2018,23,0.94,0,0,0.633478261,0,0.306521739,0,3.24E-14,6.36E-07,0,4.87E-07,0
17/02/2018,0,1.94,0,0,1.358543795,0,0.581456205,0,6.85E-21,0.053923251,0,0.047060291,0
17/02/2018,1,1.54,0,0,1.037826087,0,0.502173913,0,2.01E-14,6.22E-07,0,4.73E-07,0
17/02/2018,2,1.22,0,0,0.822173913,0,0.397826087,0,3.24E-14,7.59E-07,0,5.83E-07,0
17/02/2018,3,1.21,0,0,0.815434783,0,0.394565217,0,3.42E-14,7.77E-07,0,5.95E-07,0
17/02/2018,4,1.08,0,0,0.727826087,0,0.352173913,0,7.98E-14,1.17E-06,0,9.01E-07,0
17/02/2018,5,1.16,0.054358,0.054358,0.745106565,0,0.360535435,0,2.19E-14,6.36E-07,0,4.91E-07,0
17/02/2018,6,1.26,0.76895,0.76895,0.330925,0,0.160125,0,9.00E-14,9.02E-07,0,7.02E-07,0
17/02/2018,7,0.86,1.577593,0.86,5.38E-14,0.645744375,0,3.70E-14,0,0,8.25E-07,0,7.80E-07
17/02/2018,8,0.64,1.843132,0.64,8.36E-15,1.018231071,0,1.13E-14,0,0,4.89E-07,0,4.67E-07
17/02/2018,9,0.42,2.388623,0.42,8.97E-17,1.580780555,0,1.45E-16,0,0,0.182020363,0,0.109212218
17/02/2018,10,0.87,2.606323,0.87,2.80E-16,1.444264398,0,3.82E-16,0,0,0.109038457,0,0.065423074
17/02/2018,11,0.41,2.100007,0.41,7.00E-14,1.376978624,0,8.50E-14,0,0,0.073067301,0,0.043840381
17/02/2018,12,0.36,2.289885,0.36,8.03E-16,1.548172655,0,1.43E-15,0,0,0.164588091,0,0.098752855
17/02/2018,13,0.4,1.51779,0.4,6.73E-15,0.930366964,0,1.03E-14,0,0,5.12E-07,0,4.42E-07
17/02/2018,14,0.66,1.142757,0.66,1.26E-13,0.440965446,0,6.72E-14,0,0,1.06E-06,0,9.19E-07
17/02/2018,15,1.2,0.643197,0.643197,0.375236804,0,0.181566196,0,3.66E-14,5.72E-07,0,4.38E-07,0
17/02/2018,16,1.24,0.037903,0.037903,0.810108848,0,0.391988152,0,8.54E-14,1.28E-06,0,9.81E-07,0
17/02/2018,17,0.68,0,0,0.45826087,0,0.22173913,0,7.13E-14,8.21E-07,0,6.42E-07,0
17/02/2018,18,1.42,0,0,0.956956522,0,0.463043478,0,2.39E-14,7.61E-07,0,5.86E-07,0
17/02/2018,19,0.74,0,0,0.498695652,0,0.241304348,0,1.49E-13,1.26E-06,0,9.82E-07,0
17/02/2018,20,0.59,0,0,0.397608696,0,0.192391304,0,8.91E-14,8.65E-07,0,6.80E-07,0
17/02/2018,21,0.55,0,0,0.370652174,0,0.179347826,0,8.40E-14,8.37E-07,0,6.49E-07,0
17/02/2018,22,0.75,0,0,0.505434783,0,0.244565217,0,2.58E-14,5.13E-07,0,4.03E-07,0
17/02/2018,23,1.32,0,0,0.889565217,0,0.430434783,0,3.24E-14,7.84E-07,0,5.96E-07,0
18/02/2018,0,1.39,0,0,0.93673913,0,0.45326087,0,2.28E-14,7.09E-07,0,5.43E-07,0
18/02/2018,1,0.71,0,0,0.478478261,0,0.231521739,0,7.02E-14,8.36E-07,0,6.52E-07,0
18/02/2018,2,0.42,0,0,0.283043478,0,0.136956522,0,3.20E-13,1.40E-06,0,1.09E-06,0
18/02/2018,3,0.46,0,0,0.31,0,0.15,0,2.00E-13,1.17E-06,0,9.06E-07,0
18/02/2018,4,0.55,0,0,0.370652174,0,0.179347826,0,8.40E-14,8.37E-07,0,6.49E-07,0
18/02/2018,5,0.61,0.063077,0.063077,0.368578543,0,0.178344457,0,1.19E-13,9.96E-07,0,7.74E-07,0
18/02/2018,6,0.65,0.324621,0.324621,0.219277152,0,0.106101848,0,9.77E-14,7.33E-07,0,5.66E-07,0
18/02/2018,7,0.72,0.710775,0.671462508,0.032710049,0,0.015827443,0,9.63E-13,9.45E-07,0,7.47E-07,0
18/02/2018,8,0.84,1.703624,0.84,3.40E-14,0.761483571,0,3.08E-14,0,0,7.91E-07,0,7.12E-07
18/02/2018,9,1.17,2.67178,1.17,5.06E-22,1.295180445,0,5.50E-22,0,0,0.029337775,0,0.017602665
18/02/2018,10,0.5,2.587326,0.5,2.68E-14,1.673129764,0,5.34E-14,0,0,0.231390498,0,0.138834299
18/02/2018,11,0.91,1.886123,0.91,1.12E-14,0.857509554,0,1.05E-14,0,0,1.98E-07,0,3.12E-07
18/02/2018,12,1.21,2.361605,1.21,1.09E-14,1.022629018,0,9.00E-15,0,0,3.40E-07,0,3.86E-07
18/02/2018,13,1.06,2.193391,1.06,2.08E-14,0.995939196,0,1.96E-14,0,0,3.56E-07,0,5.58E-07
18/02/2018,14,1.39,0.4012,0.4012,0.666365217,0,0.322434783,0,7.68E-14,1.13E-06,0,8.79E-07,0
18/02/2018,15,1.09,0.638818,0.638818,0.304057435,0,0.147124565,0,9.77E-14,8.71E-07,0,6.76E-07,0
18/02/2018,16,0.83,0.029194,0.029194,0.539673609,0,0.261132391,0,9.18E-14,1.10E-06,0,8.49E-07,0
18/02/2018,17,0.59,0,0,0.397608696,0,0.192391304,0,8.91E-14,8.65E-07,0,6.80E-07,0
18/02/2018,18,0.81,0,0,0.545869565,0,0.264130435,0,2.69E-14,5.42E-07,0,4.19E-07,0
18/02/2018,19,1.44,0,0,0.970434783,0,0.469565217,0,2.60E-14,7.90E-07,0,6.06E-07,0
18/02/2018,20,1.55,0,0,1.044565217,0,0.505434783,0,2.30E-14,6.51E-07,0,4.91E-07,0
18/02/2018,21,1.57,0,0,1.058043478,0,0.511956522,0,2.29E-14,6.81E-07,0,5.19E-07,0
18/02/2018,22,1.71,0,0,1.17139228,0,0.53860772,0,1.79E-24,0.020030195,0,0.017480898,0
18/02/2018,23,1.99,0,0,1.399228907,0,0.590771093,0,8.80E-19,0.061291306,0,0.053490594,0
19/02/2018,0,1.18,0,0,0.795217391,0,0.384782609,0,5.49E-14,9.75E-07,0,7.45E-07,0
19/02/2018,1,1.24,0,0,0.835652174,0,0.404347826,0,2.88E-14,7.23E-07,0,5.53E-07,0
19/02/2018,2,1.39,0,0,0.93673913,0,0.45326087,0,2.28E-14,7.09E-07,0,5.43E-07,0
19/02/2018,3,1.28,0,0,0.862608696,0,0.417391304,0,2.74E-14,7.16E-07,0,5.49E-07,0
19/02/2018,4,1.39,0,0,0.93673913,0,0.45326087,0,2.28E-14,7.09E-07,0,5.43E-07,0
19/02/2018,5,1.47,0,0,0.990652174,0,0.479347826,0,2.66E-14,7.59E-07,0,5.81E-07,0
19/02/2018,6,1.32,0.065979,0.065979,0.845101109,0,0.408919891,0,8.47E-14,1.26E-06,0,9.59E-07,0
19/02/2018,7,1.04,0.160826,0.160826,0.592486826,0,0.286687174,0,2.73E-14,5.97E-07,0,4.60E-07,0
19/02/2018,8,2.97,0.250598,0.250598,1.992744947,0,0.726657053,0,1.53E-26,0.168776795,0,0.147296112,0
19/02/2018,9,1.2,1.22137,0.915778197,0.284221803,0.305591803,0,3.66E-14,0,0,4.23E-07,0,4.38E-07
19/02/2018,10,2.15,0.750677,0.750677,0.943022022,0,0.456300978,0,7.46E-14,1.34E-06,0,1.05E-06,0
19/02/2018,11,2.01,0.699284,0.699284,0.883308609,0,0.427407391,0,7.93E-14,1.33E-06,0,1.03E-06,0
19/02/2018,12,2.19,1.593233,1.5599948,0.424568722,0,0.205436478,0,6.11E-14,7.64E-07,0,5.89E-07,0
19/02/2018,13,1.57,1.226775,1.190104179,0.256016749,0,0.123879072,0,1.53E-13,1.03E-06,0,8.12E-07,0
19/02/2018,14,0.42,0.362194,0.347220479,0.049047068,0,0.023732452,0,3.49E-13,6.45E-07,0,4.97E-07,0
19/02/2018,15,0.48,0.155496,0.155496,0.218687478,0,0.105816522,0,2.73E-13,1.15E-06,0,8.99E-07,0
19/02/2018,16,0.56,0,0,0.377391304,0,0.182608696,0,7.91E-14,8.14E-07,0,6.30E-07,0
19/02/2018,17,0.54,0,0,0.363913043,0,0.176086957,0,8.84E-14,8.55E-07,0,6.64E-07,0
19/02/2018,18,0.73,0,0,0.491956522,0,0.238043478,0,5.13E-14,7.22E-07,0,5.65E-07,0
19/02/2018,19,0.56,0,0,0.377391304,0,0.182608696,0,7.91E-14,8.14E-07,0,6.30E-07,0
19/02/2018,20,0.71,0,0,0.478478261,0,0.231521739,0,7.02E-14,8.36E-07,0,6.52E-07,0
19/02/2018,21,0.49,0,0,0.330217391,0,0.159782609,0,1.04E-13,8.89E-07,0,6.95E-07,0
19/02/2018,22,1.15,0,0,0.775,0,0.375,0,4.69E-14,8.93E-07,0,6.89E-07,0
19/02/2018,23,1.05,0,0,0.707608696,0,0.342391304,0,1.87E-14,5.54E-07,0,4.26E-07,0
20/02/2018,0,1.16,0,0,0.78173913,0,0.37826087,0,4.43E-14,8.71E-07,0,6.72E-07,0
20/02/2018,1,1.12,0,0,0.754782609,0,0.365217391,0,7.40E-14,1.12E-06,0,8.62E-07,0
20/02/2018,2,1.09,0,0,0.734565217,0,0.355434783,0,7.98E-14,1.17E-06,0,9.03E-07,0
20/02/2018,3,1.05,0,0,0.707608696,0,0.342391304,0,1.87E-14,5.54E-07,0,4.26E-07,0
20/02/2018,4,1.03,0,0,0.694130435,0,0.335869565,0,1.13E-13,1.35E-06,0,1.05E-06,0
20/02/2018,5,1.08,0.017432,0.017432,0.716078435,0,0.346489565,0,2.95E-14,6.86E-07,0,5.28E-07,0
20/02/2018,6,1.03,0.124701,0.124701,0.610092804,0,0.295206196,0,1.11E-13,1.21E-06,0,9.25E-07,0
20/02/2018,7,0.89,0.300901,0.300901,0.3970015,0,0.1920975,0,4.26E-14,6.28E-07,0,4.82E-07,0
20/02/2018,8,0.51,0.463581,0.441789662,0.045967837,0,0.022242502,0,6.01E-13,8.50E-07,0,6.62E-07,0
20/02/2018,9,0.51,0.58038,0.420357049,0.089642951,0.160022951,0,3.66E-14,0,0,2.41E-07,0,2.62E-07
20/02/2018,10,0.43,0.636929,0.425725074,0.004274926,0.203927491,0,2.64E-14,0,0,2.16E-07,0,2.36E-07
20/02/2018,11,0.35,0.635969,0.35,3.66E-14,0.257921518,0,2.43E-14,0,0,3.30E-07,0,3.26E-07
20/02/2018,12,0.41,0.562706,0.384729985,0.025270015,0.173932243,0,3.78E-14,0,0,2.19E-07,0,2.53E-07
20/02/2018,13,0.28,0.434461,0.28,1.20E-12,0.146620446,0,1.76E-13,0,0,4.75E-07,0,5.48E-07
20/02/2018,14,0.28,0.2638,0.250426552,0.019929932,0,0.009643516,0,2.44E-12,1.17E-06,0,9.21E-07,0
20/02/2018,15,0.57,0.09793,0.09793,0.31813413,0,0.15393587,0,1.30E-13,9.80E-07,0,7.68E-07,0
20/02/2018,16,0.53,0,0,0.357173913,0,0.172826087,0,7.95E-14,8.04E-07,0,6.26E-07,0
20/02/2018,17,0.6,0,0,0.404347826,0,0.195652174,0,4.03E-14,5.74E-07,0,4.48E-07,0
20/02/2018,18,0.58,0,0,0.390869565,0,0.189130435,0,8.14E-14,8.18E-07,0,6.47E-07,0
20/02/2018,19,0.61,0,0,0.411086957,0,0.198913043,0,7.71E-14,8.10E-07,0,6.32E-07,0
20/02/2018,20,0.8,0,0,0.539130435,0,0.260869565,0,2.95E-14,5.68E-07,0,4.40E-07,0
20/02/2018,21,0.53,0,0,0.357173913,0,0.172826087,0,7.95E-14,8.04E-07,0,6.26E-07,0
20/02/2018,22,0.96,0,0,0.646956522,0,0.313043478,0,2.70E-14,5.99E-07,0,4.61E-07,0
20/02/2018,23,1.89,0,0,1.317858683,0,0.572141317,0,2.20E-26,0.046555195,0,0.040629988,0
21/02/2018,0,1.43,0,0,0.963695652,0,0.466304348,0,2.50E-14,7.78E-07,0,5.99E-07,0
21/02/2018,1,1.32,0,0,0.889565217,0,0.430434783,0,3.24E-14,7.84E-07,0,5.96E-07,0
21/02/2018,2,0.42,0,0,0.283043478,0,0.136956522,0,3.20E-13,1.40E-06,0,1.09E-06,0
21/02/2018,3,0.32,0,0,0.215652174,0,0.104347826,0,7.97E-14,5.84E-07,0,4.49E-07,0
21/02/2018,4,0.32,0,0,0.215652174,0,0.104347826,0,7.97E-14,5.84E-07,0,4.49E-07,0
21/02/2018,5,0.4,0,0,0.269565217,0,0.130434783,0,9.36E-14,7.27E-07,0,5.71E-07,0
21/02/2018,6,0.34,0.069389,0.069389,0.182368283,0,0.088242717,0,1.74E-13,8.66E-07,0,6.71E-07,0
21/02/2018,7,0.44,0.179507,0.179507,0.17554963,0,0.08494337,0,3.34E-13,1.14E-06,0,8.95E-07,0
21/02/2018,8,0.88,0.288284,0.288284,0.39876513,0,0.19295087,0,3.32E-14,5.52E-07,0,4.22E-07,0
21/02/2018,9,0.62,0.369085,0.369085,0.169094891,0,0.081820109,0,8.02E-14,5.60E-07,0,4.31E-07,0
21/02/2018,10,2.68,0.498845,0.498845,1.554772158,0,0.626382842,0,4.86E-21,0.089460119,0,0.078074286,0
21/02/2018,11,2.44,0.492907,0.492907,1.364315385,0,0.582777615,0,4.59E-17,0.054968483,0,0.047972494,0
21/02/2018,12,1.5,0.428263,0.428263,0.722257543,0,0.349479457,0,2.25E-14,6.11E-07,0,4.64E-07,0
21/02/2018,13,0.97,0.663037,0.654788605,0.212425071,0,0.102786325,0,1.67E-13,9.47E-07,0,7.34E-07,0
21/02/2018,14,0.87,0.672559,0.653338304,0.146011143,0,0.070650553,0,1.97E-13,8.19E-07,0,6.24E-07,0
21/02/2018,15,0.59,0.075118,0.075118,0.346985696,0,0.167896304,0,6.12E-14,6.89E-07,0,5.34E-07,0
21/02/2018,16,0.67,0,0,0.451521739,0,0.218478261,0,7.63E-14,8.42E-07,0,6.59E-07,0
21/02/2018,17,0.67,0,0,0.451521739,0,0.218478261,0,7.63E-14,8.42E-07,0,6.59E-07,0
21/02/2018,18,0.72,0,0,0.485217391,0,0.234782609,0,6.24E-14,7.95E-07,0,6.22E-07,0
21/02/2018,19,1.99,0,0,1.399228907,0,0.590771093,0,8.80E-19,0.061291306,0,0.053490594,0
21/02/2018,20,2.4,0,0,1.732846825,0,0.667153175,0,2.23E-18,0.121709361,0,0.106219079,0
21/02/2018,21,2.01,0,0,1.415502952,0,0.594497048,0,5.09E-19,0.064238528,0,0.056062716,0
21/02/2018,22,2.2,0,0,1.570106377,0,0.629893623,0,2.46E-26,0.092237139,0,0.080497867,0
21/02/2018,23,2.19,0,0,1.561969355,0,0.628030645,0,1.27E-25,0.090763528,0,0.079211806,0
22/02/2018,0,1.29,0,0,0.869347826,0,0.420652174,0,3.66E-14,8.29E-07,0,6.31E-07,0
22/02/2018,1,1.01,0,0,0.680652174,0,0.329347826,0,9.58E-14,1.19E-06,0,9.25E-07,0
22/02/2018,2,0.43,0,0,0.289782609,0,0.140217391,0,1.24E-13,8.81E-07,0,6.85E-07,0
22/02/2018,3,0.35,0,0,0.235869565,0,0.114130435,0,1.79E-13,9.39E-07,0,7.27E-07,0
22/02/2018,4,0.34,0,0,0.229130435,0,0.110869565,0,6.68E-14,5.46E-07,0,4.22E-07,0
22/02/2018,5,0.41,0,0,0.276304348,0,0.133695652,0,9.39E-14,7.50E-07,0,5.84E-07,0
22/02/2018,6,0.38,0.10923,0.10923,0.182475435,0,0.088294565,0,7.90E-14,6.02E-07,0,4.65E-07,0
22/02/2018,7,0.48,0.446644,0.4245659,0.037357763,0,0.018076337,0,7.05E-13,8.31E-07,0,6.47E-07,0
22/02/2018,8,0.66,1.811105,0.66,1.60E-14,0.978030804,0,2.09E-14,0,0,4.99E-07,0,6.22E-07
22/02/2018,9,0.92,2.741752,0.92,1.26E-13,1.510174807,0,2.36E-13,0,0,0.144274339,0,0.086564604
22/02/2018,10,0.62,2.677094,0.62,1.01E-26,1.659841122,0,2.85E-26,0,0,0.224286354,0,0.134571812
22/02/2018,11,0.29,2.884315,0.29,1.15E-17,2.027349469,0,1.88E-17,0,0,0.420757305,0,0.252454383
22/02/2018,12,0.37,2.241465,0.37,6.94E-21,1.506321305,0,9.57E-21,0,0,0.142214247,0,0.085328548
22/02/2018,13,0.3,2.172332,0.3,6.67E-16,1.501851184,0,1.34E-15,0,0,0.139824508,0,0.083894705
22/02/2018,14,0.28,1.347514,0.28,6.95E-15,0.88032375,0,1.14E-14,0,0,3.77E-07,0,4.05E-07
22/02/2018,15,0.37,0.621215,0.37,9.29E-14,0.231601339,0,4.08E-14,0,0,4.66E-07,0,4.47E-07
22/02/2018,16,0.45,0.009944,0.009944,0.296559478,0,0.143496522,0,6.72E-14,6.85E-07,0,5.32E-07,0
22/02/2018,17,0.59,0,0,0.397608696,0,0.192391304,0,8.91E-14,8.65E-07,0,6.80E-07,0
22/02/2018,18,0.58,0,0,0.390869565,0,0.189130435,0,8.14E-14,8.18E-07,0,6.47E-07,0
22/02/2018,19,0.59,0,0,0.397608696,0,0.192391304,0,8.91E-14,8.65E-07,0,6.80E-07,0
22/02/2018,20,0.61,0,0,0.411086957,0,0.198913043,0,7.71E-14,8.10E-07,0,6.32E-07,0
22/02/2018,21,0.57,0,0,0.384130435,0,0.185869565,0,7.42E-14,7.91E-07,0,6.10E-07,0
22/02/2018,22,1.86,0,0,1.293447616,0,0.566552384,0,1.23E-25,0.042134362,0,0.036771807,0
22/02/2018,23,1.85,0,0,1.285310594,0,0.564689406,0,6.81E-24,0.040660751,0,0.035485746,0
23/02/2018,0,1.72,0,0,1.179529303,0,0.540470697,0,4.77E-24,0.021503806,0,0.018766958,0
23/02/2018,1,1.11,0,0,0.748043478,0,0.361956522,0,8.00E-14,1.17E-06,0,8.99E-07,0
23/02/2018,2,1.25,0,0,0.842391304,0,0.407608696,0,2.82E-14,7.17E-07,0,5.49E-07,0
23/02/2018,3,1.01,0,0,0.680652174,0,0.329347826,0,9.58E-14,1.19E-06,0,9.25E-07,0
23/02/2018,4,1.08,0,0,0.727826087,0,0.352173913,0,7.98E-14,1.17E-06,0,9.01E-07,0
23/02/2018,5,1.2,0,0,0.808695652,0,0.391304348,0,4.60E-14,8.90E-07,0,6.81E-07,0
23/02/2018,6,1.18,0.069021,0.069021,0.748703239,0,0.362275761,0,1.84E-14,5.75E-07,0,4.39E-07,0
23/02/2018,7,1.01,0.212729,0.212729,0.537291326,0,0.259979674,0,3.91E-14,6.81E-07,0,5.25E-07,0
23/02/2018,8,0.54,1.913376,0.54,1.12E-14,1.146998571,0,1.67E-14,0,0,6.70E-07,0,6.20E-07
23/02/2018,9,0.61,2.521392,0.61,2.82E-16,1.55291537,0,4.25E-16,0,0,0.167123559,0,0.100274136
23/02/2018,10,0.5,2.809903,0.5,1.44E-17,1.835358043,0,1.79E-17,0,0,0.318118173,0,0.190870904
23/02/2018,11,1.52,2.404983,1.52,5.98E-14,0.833289911,0,1.36E-14,0,0,4.19E-07,0,4.95E-07
23/02/2018,12,0.49,1.760742,0.49,1.23E-14,1.060506964,0,1.85E-14,0,0,8.05E-07,0,7.21E-07
23/02/2018,13,0.47,1.251941,0.47,3.71E-14,0.666113304,0,4.73E-14,0,0,5.06E-07,0,6.12E-07
23/02/2018,14,0.5,0.994113,0.5,5.90E-14,0.437233661,0,5.11E-14,0,0,5.17E-07,0,5.79E-07
23/02/2018,15,0.48,0.291598,0.291598,0.126966565,0,0.061435435,0,1.92E-13,8.01E-07,0,6.23E-07,0
23/02/2018,16,0.56,0.010419,0.010419,0.370369804,0,0.179211196,0,4.21E-14,5.99E-07,0,4.60E-07,0
23/02/2018,17,0.59,0,0,0.397608696,0,0.192391304,0,8.91E-14,8.65E-07,0,6.80E-07,0
23/02/2018,18,0.52,0,0,0.350434783,0,0.169565217,0,8.97E-14,8.49E-07,0,6.61E-07,0
23/02/2018,19,0.48,0,0,0.323478261,0,0.156521739,0,1.16E-13,9.20E-07,0,7.15E-07,0
23/02/2018,20,0.59,0,0,0.397608696,0,0.192391304,0,8.91E-14,8.65E-07,0,6.80E-07,0
23/02/2018,21,0.51,0,0,0.343695652,0,0.166304348,0,9.48E-14,8.79E-07,0,6.87E-07,0
23/02/2018,22,0.45,0,0,0.30326087,0,0.14673913,0,1.90E-13,1.14E-06,0,8.86E-07,0
23/02/2018,23,1.56,0,0,1.051304348,0,0.508695652,0,2.32E-14,6.82E-07,0,5.19E-07,0
24/02/2018,0,1.79,0,0,1.236488459,0,0.553511541,0,4.28E-19,0.031819084,0,0.027769383,0
24/02/2018,1,0.92,0,0,0.62,0,0.3,0,4.39E-14,7.38E-07,0,5.66E-07,0
24/02/2018,2,0.47,0,0,0.31673913,0,0.15326087,0,1.52E-13,1.03E-06,0,7.99E-07,0
24/02/2018,3,0.4,0,0,0.269565217,0,0.130434783,0,9.36E-14,7.27E-07,0,5.71E-07,0
24/02/2018,4,0.36,0,0,0.242608696,0,0.117391304,0,2.18E-13,1.07E-06,0,8.27E-07,0
24/02/2018,5,0.37,0,0,0.249347826,0,0.120652174,0,6.10E-14,5.67E-07,0,4.41E-07,0
24/02/2018,6,0.39,0.123226,0.123226,0.179782478,0,0.086991522,0,6.86E-14,5.51E-07,0,4.25E-07,0
24/02/2018,7,0.65,0.315709,0.315709,0.225283065,0,0.109007935,0,1.01E-13,7.61E-07,0,5.89E-07,0
24/02/2018,8,0.52,0.486117,0.461857074,0.039183276,0,0.01895965,0,5.93E-13,7.60E-07,0,5.86E-07,0
24/02/2018,9,0.67,0.601209,0.573766699,0.064852876,0,0.031380424,0,2.26E-13,5.89E-07,0,4.54E-07,0
24/02/2018,10,1.2,0.654949,0.654949,0.367316978,0,0.177734022,0,3.15E-14,5.41E-07,0,4.19E-07,0
24/02/2018,11,2.34,0.648289,0.648289,1.15651048,0,0.53520052,0,2.88E-22,0.017335108,0,0.015128822,0
24/02/2018,12,1.62,0.577607,0.577607,0.702482239,0,0.339910761,0,1.04E-13,1.32E-06,0,1.02E-06,0
24/02/2018,13,0.58,0.449718,0.436699963,0.096571764,0,0.046728273,0,8.11E-13,1.36E-06,0,1.04E-06,0
24/02/2018,14,0.56,0.204859,0.204859,0.239334152,0,0.115806848,0,2.16E-13,1.14E-06,0,8.95E-07,0
24/02/2018,15,0.6,0.066184,0.066184,0.359745565,0,0.174070435,0,3.34E-14,5.13E-07,0,4.01E-07,0
24/02/2018,16,0.84,0,0,0.566086957,0,0.273913043,0,2.93E-14,5.61E-07,0,4.28E-07,0
24/02/2018,17,0.69,0,0,0.465,0,0.225,0,7.73E-14,8.62E-07,0,6.75E-07,0
24/02/2018,18,0.64,0,0,0.431304348,0,0.208695652,0,4.80E-14,6.62E-07,0,5.15E-07,0
24/02/2018,19,0.55,0,0,0.370652174,0,0.179347826,0,8.40E-14,8.37E-07,0,6.49E-07,0
24/02/2018,20,0.64,0,0,0.431304348,0,0.208695652,0,4.80E-14,6.62E-07,0,5.15E-07,0
24/02/2018,21,0.52,0,0,0.350434783,0,0.169565217,0,8.97E-14,8.49E-07,0,6.61E-07,0
24/02/2018,22,0.5,0,0,0.336956522,0,0.163043478,0,9.90E-14,8.94E-07,0,7.00E-07,0
24/02/2018,23,1.57,0,0,1.058043478,0,0.511956522,0,2.29E-14,6.81E-07,0,5.19E-07,0
25/02/2018,0,1.39,0,0,0.93673913,0,0.45326087,0,2.28E-14,7.09E-07,0,5.43E-07,0
25/02/2018,1,0.42,0,0,0.283043478,0,0.136956522,0,3.20E-13,1.40E-06,0,1.09E-06,0
25/02/2018,2,0.47,0,0,0.31673913,0,0.15326087,0,1.52E-13,1.03E-06,0,7.99E-07,0
25/02/2018,3,0.47,0,0,0.31673913,0,0.15326087,0,1.52E-13,1.03E-06,0,7.99E-07,0
25/02/2018,4,0.41,0,0,0.276304348,0,0.133695652,0,9.39E-14,7.50E-07,0,5.84E-07,0
25/02/2018,5,0.41,0.01431,0.01431,0.266660652,0,0.129029348,0,7.06E-14,6.69E-07,0,5.19E-07,0
25/02/2018,6,0.44,0.261792,0.261792,0.120096696,0,0.058111304,0,3.88E-13,1.12E-06,0,8.68E-07,0
25/02/2018,7,0.5,1.169817,0.5,7.61E-15,0.578424375,0,8.58E-15,0,0,1.99E-07,0,2.29E-07
25/02/2018,8,1.08,2.172369,1.08,7.88E-15,0.964582232,0,7.00E-15,0,0,2.62E-07,0,2.97E-07
25/02/2018,9,1.3,1.822537,1.23809883,0.06190117,0.5691279,0,3.19E-14,0,0,3.27E-07,0,5.41E-07
25/02/2018,10,1.76,2.339153,1.615233669,0.144766331,0.711516454,0,2.00E-14,0,0,5.81E-07,0,5.31E-07
25/02/2018,11,1.46,2.313014,1.46,3.49E-14,0.802779107,0,8.11E-15,0,0,4.16E-07,0,3.80E-07
25/02/2018,12,0.29,2.073477,0.29,1.23E-14,1.436359143,0,1.12E-14,0,0,0.104812287,0,0.062887372
25/02/2018,13,0.37,0.770849,0.37,2.64E-14,0.351842946,0,2.51E-14,0,0,3.56E-07,0,3.93E-07
25/02/2018,14,0.36,1.149368,0.36,5.66E-15,0.663242143,0,8.08E-15,0,0,2.04E-07,0,2.58E-07
25/02/2018,15,0.4,0.570725,0.385679228,0.014320772,0.179689576,0,3.17E-14,0,0,2.44E-07,0,2.58E-07
25/02/2018,16,0.49,0,0,0.330217391,0,0.159782609,0,1.04E-13,8.89E-07,0,6.95E-07,0
25/02/2018,17,0.65,0,0,0.438043478,0,0.211956522,0,4.98E-14,6.79E-07,0,5.29E-07,0
25/02/2018,18,2.64,0,0,1.928135362,0,0.711864638,0,1.90E-25,0.157076028,0,0.137084533,0
25/02/2018,19,1.76,0,0,1.212077392,0,0.547922608,0,4.95E-20,0.027398251,0,0.023911201,0
25/02/2018,20,2.85,0,0,2.099012832,0,0.750987168,0,5.51E-25,0.188021861,0,0.164091806,0
25/02/2018,21,1.83,0,0,1.269036549,0,0.560963451,0,9.61E-21,0.037713529,0,0.032913625,0
25/02/2018,22,1.48,0,0,0.997391304,0,0.482608696,0,2.21E-14,6.85E-07,0,5.25E-07,0
25/02/2018,23,2.63,0,0,1.91999834,0,0.71000166,0,1.49E-24,0.155602417,0,0.135798473,0
26/02/2018,0,1.89,0,0,1.317858683,0,0.572141317,0,2.20E-26,0.046555195,0,0.040629988,0
26/02/2018,1,1.17,0,0,0.788478261,0,0.381521739,0,4.26E-14,8.57E-07,0,6.61E-07,0
26/02/2018,2,0.57,0,0,0.384130435,0,0.185869565,0,7.42E-14,7.91E-07,0,6.10E-07,0
26/02/2018,3,0.35,0,0,0.235869565,0,0.114130435,0,1.79E-13,9.39E-07,0,7.27E-07,0
26/02/2018,4,0.36,0,0,0.242608696,0,0.117391304,0,2.18E-13,1.07E-06,0,8.27E-07,0
26/02/2018,5,0.31,0,0,0.208913043,0,0.101086957,0,8.52E-14,5.97E-07,0,4.59E-07,0
26/02/2018,6,0.88,0.058606,0.058606,0.55354813,0,0.26784587,0,2.34E-14,5.64E-07,0,4.35E-07,0
26/02/2018,7,1.68,0.139503,0.139503,1.038161022,0,0.502335978,0,3.90E-14,9.70E-07,0,7.53E-07,0
26/02/2018,8,1.54,0.276357,0.276357,0.8515855,0,0.4120575,0,2.29E-14,6.99E-07,0,5.45E-07,0
26/02/2018,9,0.71,0.356409,0.356409,0.238289587,0,0.115301413,0,7.32E-14,6.44E-07,0,4.94E-07,0
26/02/2018,10,0.55,0.477273,0.457213731,0.062529877,0,0.030256392,0,4.81E-13,8.95E-07,0,6.98E-07,0
26/02/2018,11,0.44,0.473137,0.348643393,0.091356607,0.124493607,0,1.00E-13,0,0,5.60E-07,0,5.29E-07
26/02/2018,12,0.49,0.420294,0.403168851,0.058516644,0,0.028314505,0,5.07E-13,8.91E-07,0,7.00E-07,0
26/02/2018,13,0.4,1.190812,0.4,5.68E-15,0.667616786,0,7.81E-15,0,0,2.14E-07,0,2.58E-07
26/02/2018,14,0.61,1.018254,0.61,1.57E-13,0.377079107,0,6.62E-14,0,0,9.61E-07,0,8.17E-07
26/02/2018,15,0.39,0.267502,0.26404595,0.084882077,0,0.041071973,0,3.49E-13,9.07E-07,0,7.08E-07,0
26/02/2018,16,0.52,0,0,0.350434783,0,0.169565217,0,8.97E-14,8.49E-07,0,6.61E-07,0
26/02/2018,17,0.58,0,0,0.390869565,0,0.189130435,0,8.14E-14,8.18E-07,0,6.47E-07,0
26/02/2018,18,0.65,0,0,0.438043478,0,0.211956522,0,4.98E-14,6.79E-07,0,5.29E-07,0
26/02/2018,19,0.93,0,0,0.62673913,0,0.30326087,0,7.38E-14,9.64E-07,0,7.40E-07,0
26/02/2018,20,0.52,0,0,0.350434783,0,0.169565217,0,8.97E-14,8.49E-07,0,6.61E-07,0
26/02/2018,21,0.97,0,0,0.653695652,0,0.316304348,0,9.83E-14,1.14E-06,0,8.86E-07,0
26/02/2018,22,2.11,0,0,1.496873176,0,0.613126824,0,4.21E-20,0.078974639,0,0.068923322,0
26/02/2018,23,2.08,0,0,1.472462109,0,0.607537891,0,1.71E-19,0.074553806,0,0.06506514,0
27/02/2018,0,1.78,0,0,1.228351437,0,0.551648563,0,3.05E-25,0.030345473,0,0.026483322,0
27/02/2018,1,1.05,0,0,0.707608696,0,0.342391304,0,1.87E-14,5.54E-07,0,4.26E-07,0
27/02/2018,2,0.31,0,0,0.208913043,0,0.101086957,0,8.52E-14,5.97E-07,0,4.59E-07,0
27/02/2018,3,0.34,0,0,0.229130435,0,0.110869565,0,6.68E-14,5.46E-07,0,4.22E-07,0
27/02/2018,4,0.4,0,0,0.269565217,0,0.130434783,0,9.36E-14,7.27E-07,0,5.71E-07,0
27/02/2018,5,0.35,0,0,0.235869565,0,0.114130435,0,1.79E-13,9.39E-07,0,7.27E-07,0
27/02/2018,6,1.27,0.124337,0.124337,0.772077239,0,0.373585761,0,3.35E-14,8.23E-07,0,6.40E-07,0
27/02/2018,7,1.45,0.351133,0.351133,0.740540804,0,0.358326196,0,2.47E-14,6.57E-07,0,5.02E-07,0
27/02/2018,8,1.21,2.043919,1.21,2.10E-14,0.767345625,0,9.65E-15,0,0,4.74E-07,0,4.33E-07
27/02/2018,9,1.73,1.288458,1.257665667,0.318312268,0,0.154022065,0,2.19E-13,1.39E-06,0,1.09E-06,0
27/02/2018,10,0.89,2.010934,0.89,2.09E-15,0.972268393,0,2.25E-15,0,0,1.54E-07,0,1.29E-07
27/02/2018,11,0.42,2.620323,0.42,3.29E-23,1.749658258,0,7.25E-23,0,0,0.272302837,0,0.163381702
27/02/2018,12,0.38,2.322112,0.38,8.43E-17,1.558542197,0,1.32E-16,0,0,0.170131676,0,0.102079006
27/02/2018,13,0.63,0.410991,0.408615599,0.149193835,0,0.072190565,0,3.80E-13,1.14E-06,0,8.93E-07,0
27/02/2018,14,0.69,0.24123,0.24123,0.302431957,0,0.146338043,0,9.68E-14,8.84E-07,0,6.87E-07,0
27/02/2018,15,0.62,0.239223,0.239223,0.256610587,0,0.124166413,0,1.21E-13,9.11E-07,0,7.10E-07,0
27/02/2018,16,1.05,0,0,0.707608696,0,0.342391304,0,1.87E-14,5.54E-07,0,4.26E-07,0
27/02/2018,17,0.84,0,0,0.566086957,0,0.273913043,0,2.93E-14,5.61E-07,0,4.28E-07,0
27/02/2018,18,0.6,0,0,0.404347826,0,0.195652174,0,4.03E-14,5.74E-07,0,4.48E-07,0
27/02/2018,19,0.48,0,0,0.323478261,0,0.156521739,0,1.16E-13,9.20E-07,0,7.15E-07,0
27/02/2018,20,0.41,0,0,0.276304348,0,0.133695652,0,9.39E-14,7.50E-07,0,5.84E-07,0
27/02/2018,21,0.54,0,0,0.363913043,0,0.176086957,0,8.84E-14,8.55E-07,0,6.64E-07,0
27/02/2018,22,0.69,0,0,0.465,0,0.225,0,7.73E-14,8.62E-07,0,6.75E-07,0
27/02/2018,23,1.71,0,0,1.17139228,0,0.53860772,0,1.79E-24,0.020030195,0,0.017480898,0
28/02/2018,0,1.5,0,0,1.010869565,0,0.489130435,0,2.29E-14,6.79E-07,0,5.16E-07,0
28/02/2018,1,1.1,0,0,0.741304348,0,0.358695652,0,8.04E-14,1.18E-06,0,9.02E-07,0
28/02/2018,2,0.34,0,0,0.229130435,0,0.110869565,0,6.68E-14,5.46E-07,0,4.22E-07,0
28/02/2018,3,0.32,0,0,0.215652174,0,0.104347826,0,7.97E-14,5.84E-07,0,4.49E-07,0
28/02/2018,4,0.37,0,0,0.249347826,0,0.120652174,0,6.10E-14,5.67E-07,0,4.41E-07,0
28/02/2018,5,0.34,0,0,0.229130435,0,0.110869565,0,6.68E-14,5.46E-07,0,4.22E-07,0
28/02/2018,6,0.29,0.071287,0.071287,0.147393543,0,0.071319457,0,2.83E-13,9.59E-07,0,7.53E-07,0
28/02/2018,7,0.39,0.206049,0.206049,0.123966978,0,0.059984022,0,4.51E-13,1.11E-06,0,8.77E-07,0
28/02/2018,8,0.75,0.338002,0.338002,0.277650826,0,0.134347174,0,6.93E-14,6.78E-07,0,5.21E-07,0
28/02/2018,9,0.66,0.432589,0.42979276,0.155139662,0,0.075067578,0,3.64E-13,1.14E-06,0,8.91E-07,0
28/02/2018,10,0.32,0.477739,0.318598503,0.001401497,0.153482422,0,3.85E-14,0,0,3.18E-07,0,2.91E-07
28/02/2018,11,0.41,0.381935,0.363011862,0.031665919,0,0.015322219,0,1.78E-12,1.26E-06,0,9.82E-07,0
28/02/2018,12,2.82,0.409871,0.409871,1.741088815,0,0.669040185,0,1.08E-23,0.123201982,0,0.10752173,0
28/02/2018,13,1.89,0.3098,0.3098,1.06577373,0,0.51442627,0,8.27E-16,0.000902723,0,0.000787831,0
28/02/2018,14,4.14,0.17464,0.17464,3.006583761,0,0.958776239,0,2.12E-13,0.352382549,0,0.307533861,0
28/02/2018,15,2.25,0.052287,0.052287,1.56824544,0,0.62946756,0,2.28E-21,0.091900124,0,0.080203745,0
28/02/2018,16,0.97,0,0,0.653695652,0,0.316304348,0,9.83E-14,1.14E-06,0,8.86E-07,0
28/02/2018,17,0.86,0,0,0.579565217,0,0.280434783,0,3.12E-14,5.85E-07,0,4.46E-07,0
28/02/2018,18,0.79,0,0,0.532391304,0,0.257608696,0,3.28E-14,5.99E-07,0,4.65E-07,0
28/02/2018,19,0.72,0,0,0.485217391,0,0.234782609,0,6.24E-14,7.95E-07,0,6.22E-07,0
28/02/2018,20,0.56,0,0,0.377391304,0,0.182608696,0,7.91E-14,8.14E-07,0,6.30E-07,0
28/02/2018,21,2.09,0,0,1.480599131,0,0.609400869,0,1.09E-19,0.076027417,0,0.0663512,0
28/02/2018,22,0.68,0,0,0.45826087,0,0.22173913,0,7.13E-14,8.21E-07,0,6.42E-07,0
28/02/2018,23,1.79,0,0,1.236488459,0,0.553511541,0,4.28E-19,0.031819084,0,0.027769383,0
01/03/2018,0,1.5,0,0,1.010869565,0,0.489130435,0,2.29E-14,6.79E-07,0,5.16E-07,0
01/03/2018,1,1.13,0,0,0.761521739,0,0.368478261,0,7.57E-14,1.14E-06,0,8.70E-07,0
01/03/2018,2,0.43,0,0,0.289782609,0,0.140217391,0,1.24E-13,8.81E-07,0,6.85E-07,0
01/03/2018,3,0.34,0,0,0.229130435,0,0.110869565,0,6.68E-14,5.46E-07,0,4.22E-07,0
01/03/2018,4,0.36,0,0,0.242608696,0,0.117391304,0,2.18E-13,1.07E-06,0,8.27E-07,0
01/03/2018,5,0.39,0,0,0.262826087,0,0.127173913,0,3.46E-13,1.38E-06,0,1.08E-06,0
01/03/2018,6,0.38,0.09066,0.09066,0.19499,0,0.09435,0,8.11E-14,6.38E-07,0,4.94E-07,0
01/03/2018,7,0.9,0.241632,0.241632,0.443682783,0,0.214685217,0,2.85E-14,5.40E-07,0,4.14E-07,0
01/03/2018,8,0.69,0.368003,0.368003,0.216997978,0,0.104999022,0,1.17E-13,7.79E-07,0,6.02E-07,0
01/03/2018,9,1.45,0.371337,0.371337,0.726925065,0,0.351737935,0,2.43E-14,6.45E-07,0,4.92E-07,0
01/03/2018,10,1.79,0.501377,0.501377,0.868419848,0,0.420203152,0,5.70E-14,1.07E-06,0,8.47E-07,0
01/03/2018,11,3.16,0.500657,0.500657,1.943874805,0,0.715468195,0,5.00E-25,0.159926434,0,0.13957216,0
01/03/2018,12,2.12,0.443356,0.443356,1.144250428,0,0.532393572,0,8.47E-14,0.015114818,0,0.013191114,0
01/03/2018,13,1.21,0.341728,0.341728,0.585139826,0,0.283132174,0,3.31E-14,6.78E-07,0,5.28E-07,0
01/03/2018,14,0.35,0.204896,0.204896,0.097787478,0,0.047316522,0,5.44E-13,1.07E-06,0,8.47E-07,0
01/03/2018,15,1.54,0.104924,0.104924,0.967116435,0,0.467959565,0,6.38E-14,1.15E-06,0,8.72E-07,0
01/03/2018,16,2.19,0,0,1.561969355,0,0.628030645,0,1.27E-25,0.090763528,0,0.079211806,0
01/03/2018,17,0.73,0,0,0.491956522,0,0.238043478,0,5.13E-14,7.22E-07,0,5.65E-07,0
01/03/2018,18,1.3,0,0,0.876086957,0,0.423913043,0,2.70E-14,7.12E-07,0,5.43E-07,0
01/03/2018,19,0.53,0,0,0.357173913,0,0.172826087,0,7.95E-14,8.04E-07,0,6.26E-07,0
01/03/2018,20,0.7,0,0,0.47173913,0,0.22826087,0,7.01E-14,8.27E-07,0,6.48E-07,0
01/03/2018,21,0.6,0,0,0.404347826,0,0.195652174,0,4.03E-14,5.74E-07,0,4.48E-07,0
01/03/2018,22,0.4,0,0,0.269565217,0,0.130434783,0,9.36E-14,7.27E-07,0,5.71E-07,0
01/03/2018,23,0.61,0,0,0.411086957,0,0.198913043,0,7.71E-14,8.10E-07,0,6.32E-07,0
02/03/2018,0,0.86,0,0,0.579565217,0,0.280434783,0,3.12E-14,5.85E-07,0,4.46E-07,0
02/03/2018,1,0.45,0,0,0.30326087,0,0.14673913,0,1.90E-13,1.14E-06,0,8.86E-07,0
02/03/2018,2,0.45,0,0,0.30326087,0,0.14673913,0,1.90E-13,1.14E-06,0,8.86E-07,0
02/03/2018,3,0.41,0,0,0.276304348,0,0.133695652,0,9.39E-14,7.50E-07,0,5.84E-07,0
02/03/2018,4,0.34,0,0,0.229130435,0,0.110869565,0,6.68E-14,5.46E-07,0,4.22E-07,0
02/03/2018,5,0.37,0,0,0.249347826,0,0.120652174,0,6.10E-14,5.67E-07,0,4.41E-07,0
02/03/2018,6,0.41,0.077103,0.077103,0.22434363,0,0.10855337,0,6.94E-14,6.20E-07,0,4.77E-07,0
02/03/2018,7,0.49,0.219807,0.219807,0.182086587,0,0.088106413,0,2.80E-13,1.14E-06,0,8.87E-07,0
02/03/2018,8,0.54,0.349634,0.347999336,0.129391752,0,0.062608912,0,9.93E-14,5.58E-07,0,4.30E-07,0
02/03/2018,9,0.49,0.439876,0.419778045,0.047323491,0,0.022898463,0,6.50E-13,9.07E-07,0,7.08E-07,0
02/03/2018,10,1.55,0.484183,0.484183,0.718267978,0,0.347549022,0,2.09E-14,5.80E-07,0,4.41E-07,0
02/03/2018,11,0.34,0.479324,0.325074768,0.014925232,0.150072356,0,5.78E-14,0,0,3.27E-07,0,3.38E-07
02/03/2018,12,0.49,0.423008,0.40547083,0.05696531,0,0.02756386,0,6.26E-13,9.92E-07,0,7.84E-07,0
02/03/2018,13,0.67,0.318982,0.318982,0.236555609,0,0.114462391,0,9.25E-14,7.41E-07,0,5.72E-07,0
02/03/2018,14,0.58,0.187082,0.187082,0.264792565,0,0.128125435,0,1.57E-13,1.01E-06,0,7.83E-07,0
02/03/2018,15,0.44,0.045327,0.045327,0.265975283,0,0.128697717,0,7.32E-14,6.87E-07,0,5.29E-07,0
02/03/2018,16,0.5,0,0,0.336956522,0,0.163043478,0,9.90E-14,8.94E-07,0,7.00E-07,0
02/03/2018,17,1.45,0,0,0.977173913,0,0.472826087,0,2.58E-14,7.82E-07,0,5.97E-07,0
02/03/2018,18,1.35,0,0,0.909782609,0,0.440217391,0,2.28E-14,7.14E-07,0,5.47E-07,0
02/03/2018,19,1.41,0,0,0.950217391,0,0.459782609,0,2.32E-14,7.43E-07,0,5.72E-07,0
02/03/2018,20,0.51,0,0,0.343695652,0,0.166304348,0,9.48E-14,8.79E-07,0,6.87E-07,0
02/03/2018,21,0.39,0,0,0.262826087,0,0.127173913,0,3.46E-13,1.38E-06,0,1.08E-06,0
02/03/2018,22,0.42,0,0,0.283043478,0,0.136956522,0,3.20E-13,1.40E-06,0,1.09E-06,0
02/03/2018,23,0.75,0,0,0.505434783,0,0.244565217,0,2.58E-14,5.13E-07,0,4.03E-07,0
03/03/2018,0,1.26,0,0,0.849130435,0,0.410869565,0,2.77E-14,7.14E-07,0,5.47E-07,0
03/03/2018,1,1.15,0,0,0.775,0,0.375,0,4.69E-14,8.93E-07,0,6.89E-07,0
03/03/2018,2,1.25,0,0,0.842391304,0,0.407608696,0,2.82E-14,7.17E-07,0,5.49E-07,0
03/03/2018,3,1.08,0,0,0.727826087,0,0.352173913,0,7.98E-14,1.17E-06,0,9.01E-07,0
03/03/2018,4,1.07,0,0,0.721086957,0,0.348913043,0,7.70E-14,1.16E-06,0,8.89E-07,0
03/03/2018,5,1.08,0,0,0.727826087,0,0.352173913,0,7.98E-14,1.17E-06,0,9.01E-07,0
03/03/2018,6,1.08,0.207702,0.207702,0.587853,0,0.284445,0,4.99E-14,8.35E-07,0,6.51E-07,0
03/03/2018,7,0.56,0.678025,0.482275,0.077725,0.19575,0,2.76E-14,0,0,2.23E-07,0,2.48E-07
03/03/2018,8,1.32,0.917894,0.904298537,0.280146638,0,0.135554825,0,1.25E-13,9.01E-07,0,6.87E-07,0
03/03/2018,9,0.66,1.156975,0.66,7.05E-14,0.452390625,0,4.02E-14,0,0,6.24E-07,0,6.04E-07
03/03/2018,10,0.59,1.496239,0.59,1.73E-14,0.775638482,0,2.12E-14,0,0,5.64E-07,0,5.99E-07
03/03/2018,11,0.66,0.883391,0.608663071,0.051336929,0.26967394,0,1.98E-14,0,0,2.07E-07,0,2.37E-07
03/03/2018,12,1.3,0.62471,0.62471,0.455086739,0,0.220203261,0,2.94E-14,5.67E-07,0,4.34E-07,0
03/03/2018,13,1.28,0.811322,0.810094874,0.316675194,0,0.153229932,0,1.68E-13,1.12E-06,0,8.56E-07,0
03/03/2018,14,1.21,0.3577,0.3577,0.574376087,0,0.277923913,0,2.17E-14,5.54E-07,0,4.31E-07,0
03/03/2018,15,1,0.177208,0.177208,0.554490261,0,0.268301739,0,2.83E-14,5.92E-07,0,4.56E-07,0
03/03/2018,16,0.53,0,0,0.357173913,0,0.172826087,0,7.95E-14,8.04E-07,0,6.26E-07,0
03/03/2018,17,0.52,0,0,0.350434783,0,0.169565217,0,8.97E-14,8.49E-07,0,6.61E-07,0
03/03/2018,18,0.46,0,0,0.31,0,0.15,0,2.00E-13,1.17E-06,0,9.06E-07,0
03/03/2018,19,0.44,0,0,0.296521739,0,0.143478261,0,2.73E-13,1.35E-06,0,1.06E-06,0
03/03/2018,20,0.42,0,0,0.283043478,0,0.136956522,0,3.20E-13,1.40E-06,0,1.09E-06,0
03/03/2018,21,0.48,0,0,0.323478261,0,0.156521739,0,1.16E-13,9.20E-07,0,7.15E-07,0
03/03/2018,22,0.65,0,0,0.438043478,0,0.211956522,0,4.98E-14,6.79E-07,0,5.29E-07,0
03/03/2018,23,1.82,0,0,1.260899526,0,0.559100474,0,4.41E-20,0.036239917,0,0.031627564,0
04/03/2018,0,1.62,0,0,1.098159079,0,0.521840921,0,5.36E-20,0.006767695,0,0.005906352,0
04/03/2018,1,0.47,0,0,0.31673913,0,0.15326087,0,1.52E-13,1.03E-06,0,7.99E-07,0
04/03/2018,2,0.46,0,0,0.31,0,0.15,0,2.00E-13,1.17E-06,0,9.06E-07,0
04/03/2018,3,0.45,0,0,0.30326087,0,0.14673913,0,1.90E-13,1.14E-06,0,8.86E-07,0
04/03/2018,4,0.41,0,0,0.276304348,0,0.133695652,0,9.39E-14,7.50E-07,0,5.84E-07,0
04/03/2018,5,0.48,0,0,0.323478261,0,0.156521739,0,1.16E-13,9.20E-07,0,7.15E-07,0
04/03/2018,6,0.46,0.131423,0.131423,0.221432326,0,0.107144674,0,3.21E-13,1.30E-06,0,9.98E-07,0
04/03/2018,7,0.4,0.4588,0.331521311,0.068478689,0.127278689,0,4.65E-14,0,0,4.17E-07,0,3.66E-07
04/03/2018,8,0.74,0.427939,0.427939,0.210301978,0,0.101759022,0,2.68E-13,1.14E-06,0,8.92E-07,0
04/03/2018,9,1.07,1.468271,1.003930521,0.066069479,0.45380373,0,3.35E-14,0,0,3.71E-07,0,4.82E-07
04/03/2018,10,0.67,2.255059,0.67,3.12E-28,1.319436298,0,4.66E-28,0,0,0.042305019,0,0.025383011
04/03/2018,11,0.4,2.145979,0.4,2.46E-22,1.417045715,0,3.80E-22,0,0,0.094487276,0,0.056692366
04/03/2018,12,0.4,1.140787,0.4,6.52E-15,0.627418125,0,8.73E-15,0,0,2.20E-07,0,2.43E-07
04/03/2018,13,0.33,0.276973,0.266363085,0.042885747,0,0.020751168,0,6.91E-13,9.08E-07,0,7.13E-07,0
04/03/2018,14,0.32,0.592067,0.32,5.28E-14,0.244339554,0,3.75E-14,0,0,4.11E-07,0,4.15E-07
04/03/2018,15,0.46,0.096443,0.096443,0.245005804,0,0.118551196,0,2.71E-13,1.27E-06,0,9.78E-07,0
04/03/2018,16,0.45,0,0,0.30326087,0,0.14673913,0,1.90E-13,1.14E-06,0,8.86E-07,0
04/03/2018,17,0.51,0,0,0.343695652,0,0.166304348,0,9.48E-14,8.79E-07,0,6.87E-07,0
04/03/2018,18,0.86,0,0,0.579565217,0,0.280434783,0,3.12E-14,5.85E-07,0,4.46E-07,0
04/03/2018,19,0.68,0,0,0.45826087,0,0.22173913,0,7.13E-14,8.21E-07,0,6.42E-07,0
04/03/2018,20,0.59,0,0,0.397608696,0,0.192391304,0,8.91E-14,8.65E-07,0,6.80E-07,0
04/03/2018,21,0.52,0,0,0.350434783,0,0.169565217,0,8.97E-14,8.49E-07,0,6.61E-07,0
04/03/2018,22,1.09,0,0,0.734565217,0,0.355434783,0,7.98E-14,1.17E-06,0,9.03E-07,0
04/03/2018,23,1.86,0,0,1.293447616,0,0.566552384,0,1.23E-25,0.042134362,0,0.036771807,0
05/03/2018,0,4.99,0,0,3.840335623,0,1.149664377,0,9.40E-21,0.503374636,0,0.439308773,0
05/03/2018,1,1.49,0,0,1.004130435,0,0.485869565,0,2.20E-14,6.76E-07,0,5.17E-07,0
05/03/2018,2,0.88,0,0,0.593043478,0,0.286956522,0,2.61E-14,5.51E-07,0,4.22E-07,0
05/03/2018,3,0.4,0,0,0.269565217,0,0.130434783,0,9.36E-14,7.27E-07,0,5.71E-07,0
05/03/2018,4,0.42,0,0,0.283043478,0,0.136956522,0,3.20E-13,1.40E-06,0,1.09E-06,0
05/03/2018,5,0.4,0,0,0.269565217,0,0.130434783,0,9.36E-14,7.27E-07,0,5.71E-07,0
05/03/2018,6,0.41,0.100777,0.100777,0.208389413,0,0.100833587,0,6.23E-14,5.68E-07,0,4.39E-07,0
05/03/2018,7,0.36,0.235721,0.234231703,0.084756896,0,0.041011401,0,5.58E-13,1.11E-06,0,8.62E-07,0
05/03/2018,8,0.64,0.39814,0.39814,0.162992609,0,0.078867391,0,2.91E-13,1.06E-06,0,8.27E-07,0
05/03/2018,9,1.68,1.560233,1.483418279,0.132478986,0,0.064102735,0,2.72E-13,9.64E-07,0,7.36E-07,0
05/03/2018,10,0.62,1.6876,0.62,1.52E-14,0.907714286,0,1.98E-14,0,0,6.07E-07,0,6.23E-07
05/03/2018,11,0.69,0.419498,0.419498,0.182294826,0,0.088207174,0,1.68E-13,8.48E-07,0,6.62E-07,0
05/03/2018,12,0.85,0.375951,0.375951,0.319467804,0,0.154581196,0,3.66E-14,5.21E-07,0,4.05E-07,0
05/03/2018,13,0.49,0.271021,0.271021,0.147572804,0,0.071406196,0,2.44E-13,9.89E-07,0,7.74E-07,0
05/03/2018,14,0.37,0.139972,0.139972,0.15501887,0,0.07500913,0,7.33E-14,5.26E-07,0,4.05E-07,0
05/03/2018,15,0.37,0.042319,0.042319,0.2208285,0,0.1068525,0,1.95E-13,1.02E-06,0,7.91E-07,0
05/03/2018,16,0.36,0,0,0.242608696,0,0.117391304,0,2.18E-13,1.07E-06,0,8.27E-07,0
05/03/2018,17,0.5,0,0,0.336956522,0,0.163043478,0,9.90E-14,8.94E-07,0,7.00E-07,0
05/03/2018,18,0.52,0,0,0.350434783,0,0.169565217,0,8.97E-14,8.49E-07,0,6.61E-07,0
05/03/2018,19,0.54,0,0,0.363913043,0,0.176086957,0,8.84E-14,8.55E-07,0,6.64E-07,0
05/03/2018,20,0.82,0,0,0.552608696,0,0.267391304,0,2.64E-14,5.24E-07,0,4.04E-07,0
05/03/2018,21,1.42,0,0,0.956956522,0,0.463043478,0,2.39E-14,7.61E-07,0,5.86E-07,0
05/03/2018,22,5.66,0,0,4.385516123,0,1.274483877,0,1.40E-16,0.60210658,0,0.525474833,0
05/03/2018,23,2.98,0,0,2.204794123,0,0.775205877,0,2.09E-27,0.207178805,0,0.180810594,0
06/03/2018,0,3.5,0,0,2.627919288,0,0.872080712,0,7.67E-15,0.283806582,0,0.247685745,0
06/03/2018,1,1.53,0,0,1.031086957,0,0.498913043,0,2.03E-14,6.24E-07,0,4.74E-07,0
06/03/2018,2,1.21,0,0,0.815434783,0,0.394565217,0,3.42E-14,7.77E-07,0,5.95E-07,0
06/03/2018,3,1.23,0,0,0.828913043,0,0.401086957,0,2.88E-14,7.20E-07,0,5.55E-07,0
06/03/2018,4,1.21,0,0,0.815434783,0,0.394565217,0,3.42E-14,7.77E-07,0,5.95E-07,0
06/03/2018,5,1.17,0,0,0.788478261,0,0.381521739,0,4.26E-14,8.57E-07,0,6.61E-07,0
06/03/2018,6,1.15,0.309303,0.309303,0.566556674,0,0.274140326,0,1.22E-13,1.27E-06,0,9.82E-07,0
06/03/2018,7,2.07,0.664842,0.664842,0.946954304,0,0.458203696,0,5.95E-14,1.22E-06,0,9.65E-07,0
06/03/2018,8,1.56,1.087123,1.070700516,0.329745304,0,0.159554179,0,9.07E-14,8.65E-07,0,6.58E-07,0
06/03/2018,9,1.45,0.411579,0.411579,0.699805457,0,0.338615543,0,2.49E-14,6.39E-07,0,4.89E-07,0
06/03/2018,10,1.26,0.448823,0.448823,0.546662761,0,0.264514239,0,3.39E-14,6.86E-07,0,5.33E-07,0
06/03/2018,11,1.2,0.449676,0.449676,0.50565313,0,0.24467087,0,2.63E-14,5.63E-07,0,4.35E-07,0
06/03/2018,12,1.33,1.515816,1.097381902,0.232618098,0.418434098,0,2.49E-14,0,0,3.10E-07,0,4.02E-07
06/03/2018,13,1.3,1.994682,1.3,1.51E-13,0.662690893,0,1.49E-14,0,0,5.47E-07,0,5.02E-07
06/03/2018,14,1.26,0.67773,0.67773,0.392399348,0,0.189870652,0,3.18E-14,5.61E-07,0,4.35E-07,0
06/03/2018,15,1.15,0.41669,0.41669,0.494187174,0,0.239122826,0,7.35E-14,9.80E-07,0,7.64E-07,0
06/03/2018,16,1.24,0,0,0.835652174,0,0.404347826,0,2.88E-14,7.23E-07,0,5.53E-07,0
06/03/2018,17,1.41,0,0,0.950217391,0,0.459782609,0,2.32E-14,7.43E-07,0,5.72E-07,0
06/03/2018,18,1.38,0,0,0.93,0,0.45,0,2.17E-14,6.91E-07,0,5.29E-07,0
06/03/2018,19,1.31,0,0,0.882826087,0,0.427173913,0,3.26E-14,7.85E-07,0,5.96E-07,0
06/03/2018,20,1.31,0,0,0.882826087,0,0.427173913,0,3.26E-14,7.85E-07,0,5.96E-07,0
06/03/2018,21,1.26,0,0,0.849130435,0,0.410869565,0,2.77E-14,7.14E-07,0,5.47E-07,0
06/03/2018,22,2.11,0,0,1.496873176,0,0.613126824,0,4.21E-20,0.078974639,0,0.068923322,0
06/03/2018,23,2.68,0,0,1.960683452,0,0.719316548,0,2.20E-23,0.162970472,0,0.142228776,0
07/03/2018,0,2.17,0,0,1.54569531,0,0.62430469,0,4.91E-26,0.087816306,0,0.076639685,0
07/03/2018,1,1.22,0,0,0.822173913,0,0.397826087,0,3.24E-14,7.59E-07,0,5.83E-07,0
07/03/2018,2,1.23,0,0,0.828913043,0,0.401086957,0,2.88E-14,7.20E-07,0,5.55E-07,0
07/03/2018,3,1.25,0,0,0.842391304,0,0.407608696,0,2.82E-14,7.17E-07,0,5.49E-07,0
07/03/2018,4,1.17,0,0,0.788478261,0,0.381521739,0,4.26E-14,8.57E-07,0,6.61E-07,0
07/03/2018,5,1.13,0,0,0.761521739,0,0.368478261,0,7.57E-14,1.14E-06,0,8.70E-07,0
07/03/2018,6,1.19,0.094857,0.094857,0.738031152,0,0.357111848,0,5.20E-14,9.20E-07,0,7.14E-07,0
07/03/2018,7,1.41,0.289183,0.289183,0.755333196,0,0.365483804,0,4.70E-14,9.82E-07,0,7.66E-07,0
07/03/2018,8,1.23,2.232369,1.23,4.05E-14,0.904314375,0,2.68E-14,0,0,8.42E-07,0,7.19E-07
07/03/2018,9,1.23,2.478432,1.23,1.17E-14,1.102043571,0,1.05E-14,0,0,4.87E-07,0,4.39E-07
07/03/2018,10,1.32,2.869834,1.32,1.07E-21,1.341093384,0,1.23E-21,0,0,0.054140731,0,0.032484439
07/03/2018,11,1.4,2.30186,1.4,4.14E-14,0.837208929,0,1.53E-14,0,0,4.89E-07,0,4.90E-07
07/03/2018,12,2.55,2.348875,2.235216656,0.212136601,0,0.102646742,0,8.05E-14,6.14E-07,0,4.74E-07,0
07/03/2018,13,2.03,1.825543,1.741794309,0.194225575,0,0.093980117,0,9.01E-14,6.23E-07,0,4.78E-07,0
07/03/2018,14,2.28,1.169903,1.169903,0.748108848,0,0.361988152,0,2.17E-14,6.39E-07,0,4.83E-07,0
07/03/2018,15,0.39,0.247669,0.24722386,0.096218703,0,0.046557437,0,5.18E-13,1.14E-06,0,8.90E-07,0
07/03/2018,16,0.57,0,0,0.384130435,0,0.185869565,0,7.42E-14,7.91E-07,0,6.10E-07,0
07/03/2018,17,0.58,0,0,0.390869565,0,0.189130435,0,8.14E-14,8.18E-07,0,6.47E-07,0
07/03/2018,18,1.12,0,0,0.754782609,0,0.365217391,0,7.40E-14,1.12E-06,0,8.62E-07,0
07/03/2018,19,1.33,0,0,0.896304348,0,0.433695652,0,5.62E-14,1.11E-06,0,8.47E-07,0
07/03/2018,20,1.28,0,0,0.862608696,0,0.417391304,0,2.74E-14,7.16E-07,0,5.49E-07,0
07/03/2018,21,1.36,0,0,0.916521739,0,0.443478261,0,8.64E-14,1.37E-06,0,1.06E-06,0
07/03/2018,22,1.47,0,0,0.990652174,0,0.479347826,0,2.66E-14,7.59E-07,0,5.81E-07,0
07/03/2018,23,1.33,0,0,0.896304348,0,0.433695652,0,5.62E-14,1.11E-06,0,8.47E-07,0
08/03/2018,0,2.58,0,0,1.879313228,0,0.700686772,0,4.04E-13,0.148234361,0,0.12936817,0
08/03/2018,1,1.4,0,0,0.943478261,0,0.456521739,0,2.44E-14,7.34E-07,0,5.62E-07,0
08/03/2018,2,1.26,0,0,0.849130435,0,0.410869565,0,2.77E-14,7.14E-07,0,5.47E-07,0
08/03/2018,3,1.26,0,0,0.849130435,0,0.410869565,0,2.77E-14,7.14E-07,0,5.47E-07,0
08/03/2018,4,1.18,0,0,0.795217391,0,0.384782609,0,5.49E-14,9.75E-07,0,7.45E-07,0
08/03/2018,5,1.16,0.009322,0.009322,0.775456913,0,0.375221087,0,1.95E-14,5.85E-07,0,4.49E-07,0
08/03/2018,6,2.14,0.46431,0.46431,1.143474156,0,0.532215844,0,6.31E-15,0.014974236,0,0.013068424,0
08/03/2018,7,1.55,1.312856,1.261211604,0.194618267,0,0.094170129,0,1.28E-13,7.75E-07,0,5.95E-07,0
08/03/2018,8,1.22,1.687661,1.151111257,0.068888743,0.523656055,0,1.50E-14,0,0,2.29E-07,0,2.38E-07
08/03/2018,9,1.44,1.666902,1.201212492,0.238787508,0.465689508,0,3.22E-14,0,0,4.72E-07,0,5.23E-07
08/03/2018,10,1.35,1.532166,1.110608951,0.239391049,0.421557049,0,5.80E-14,0,0,4.09E-07,0,5.46E-07
08/03/2018,11,1.23,0.437528,0.437528,0.534057217,0,0.258414783,0,1.03E-13,1.16E-06,0,9.02E-07,0
08/03/2018,12,1.19,1.306992,0.956832,0.233168,0.35016,0,2.47E-14,0,0,3.03E-07,0,3.07E-07
08/03/2018,13,1.22,0.399455,0.399455,0.552975978,0,0.267569022,0,6.92E-14,1.00E-06,0,7.80E-07,0
08/03/2018,14,1.2,0.231253,0.231253,0.652851239,0,0.315895761,0,3.87E-14,7.88E-07,0,6.10E-07,0
08/03/2018,15,1.17,0.041499,0.041499,0.760511543,0,0.367989457,0,2.14E-14,6.37E-07,0,4.91E-07,0
08/03/2018,16,1.33,0,0,0.896304348,0,0.433695652,0,5.62E-14,1.11E-06,0,8.47E-07,0
08/03/2018,17,1.35,0,0,0.909782609,0,0.440217391,0,2.28E-14,7.14E-07,0,5.47E-07,0
08/03/2018,18,1.25,0,0,0.842391304,0,0.407608696,0,2.82E-14,7.17E-07,0,5.49E-07,0
08/03/2018,19,1.14,0,0,0.76826087,0,0.37173913,0,3.67E-14,7.78E-07,0,5.92E-07,0
08/03/2018,20,1.63,0,0,1.106296101,0,0.523703899,0,1.11E-21,0.008241307,0,0.007192413,0
08/03/2018,21,1.25,0,0,0.842391304,0,0.407608696,0,2.82E-14,7.17E-07,0,5.49E-07,0
08/03/2018,22,1.21,0,0,0.815434783,0,0.394565217,0,3.42E-14,7.77E-07,0,5.95E-07,0
08/03/2018,23,1.21,0,0,0.815434783,0,0.394565217,0,3.42E-14,7.77E-07,0,5.95E-07,0
09/03/2018,0,1.46,0,0,0.983913043,0,0.476086957,0,2.86E-14,7.97E-07,0,6.09E-07,0
09/03/2018,1,1.21,0,0,0.815434783,0,0.394565217,0,3.42E-14,7.77E-07,0,5.95E-07,0
09/03/2018,2,1.16,0,0,0.78173913,0,0.37826087,0,4.43E-14,8.71E-07,0,6.72E-07,0
09/03/2018,3,1.24,0,0,0.835652174,0,0.404347826,0,2.88E-14,7.23E-07,0,5.53E-07,0
09/03/2018,4,1.2,0,0,0.808695652,0,0.391304348,0,4.60E-14,8.90E-07,0,6.81E-07,0
09/03/2018,5,1.16,0,0,0.78173913,0,0.37826087,0,4.43E-14,8.71E-07,0,6.72E-07,0
09/03/2018,6,1.93,0.057585,0.057585,1.303549729,0,0.568865271,0,1.18E-24,0.04396385,0,0.038368451,0
09/03/2018,7,1.67,0.161475,0.161475,1.016614674,0,0.491910326,0,3.27E-14,9.43E-07,0,7.35E-07,0
09/03/2018,8,1.35,0.269185,0.269185,0.728375326,0,0.352439674,0,3.50E-14,8.38E-07,0,6.56E-07,0
09/03/2018,9,1.26,0.42729,0.42729,0.56117413,0,0.27153587,0,5.77E-14,9.10E-07,0,7.05E-07,0
09/03/2018,10,1.29,0.468177,0.468177,0.553837239,0,0.267985761,0,4.07E-14,7.50E-07,0,5.80E-07,0
09/03/2018,11,5.46,0.460617,0.460617,3.847970591,0,1.151412409,0,1.36E-15,0.504757326,0,0.440515484,0
09/03/2018,12,1.77,0.403791,0.403791,0.920706065,0,0.445502935,0,1.78E-14,6.09E-07,0,4.63E-07,0
09/03/2018,13,1.17,0.301521,0.301521,0.585279326,0,0.283199674,0,1.84E-14,5.00E-07,0,3.92E-07,0
09/03/2018,14,0.59,0.167307,0.167307,0.284858326,0,0.137834674,0,1.64E-13,1.07E-06,0,8.29E-07,0
09/03/2018,15,0.57,0.023392,0.023392,0.368366261,0,0.178241739,0,3.28E-14,5.31E-07,0,4.08E-07,0
09/03/2018,16,0.47,0,0,0.31673913,0,0.15326087,0,1.52E-13,1.03E-06,0,7.99E-07,0
09/03/2018,17,0.59,0,0,0.397608696,0,0.192391304,0,8.91E-14,8.65E-07,0,6.80E-07,0
09/03/2018,18,0.4,0,0,0.269565217,0,0.130434783,0,9.36E-14,7.27E-07,0,5.71E-07,0
09/03/2018,19,0.6,0,0,0.404347826,0,0.195652174,0,4.03E-14,5.74E-07,0,4.48E-07,0
09/03/2018,20,0.49,0,0,0.330217391,0,0.159782609,0,1.04E-13,8.89E-07,0,6.95E-07,0
09/03/2018,21,0.59,0,0,0.397608696,0,0.192391304,0,8.91E-14,8.65E-07,0,6.80E-07,0
09/03/2018,22,0.65,0,0,0.438043478,0,0.211956522,0,4.98E-14,6.79E-07,0,5.29E-07,0
09/03/2018,23,1.75,0,0,1.20394037,0,0.54605963,0,3.49E-20,0.02592464,0,0.02262514,0
10/03/2018,0,1.14,0,0,0.76826087,0,0.37173913,0,3.67E-14,7.78E-07,0,5.92E-07,0
10/03/2018,1,0.53,0,0,0.357173913,0,0.172826087,0,7.95E-14,8.04E-07,0,6.26E-07,0
10/03/2018,2,0.51,0,0,0.343695652,0,0.166304348,0,9.48E-14,8.79E-07,0,6.87E-07,0
10/03/2018,3,0.49,0,0,0.330217391,0,0.159782609,0,1.04E-13,8.89E-07,0,6.95E-07,0
10/03/2018,4,0.44,0,0,0.296521739,0,0.143478261,0,2.73E-13,1.35E-06,0,1.06E-06,0
10/03/2018,5,0.42,0,0,0.283043478,0,0.136956522,0,3.20E-13,1.40E-06,0,1.09E-06,0
10/03/2018,6,0.45,0.033399,0.033399,0.280752848,0,0.135848152,0,5.61E-14,6.16E-07,0,4.76E-07,0
10/03/2018,7,0.68,0.141289,0.141289,0.36304437,0,0.17566663,0,6.43E-14,7.76E-07,0,6.03E-07,0
10/03/2018,8,0.8,0.302579,0.302579,0.3352185,0,0.1622025,0,4.79E-14,6.26E-07,0,4.82E-07,0
10/03/2018,9,0.68,0.395597,0.395597,0.191662891,0,0.092740109,0,2.36E-13,1.04E-06,0,8.07E-07,0
10/03/2018,10,1.56,0.441665,0.441665,0.753660543,0,0.364674457,0,2.30E-14,6.28E-07,0,4.78E-07,0
10/03/2018,11,0.44,0.434272,0.410261438,0.020041205,0,0.009697357,0,9.55E-13,6.83E-07,0,5.22E-07,0
10/03/2018,12,0.64,0.377572,0.377572,0.176853652,0,0.085574348,0,2.06E-13,9.22E-07,0,7.14E-07,0
10/03/2018,13,0.54,0.275676,0.275676,0.178131391,0,0.086192609,0,1.53E-13,8.56E-07,0,6.68E-07,0
10/03/2018,14,0.54,0.140719,0.140719,0.269080674,0,0.130200326,0,1.49E-13,9.63E-07,0,7.51E-07,0
10/03/2018,15,0.77,0.289472,0.289472,0.323834087,0,0.156693913,0,6.02E-14,6.93E-07,0,5.33E-07,0
10/03/2018,16,0.46,0,0,0.31,0,0.15,0,2.00E-13,1.17E-06,0,9.06E-07,0
10/03/2018,17,0.52,0,0,0.350434783,0,0.169565217,0,8.97E-14,8.49E-07,0,6.61E-07,0
10/03/2018,18,0.58,0,0,0.390869565,0,0.189130435,0,8.14E-14,8.18E-07,0,6.47E-07,0
10/03/2018,19,0.51,0,0,0.343695652,0,0.166304348,0,9.48E-14,8.79E-07,0,6.87E-07,0
10/03/2018,20,0.54,0,0,0.363913043,0,0.176086957,0,8.84E-14,8.55E-07,0,6.64E-07,0
10/03/2018,21,0.64,0,0,0.431304348,0,0.208695652,0,4.80E-14,6.62E-07,0,5.15E-07,0
10/03/2018,22,1.11,0,0,0.748043478,0,0.361956522,0,8.00E-14,1.17E-06,0,8.99E-07,0
10/03/2018,23,1.27,0,0,0.855869565,0,0.414130435,0,2.81E-14,7.21E-07,0,5.52E-07,0
11/03/2018,0,0.7,0,0,0.47173913,0,0.22826087,0,7.01E-14,8.27E-07,0,6.48E-07,0
11/03/2018,1,0.68,0,0,0.45826087,0,0.22173913,0,7.13E-14,8.21E-07,0,6.42E-07,0
11/03/2018,3,0.5,0,0,0.336956522,0,0.163043478,0,9.90E-14,8.94E-07,0,7.00E-07,0
11/03/2018,4,0.45,0,0,0.30326087,0,0.14673913,0,1.90E-13,1.14E-06,0,8.86E-07,0
11/03/2018,5,0.37,0,0,0.249347826,0,0.120652174,0,6.10E-14,5.67E-07,0,4.41E-07,0
11/03/2018,6,0.38,0,0,0.256086957,0,0.123913043,0,3.49E-13,1.35E-06,0,1.06E-06,0
11/03/2018,7,0.4,0.080731,0.080731,0.215159543,0,0.104109457,0,7.95E-14,6.54E-07,0,5.05E-07,0
11/03/2018,8,0.67,0.149666,0.149666,0.35065987,0,0.16967413,0,6.89E-14,7.78E-07,0,6.06E-07,0
11/03/2018,9,0.54,1.010928,0.54,6.70E-14,0.421817143,0,4.94E-14,0,0,3.95E-07,0,5.07E-07
11/03/2018,10,0.57,1.529786,0.57,1.63E-14,0.817060179,0,2.10E-14,0,0,5.73E-07,0,6.07E-07
11/03/2018,11,0.54,1.419746,0.54,1.98E-14,0.750331607,0,2.49E-14,0,0,5.03E-07,0,5.61E-07
11/03/2018,12,0.38,0.900729,0.38,3.71E-14,0.448978661,0,4.25E-14,0,0,8.03E-07,0,6.97E-07
11/03/2018,13,0.45,1.027208,0.45,4.52E-14,0.499988571,0,4.94E-14,0,0,5.41E-07,0,5.76E-07
11/03/2018,14,0.45,1.519515,0.45,1.38E-14,0.895592411,0,2.03E-14,0,0,5.36E-07,0,5.76E-07
11/03/2018,15,0.43,0.929374,0.43,2.29E-14,0.43583625,0,2.32E-14,0,0,5.87E-07,0,5.06E-07
11/03/2018,16,0.44,0.139379,0.139379,0.202592413,0,0.098028587,0,3.50E-13,1.29E-06,0,9.97E-07,0
11/03/2018,17,0.59,0,0,0.397608696,0,0.192391304,0,8.91E-14,8.65E-07,0,6.80E-07,0
11/03/2018,18,0.53,0,0,0.357173913,0,0.172826087,0,7.95E-14,8.04E-07,0,6.26E-07,0
11/03/2018,19,0.58,0,0,0.390869565,0,0.189130435,0,8.14E-14,8.18E-07,0,6.47E-07,0
11/03/2018,20,0.62,0,0,0.417826087,0,0.202173913,0,7.85E-14,8.25E-07,0,6.43E-07,0
11/03/2018,21,0.74,0,0,0.498695652,0,0.241304348,0,1.49E-13,1.26E-06,0,9.82E-07,0
11/03/2018,22,0.46,0,0,0.31,0,0.15,0,2.00E-13,1.17E-06,0,9.06E-07,0
11/03/2018,23,0.49,0,0,0.330217391,0,0.159782609,0,1.04E-13,8.89E-07,0,6.95E-07,0
12/03/2018,0,0.58,0,0,0.390869565,0,0.189130435,0,8.14E-14,8.18E-07,0,6.47E-07,0
12/03/2018,1,1.27,0,0,0.855869565,0,0.414130435,0,2.81E-14,7.21E-07,0,5.52E-07,0
12/03/2018,2,1.02,0,0,0.687391304,0,0.332608696,0,2.23E-14,5.86E-07,0,4.56E-07,0
12/03/2018,3,0.42,0,0,0.283043478,0,0.136956522,0,3.20E-13,1.40E-06,0,1.09E-06,0
12/03/2018,4,0.51,0,0,0.343695652,0,0.166304348,0,9.48E-14,8.79E-07,0,6.87E-07,0
12/03/2018,5,0.36,0,0,0.242608696,0,0.117391304,0,2.18E-13,1.07E-06,0,8.27E-07,0
12/03/2018,6,0.37,0,0,0.249347826,0,0.120652174,0,6.10E-14,5.67E-07,0,4.41E-07,0
12/03/2018,7,0.51,0.205137,0.205137,0.205451152,0,0.099411848,0,2.20E-13,1.06E-06,0,8.26E-07,0
12/03/2018,8,0.46,0.750092,0.46,6.99E-14,0.270073929,0,2.38E-14,0,0,3.24E-07,0,3.31E-07
12/03/2018,9,0.63,1.58098,0.63,1.91E-14,0.814805357,0,2.32E-14,0,0,6.16E-07,0,6.19E-07
12/03/2018,10,0.38,2.432762,0.38,2.18E-14,1.639190958,0,3.55E-14,0,0,0.213246721,0,0.127948032
12/03/2018,11,0.37,1.801055,0.37,1.62E-14,1.179687054,0,2.67E-14,0,0,9.19E-07,0,8.94E-07
12/03/2018,12,0.64,2.605366,0.64,7.07E-24,1.594441646,0,6.15E-24,0,0,0.189323619,0,0.113594171
12/03/2018,13,1.07,2.257168,1.07,1.83E-14,1.039956429,0,1.78E-14,0,0,3.19E-07,0,5.49E-07
12/03/2018,14,0.53,1.857267,0.53,1.29E-14,1.109143125,0,1.93E-14,0,0,8.93E-07,0,7.73E-07
12/03/2018,15,0.34,1.250658,0.34,2.63E-14,0.759100179,0,4.00E-14,0,0,4.66E-07,0,6.20E-07
12/03/2018,16,0.35,0.343978,0.325101192,0.016779631,0,0.008119176,0,1.43E-12,7.93E-07,0,6.16E-07,0
12/03/2018,17,0.51,0,0,0.343695652,0,0.166304348,0,9.48E-14,8.79E-07,0,6.87E-07,0
12/03/2018,18,0.6,0,0,0.404347826,0,0.195652174,0,4.03E-14,5.74E-07,0,4.48E-07,0
12/03/2018,19,1.58,0,0,1.065610989,0,0.514389011,0,9.54E-17,0.000873251,0,0.00076211,0
12/03/2018,20,1.58,0,0,1.065610989,0,0.514389011,0,9.54E-17,0.000873251,0,0.00076211,0
12/03/2018,21,1.6,0,0,1.081885034,0,0.518114966,0,9.87E-23,0.003820473,0,0.003334231,0
12/03/2018,22,1.67,0,0,1.138844191,0,0.531155809,0,5.15E-24,0.014135751,0,0.012336655,0
12/03/2018,23,0.81,0,0,0.545869565,0,0.264130435,0,2.69E-14,5.42E-07,0,4.19E-07,0
13/03/2018,0,0.75,0,0,0.505434783,0,0.244565217,0,2.58E-14,5.13E-07,0,4.03E-07,0
13/03/2018,1,0.77,0,0,0.518913043,0,0.251086957,0,1.67E-13,1.32E-06,0,1.03E-06,0
13/03/2018,2,0.41,0,0,0.276304348,0,0.133695652,0,9.39E-14,7.50E-07,0,5.84E-07,0
13/03/2018,3,0.36,0,0,0.242608696,0,0.117391304,0,2.18E-13,1.07E-06,0,8.27E-07,0
13/03/2018,4,0.33,0,0,0.222391304,0,0.107608696,0,6.52E-14,5.31E-07,0,4.09E-07,0
13/03/2018,5,0.42,0,0,0.283043478,0,0.136956522,0,3.20E-13,1.40E-06,0,1.09E-06,0
13/03/2018,6,0.33,0,0,0.222391304,0,0.107608696,0,6.52E-14,5.31E-07,0,4.09E-07,0
13/03/2018,7,0.41,0.027789,0.027789,0.257576978,0,0.124634022,0,1.71E-13,1.04E-06,0,8.03E-07,0
13/03/2018,8,0.39,0.927535,0.39,3.20E-14,0.463287054,0,3.68E-14,0,0,7.65E-07,0,6.72E-07
13/03/2018,9,0.62,0.299493,0.299493,0.215993848,0,0.104513152,0,1.26E-13,8.43E-07,0,6.55E-07,0
13/03/2018,10,0.55,0.392272,0.385117001,0.111116804,0,0.053766195,0,4.45E-13,1.07E-06,0,8.32E-07,0
13/03/2018,11,0.43,1.55026,0.43,5.97E-15,0.9347625,0,9.00E-15,0,0,4.94E-07,0,4.27E-07
13/03/2018,12,0.44,0.423793,0.401373288,0.026031045,0,0.012595667,0,6.95E-13,6.57E-07,0,5.03E-07,0
13/03/2018,13,3.44,0.484672,0.484672,2.184718462,0,0.770609538,0,1.83E-15,0.203543112,0,0.177637625,0
13/03/2018,14,1.74,0.267432,0.267432,0.992382783,0,0.480185217,0,1.39E-14,5.55E-07,0,4.24E-07,0
13/03/2018,15,1.14,0.13416,0.13416,0.677848696,0,0.327991304,0,2.68E-14,6.52E-07,0,5.03E-07,0
13/03/2018,16,0.46,0.011628,0.011628,0.302163739,0,0.146208261,0,7.52E-14,7.39E-07,0,5.73E-07,0
13/03/2018,17,0.51,0,0,0.343695652,0,0.166304348,0,9.48E-14,8.79E-07,0,6.87E-07,0
13/03/2018,18,2.66,0,0,1.944409407,0,0.715590593,0,1.08E-24,0.16002325,0,0.139656654,0
13/03/2018,19,1.65,0,0,1.122570146,0,0.527429854,0,9.56E-23,0.011188529,0,0.009764534,0
13/03/2018,20,0.48,0,0,0.323478261,0,0.156521739,0,1.16E-13,9.20E-07,0,7.15E-07,0
13/03/2018,21,0.54,0,0,0.363913043,0,0.176086957,0,8.84E-14,8.55E-07,0,6.64E-07,0
13/03/2018,22,0.6,0,0,0.404347826,0,0.195652174,0,4.03E-14,5.74E-07,0,4.48E-07,0
13/03/2018,23,0.41,0,0,0.276304348,0,0.133695652,0,9.39E-14,7.50E-07,0,5.84E-07,0
14/03/2018,0,1.07,0,0,0.721086957,0,0.348913043,0,7.70E-14,1.16E-06,0,8.89E-07,0
14/03/2018,1,1.2,0,0,0.808695652,0,0.391304348,0,4.60E-14,8.90E-07,0,6.81E-07,0
14/03/2018,2,1.18,0,0,0.795217391,0,0.384782609,0,5.49E-14,9.75E-07,0,7.45E-07,0
14/03/2018,3,1.17,0,0,0.788478261,0,0.381521739,0,4.26E-14,8.57E-07,0,6.61E-07,0
14/03/2018,4,1.05,0,0,0.707608696,0,0.342391304,0,1.87E-14,5.54E-07,0,4.26E-07,0
14/03/2018,5,1.15,0,0,0.775,0,0.375,0,4.69E-14,8.93E-07,0,6.89E-07,0
14/03/2018,6,0.99,0,0,0.667173913,0,0.322826087,0,9.41E-14,1.15E-06,0,8.90E-07,0
14/03/2018,7,1.07,0.029857,0.029857,0.700965935,0,0.339177065,0,2.96E-14,7.02E-07,0,5.43E-07,0
14/03/2018,8,1.06,0.14085,0.14085,0.619427174,0,0.299722826,0,1.17E-13,1.26E-06,0,9.68E-07,0
14/03/2018,9,0.39,0.307356,0.297849588,0.062101364,0,0.030049047,0,3.99E-13,8.12E-07,0,6.33E-07,0
14/03/2018,10,1.56,0.396849,0.396849,0.78386263,0,0.37928837,0,2.05E-14,6.01E-07,0,4.57E-07,0
14/03/2018,11,1.41,0.443968,0.443968,0.651021565,0,0.315010435,0,2.82E-14,6.61E-07,0,5.07E-07,0
14/03/2018,12,0.43,0.439155,0.328914836,0.101085164,0.110240164,0,1.25E-13,0,0,5.22E-07,0,5.29E-07
14/03/2018,13,0.34,0.382091,0.277783951,0.062216049,0.104307049,0,9.53E-14,0,0,4.74E-07,0,4.42E-07
14/03/2018,14,0.34,0.278344,0.268478623,0.048199189,0,0.023322188,0,5.68E-13,8.75E-07,0,6.87E-07,0
14/03/2018,15,0.71,0.147484,0.147484,0.37908687,0,0.18342913,0,7.17E-14,8.41E-07,0,6.53E-07,0
14/03/2018,16,0.73,0.008612,0.008612,0.486152783,0,0.235235217,0,6.45E-14,8.25E-07,0,6.40E-07,0
14/03/2018,17,0.64,0,0,0.431304348,0,0.208695652,0,4.80E-14,6.62E-07,0,5.15E-07,0
14/03/2018,18,0.51,0,0,0.343695652,0,0.166304348,0,9.48E-14,8.79E-07,0,6.87E-07,0
14/03/2018,19,0.55,0,0,0.370652174,0,0.179347826,0,8.40E-14,8.37E-07,0,6.49E-07,0
14/03/2018,20,1.2,0,0,0.808695652,0,0.391304348,0,4.60E-14,8.90E-07,0,6.81E-07,0
14/03/2018,21,1.34,0,0,0.903043478,0,0.436956522,0,2.04E-14,6.78E-07,0,5.19E-07,0
14/03/2018,22,1.36,0,0,0.916521739,0,0.443478261,0,8.64E-14,1.37E-06,0,1.06E-06,0
14/03/2018,23,1.7,0,0,1.163255258,0,0.536744742,0,1.23E-23,0.018556584,0,0.016194837,0
15/03/2018,0,2.04,0,0,1.439914019,0,0.600085981,0,3.92E-18,0.068659362,0,0.059920897,0
15/03/2018,1,2.13,0,0,1.51314722,0,0.61685278,0,5.83E-20,0.081921862,0,0.071495443,0
15/03/2018,2,1.99,0,0,1.399228907,0,0.590771093,0,8.80E-19,0.061291306,0,0.053490594,0
15/03/2018,3,1.95,0,0,1.366680817,0,0.583319183,0,4.93E-20,0.055396862,0,0.048346352,0
15/03/2018,4,1.89,0,0,1.317858683,0,0.572141317,0,2.20E-26,0.046555195,0,0.040629988,0
15/03/2018,5,1.97,0,0,1.382954862,0,0.587045138,0,3.20E-19,0.058344084,0,0.050918473,0
15/03/2018,6,1.85,0,0,1.285310594,0,0.564689406,0,6.81E-24,0.040660751,0,0.035485746,0
15/03/2018,7,1.79,0.012768,0.012768,1.226099109,0,0.551132891,0,1.33E-16,0.029937577,0,0.02612734,0
15/03/2018,8,1.45,0.073206,0.073206,0.927839435,0,0.448954565,0,2.50E-14,7.67E-07,0,5.94E-07,0
15/03/2018,9,1.37,0.153899,0.153899,0.819546326,0,0.396554674,0,2.89E-14,7.78E-07,0,6.03E-07,0
15/03/2018,10,1.18,0.18796,0.18796,0.668548696,0,0.323491304,0,2.70E-14,6.51E-07,0,5.03E-07,0
15/03/2018,11,1.3,0.199906,0.199906,0.741367696,0,0.358726304,0,4.17E-14,8.34E-07,0,6.42E-07,0
15/03/2018,12,1.16,0.197756,0.197756,0.648468783,0,0.313775217,0,9.07E-14,1.14E-06,0,8.91E-07,0
15/03/2018,13,1.23,0.172631,0.172631,0.712574761,0,0.344794239,0,2.10E-14,5.85E-07,0,4.47E-07,0
15/03/2018,14,1.31,0.127911,0.127911,0.796625196,0,0.385463804,0,4.09E-14,9.39E-07,0,7.33E-07,0
15/03/2018,15,1.25,0.193125,0.193125,0.712241848,0,0.344633152,0,6.17E-14,1.11E-06,0,8.62E-07,0
15/03/2018,16,0.84,0,0,0.566086957,0,0.273913043,0,2.93E-14,5.61E-07,0,4.28E-07,0
15/03/2018,17,1.24,0,0,0.835652174,0,0.404347826,0,2.88E-14,7.23E-07,0,5.53E-07,0
15/03/2018,18,0.75,0,0,0.505434783,0,0.244565217,0,2.58E-14,5.13E-07,0,4.03E-07,0
15/03/2018,19,0.54,0,0,0.363913043,0,0.176086957,0,8.84E-14,8.55E-07,0,6.64E-07,0
15/03/2018,20,0.68,0,0,0.45826087,0,0.22173913,0,7.13E-14,8.21E-07,0,6.42E-07,0
15/03/2018,21,0.57,0,0,0.384130435,0,0.185869565,0,7.42E-14,7.91E-07,0,6.10E-07,0
15/03/2018,22,0.57,0,0,0.384130435,0,0.185869565,0,7.42E-14,7.91E-07,0,6.10E-07,0
15/03/2018,23,0.84,0,0,0.566086957,0,0.273913043,0,2.93E-14,5.61E-07,0,4.28E-07,0
16/03/2018,0,1.12,0,0,0.754782609,0,0.365217391,0,7.40E-14,1.12E-06,0,8.62E-07,0
16/03/2018,1,0.49,0,0,0.330217391,0,0.159782609,0,1.04E-13,8.89E-07,0,6.95E-07,0
16/03/2018,2,0.49,0,0,0.330217391,0,0.159782609,0,1.04E-13,8.89E-07,0,6.95E-07,0
16/03/2018,3,0.47,0,0,0.31673913,0,0.15326087,0,1.52E-13,1.03E-06,0,7.99E-07,0
16/03/2018,4,0.51,0,0,0.343695652,0,0.166304348,0,9.48E-14,8.79E-07,0,6.87E-07,0
16/03/2018,5,0.4,0,0,0.269565217,0,0.130434783,0,9.36E-14,7.27E-07,0,5.71E-07,0
16/03/2018,6,0.38,0,0,0.256086957,0,0.123913043,0,3.49E-13,1.35E-06,0,1.06E-06,0
16/03/2018,7,0.36,0,0,0.242608696,0,0.117391304,0,2.18E-13,1.07E-06,0,8.27E-07,0
16/03/2018,8,0.8,0.068811,0.068811,0.492757804,0,0.238431196,0,2.25E-14,5.14E-07,0,3.95E-07,0
16/03/2018,9,0.61,0.136702,0.136702,0.318961696,0,0.154336304,0,7.40E-14,7.95E-07,0,6.21E-07,0
16/03/2018,10,0.65,0.187464,0.187464,0.311709043,0,0.150826957,0,1.02E-13,9.17E-07,0,7.14E-07,0
16/03/2018,11,0.57,0.199927,0.199927,0.249397022,0,0.120675978,0,1.89E-13,1.09E-06,0,8.46E-07,0
16/03/2018,12,0.48,0.196744,0.196744,0.190889913,0,0.092366087,0,2.28E-13,1.00E-06,0,7.91E-07,0
16/03/2018,13,0.51,0.193631,0.193631,0.213205196,0,0.103163804,0,1.94E-13,9.93E-07,0,7.78E-07,0
16/03/2018,14,0.63,0.156588,0.156588,0.319038522,0,0.154373478,0,1.13E-13,9.39E-07,0,7.29E-07,0
16/03/2018,15,0.43,0.14479,0.14479,0.192206739,0,0.093003261,0,3.69E-13,1.29E-06,0,9.96E-07,0
16/03/2018,16,0.41,0,0,0.276304348,0,0.133695652,0,9.39E-14,7.50E-07,0,5.84E-07,0
16/03/2018,17,0.36,0,0,0.242608696,0,0.117391304,0,2.18E-13,1.07E-06,0,8.27E-07,0
16/03/2018,18,0.35,0,0,0.235869565,0,0.114130435,0,1.79E-13,9.39E-07,0,7.27E-07,0
16/03/2018,19,0.43,0,0,0.289782609,0,0.140217391,0,1.24E-13,8.81E-07,0,6.85E-07,0
16/03/2018,20,0.52,0,0,0.350434783,0,0.169565217,0,8.97E-14,8.49E-07,0,6.61E-07,0
16/03/2018,21,0.47,0,0,0.31673913,0,0.15326087,0,1.52E-13,1.03E-06,0,7.99E-07,0
16/03/2018,22,0.67,0,0,0.451521739,0,0.218478261,0,7.63E-14,8.42E-07,0,6.59E-07,0
16/03/2018,23,0.48,0,0,0.323478261,0,0.156521739,0,1.16E-13,9.20E-07,0,7.15E-07,0
17/03/2018,0,0.79,0,0,0.532391304,0,0.257608696,0,3.28E-14,5.99E-07,0,4.65E-07,0
17/03/2018,1,0.39,0,0,0.262826087,0,0.127173913,0,3.46E-13,1.38E-06,0,1.08E-06,0
17/03/2018,2,0.42,0,0,0.283043478,0,0.136956522,0,3.20E-13,1.40E-06,0,1.09E-06,0
17/03/2018,3,0.4,0,0,0.269565217,0,0.130434783,0,9.36E-14,7.27E-07,0,5.71E-07,0
17/03/2018,4,0.34,0,0,0.229130435,0,0.110869565,0,6.68E-14,5.46E-07,0,4.22E-07,0
17/03/2018,5,0.33,0,0,0.222391304,0,0.107608696,0,6.52E-14,5.31E-07,0,4.09E-07,0
17/03/2018,6,0.34,0,0,0.229130435,0,0.110869565,0,6.68E-14,5.46E-07,0,4.22E-07,0
17/03/2018,7,0.66,0.327745,0.327745,0.223910978,0,0.108344022,0,9.06E-14,7.11E-07,0,5.48E-07,0
17/03/2018,8,0.58,1.217294,0.58,5.78E-14,0.558718393,0,5.58E-14,0,0,6.74E-07,0,7.60E-07
17/03/2018,9,0.53,1.996523,0.53,7.88E-15,1.221045268,0,1.21E-14,0,0,5.39E-07,0,5.28E-07
17/03/2018,10,0.56,1.986926,0.56,8.88E-15,1.191636964,0,1.33E-14,0,0,5.73E-07,0,5.43E-07
17/03/2018,11,0.56,1.445155,0.56,1.98E-14,0.756285268,0,2.46E-14,0,0,5.39E-07,0,5.83E-07
17/03/2018,12,0.44,1.961359,0.44,6.83E-18,1.256243822,0,1.09E-17,0,0,0.008522151,0,0.005113291
17/03/2018,13,0.61,2.168894,0.61,1.12E-17,1.295992399,0,1.59E-17,0,0,0.029771848,0,0.017863109
17/03/2018,14,0.53,1.608269,0.53,1.59E-14,0.909055446,0,2.22E-14,0,0,6.09E-07,0,6.34E-07
17/03/2018,15,0.46,1.046886,0.46,4.58E-14,0.508569107,0,4.99E-14,0,0,6.02E-07,0,6.13E-07
17/03/2018,16,0.4,0.176746,0.176746,0.150453783,0,0.072800217,0,4.12E-13,1.17E-06,0,9.16E-07,0
17/03/2018,17,0.47,0,0,0.31673913,0,0.15326087,0,1.52E-13,1.03E-06,0,7.99E-07,0
17/03/2018,18,0.62,0,0,0.417826087,0,0.202173913,0,7.85E-14,8.25E-07,0,6.43E-07,0
17/03/2018,19,1.36,0,0,0.916521739,0,0.443478261,0,8.64E-14,1.37E-06,0,1.06E-06,0
17/03/2018,20,3.99,0,0,3.026633385,0,0.963366615,0,1.47E-12,0.356013526,0,0.310702714,0
17/03/2018,21,0.92,0,0,0.62,0,0.3,0,4.39E-14,7.38E-07,0,5.66E-07,0
17/03/2018,22,0.55,0,0,0.370652174,0,0.179347826,0,8.40E-14,8.37E-07,0,6.49E-07,0
17/03/2018,23,0.46,0,0,0.31,0,0.15,0,2.00E-13,1.17E-06,0,9.06E-07,0
18/03/2018,0,1.42,0,0,0.956956522,0,0.463043478,0,2.39E-14,7.61E-07,0,5.86E-07,0
18/03/2018,1,1.42,0,0,0.956956522,0,0.463043478,0,2.39E-14,7.61E-07,0,5.86E-07,0
18/03/2018,2,0.88,0,0,0.593043478,0,0.286956522,0,2.61E-14,5.51E-07,0,4.22E-07,0
18/03/2018,3,0.48,0,0,0.323478261,0,0.156521739,0,1.16E-13,9.20E-07,0,7.15E-07,0
18/03/2018,4,0.38,0,0,0.256086957,0,0.123913043,0,3.49E-13,1.35E-06,0,1.06E-06,0
18/03/2018,5,0.35,0,0,0.235869565,0,0.114130435,0,1.79E-13,9.39E-07,0,7.27E-07,0
18/03/2018,6,0.42,0,0,0.283043478,0,0.136956522,0,3.20E-13,1.40E-06,0,1.09E-06,0
18/03/2018,7,0.48,0.14449,0.14449,0.226104565,0,0.109405435,0,2.50E-13,1.11E-06,0,8.62E-07,0
18/03/2018,8,0.58,0.563515,0.533221082,0.031524923,0,0.015253995,0,4.03E-13,5.45E-07,0,4.18E-07,0
18/03/2018,9,0.73,0.902829,0.637931002,0.092068998,0.264126776,0,3.82E-14,0,0,3.77E-07,0,4.14E-07
18/03/2018,10,2.5,1.758374,1.729598107,0.519183884,0,0.251218009,0,3.63E-14,6.57E-07,0,4.99E-07,0
18/03/2018,11,0.82,2.222212,0.82,8.20E-15,1.192670357,0,1.06E-14,0,0,4.29E-07,0,4.47E-07
18/03/2018,12,0.51,2.461148,0.51,7.93E-13,1.574603436,0,1.72E-12,0,0,0.178718058,0,0.107230835
18/03/2018,13,0.43,1.856843,0.43,1.55E-14,1.181123839,0,2.48E-14,0,0,7.68E-07,0,7.85E-07
18/03/2018,14,0.5,1.139893,0.5,5.30E-14,0.554378304,0,5.78E-14,0,0,6.70E-07,0,7.21E-07
18/03/2018,15,0.43,0.913119,0.43,2.74E-14,0.422774196,0,2.69E-14,0,0,8.15E-07,0,6.15E-07
18/03/2018,16,0.42,0.127139,0.127139,0.197362848,0,0.095498152,0,3.88E-13,1.37E-06,0,1.05E-06,0
18/03/2018,17,0.48,0,0,0.323478261,0,0.156521739,0,1.16E-13,9.20E-07,0,7.15E-07,0
18/03/2018,18,0.5,0,0,0.336956522,0,0.163043478,0,9.90E-14,8.94E-07,0,7.00E-07,0
18/03/2018,19,0.53,0,0,0.357173913,0,0.172826087,0,7.95E-14,8.04E-07,0,6.26E-07,0
18/03/2018,20,0.52,0,0,0.350434783,0,0.169565217,0,8.97E-14,8.49E-07,0,6.61E-07,0
18/03/2018,21,0.71,0,0,0.478478261,0,0.231521739,0,7.02E-14,8.36E-07,0,6.52E-07,0
18/03/2018,22,0.97,0,0,0.653695652,0,0.316304348,0,9.83E-14,1.14E-06,0,8.86E-07,0
18/03/2018,23,1.3,0,0,0.876086957,0,0.423913043,0,2.70E-14,7.12E-07,0,5.43E-07,0
19/03/2018,0,3.56,0,0,2.676741422,0,0.883258578,0,6.66E-20,0.292648249,0,0.255402108,0
19/03/2018,1,1.38,0,0,0.93,0,0.45,0,2.17E-14,6.91E-07,0,5.29E-07,0
19/03/2018,2,0.72,0,0,0.485217391,0,0.234782609,0,6.24E-14,7.95E-07,0,6.22E-07,0
19/03/2018,3,0.41,0,0,0.276304348,0,0.133695652,0,9.39E-14,7.50E-07,0,5.84E-07,0
19/03/2018,4,0.35,0,0,0.235869565,0,0.114130435,0,1.79E-13,9.39E-07,0,7.27E-07,0
19/03/2018,5,0.35,0,0,0.235869565,0,0.114130435,0,1.79E-13,9.39E-07,0,7.27E-07,0
19/03/2018,6,0.35,0,0,0.235869565,0,0.114130435,0,1.79E-13,9.39E-07,0,7.27E-07,0
19/03/2018,7,0.48,0.006853,0.006853,0.318859935,0,0.154287065,0,9.50E-14,7.95E-07,0,6.18E-07,0
19/03/2018,8,0.71,0.677353,0.642161733,0.045717093,0,0.022121174,0,4.53E-13,7.30E-07,0,5.70E-07,0
19/03/2018,9,0.53,0.320849,0.320849,0.140949587,0,0.068201413,0,1.39E-13,6.99E-07,0,5.40E-07,0
19/03/2018,10,1.59,1.272512,1.230803049,0.242067511,0,0.117129441,0,2.19E-13,1.19E-06,0,9.26E-07,0
19/03/2018,11,0.4,1.748353,0.4,1.50E-14,1.115640804,0,2.41E-14,0,0,8.87E-07,0,7.76E-07
19/03/2018,12,0.53,1.461008,0.53,1.98E-14,0.790720714,0,2.59E-14,0,0,5.17E-07,0,5.69E-07
19/03/2018,13,0.47,1.546262,0.47,1.30E-14,0.90262125,0,1.89E-14,0,0,5.45E-07,0,5.83E-07
19/03/2018,14,0.43,1.338663,0.43,2.77E-14,0.764729196,0,3.91E-14,0,0,4.80E-07,0,6.01E-07
19/03/2018,15,0.39,0.591631,0.39,6.64E-13,0.193364196,0,3.10E-14,0,0,2.96E-07,0,2.86E-07
19/03/2018,16,0.46,0.054759,0.054759,0.273097196,0,0.132143804,0,4.77E-14,5.57E-07,0,4.28E-07,0
19/03/2018,17,0.49,0,0,0.330217391,0,0.159782609,0,1.04E-13,8.89E-07,0,6.95E-07,0
19/03/2018,18,0.59,0,0,0.397608696,0,0.192391304,0,8.91E-14,8.65E-07,0,6.80E-07,0
19/03/2018,19,0.51,0,0,0.343695652,0,0.166304348,0,9.48E-14,8.79E-07,0,6.87E-07,0
19/03/2018,20,0.46,0,0,0.31,0,0.15,0,2.00E-13,1.17E-06,0,9.06E-07,0
19/03/2018,21,0.56,0,0,0.377391304,0,0.182608696,0,7.91E-14,8.14E-07,0,6.30E-07,0
19/03/2018,22,1.18,0,0,0.795217391,0,0.384782609,0,5.49E-14,9.75E-07,0,7.45E-07,0
19/03/2018,23,1.73,0,0,1.187666325,0,0.542333675,0,6.40E-23,0.022977418,0,0.020053019,0
20/03/2018,0,1.06,0,0,0.714347826,0,0.345652174,0,9.86E-14,1.29E-06,0,9.96E-07,0
20/03/2018,1,0.81,0,0,0.545869565,0,0.264130435,0,2.69E-14,5.42E-07,0,4.19E-07,0
20/03/2018,2,0.44,0,0,0.296521739,0,0.143478261,0,2.73E-13,1.35E-06,0,1.06E-06,0
20/03/2018,3,0.41,0,0,0.276304348,0,0.133695652,0,9.39E-14,7.50E-07,0,5.84E-07,0
20/03/2018,4,0.35,0,0,0.235869565,0,0.114130435,0,1.79E-13,9.39E-07,0,7.27E-07,0
20/03/2018,5,0.34,0,0,0.229130435,0,0.110869565,0,6.68E-14,5.46E-07,0,4.22E-07,0
20/03/2018,6,0.34,0,0,0.229130435,0,0.110869565,0,6.68E-14,5.46E-07,0,4.22E-07,0
20/03/2018,7,0.44,0.027018,0.027018,0.278313957,0,0.134668043,0,1.06E-13,8.32E-07,0,6.42E-07,0
20/03/2018,8,0.64,0.134249,0.134249,0.340832196,0,0.164918804,0,1.05E-13,9.34E-07,0,7.23E-07,0
20/03/2018,9,0.42,0.165503,0.165503,0.171508848,0,0.082988152,0,3.71E-13,1.19E-06,0,9.25E-07,0
20/03/2018,10,0.34,0.341996,0.257407803,0.082592197,0.084588197,0,2.75E-13,0,0,3.90E-07,0,4.79E-07
20/03/2018,11,0.3,1.018273,0.3,1.26E-14,0.601290804,0,1.85E-14,0,0,5.37E-07,0,5.07E-07
20/03/2018,12,0.3,1.153451,0.3,1.05E-14,0.709915982,0,1.62E-14,0,0,5.12E-07,0,5.07E-07
20/03/2018,13,0.38,0.213681,0.213681,0.112084543,0,0.054234457,0,4.84E-13,1.14E-06,0,8.97E-07,0
20/03/2018,14,0.38,0.103225,0.103225,0.186522283,0,0.090252717,0,7.69E-14,6.03E-07,0,4.66E-07,0
20/03/2018,15,0.32,0.171609,0.171609,0.10000263,0,0.04838837,0,1.13E-13,5.14E-07,0,3.96E-07,0
20/03/2018,16,0.29,0,0,0.195434783,0,0.094565217,0,9.60E-14,6.28E-07,0,4.83E-07,0
20/03/2018,17,1.57,0,0,1.058043478,0,0.511956522,0,2.29E-14,6.81E-07,0,5.19E-07,0
20/03/2018,18,0.52,0,0,0.350434783,0,0.169565217,0,8.97E-14,8.49E-07,0,6.61E-07,0
20/03/2018,19,0.73,0,0,0.491956522,0,0.238043478,0,5.13E-14,7.22E-07,0,5.65E-07,0
20/03/2018,20,0.76,0,0,0.512173913,0,0.247826087,0,1.64E-13,1.32E-06,0,1.03E-06,0
20/03/2018,21,1.19,0,0,0.801956522,0,0.388043478,0,5.47E-14,9.70E-07,0,7.36E-07,0
20/03/2018,22,1.07,0,0,0.721086957,0,0.348913043,0,7.70E-14,1.16E-06,0,8.89E-07,0
20/03/2018,23,0.82,0,0,0.552608696,0,0.267391304,0,2.64E-14,5.24E-07,0,4.04E-07,0
21/03/2018,0,0.61,0,0,0.411086957,0,0.198913043,0,7.71E-14,8.10E-07,0,6.32E-07,0
21/03/2018,1,0.53,0,0,0.357173913,0,0.172826087,0,7.95E-14,8.04E-07,0,6.26E-07,0
21/03/2018,2,0.5,0,0,0.336956522,0,0.163043478,0,9.90E-14,8.94E-07,0,7.00E-07,0
21/03/2018,3,0.41,0,0,0.276304348,0,0.133695652,0,9.39E-14,7.50E-07,0,5.84E-07,0
21/03/2018,4,0.38,0,0,0.256086957,0,0.123913043,0,3.49E-13,1.35E-06,0,1.06E-06,0
21/03/2018,5,0.34,0,0,0.229130435,0,0.110869565,0,6.68E-14,5.46E-07,0,4.22E-07,0
21/03/2018,6,0.36,0,0,0.242608696,0,0.117391304,0,2.18E-13,1.07E-06,0,8.27E-07,0
21/03/2018,7,0.42,0.039155,0.039155,0.256656413,0,0.124188587,0,1.21E-13,8.49E-07,0,6.57E-07,0
21/03/2018,8,0.69,0.359578,0.359578,0.222675696,0,0.107746304,0,7.63E-14,6.36E-07,0,4.89E-07,0
21/03/2018,9,0.49,0.487239,0.459950719,0.020250602,0,0.009798679,0,1.03E-12,6.85E-07,0,5.19E-07,0
21/03/2018,10,0.54,0.75852,0.514983955,0.025016045,0.237081247,0,3.00E-14,0,0,2.40E-07,0,2.20E-07
21/03/2018,11,0.52,0.314863,0.314863,0.1382445,0,0.0668925,0,1.48E-13,7.19E-07,0,5.56E-07,0
21/03/2018,12,0.52,1.826026,0.52,1.28E-14,1.091270893,0,1.91E-14,0,0,8.71E-07,0,7.60E-07
21/03/2018,13,0.43,1.847522,0.43,6.36E-15,1.17363375,0,1.01E-14,0,0,6.09E-07,0,5.46E-07
21/03/2018,14,0.45,0.921605,0.45,5.51E-14,0.415129018,0,5.08E-14,0,0,8.77E-07,0,7.23E-07
21/03/2018,15,0.39,0.370473,0.351384597,0.026023423,0,0.012591979,0,7.56E-13,7.02E-07,0,5.43E-07,0
21/03/2018,16,0.35,0.000289,0.000289,0.235674804,0,0.114036196,0,1.08E-13,7.16E-07,0,5.55E-07,0
21/03/2018,17,0.44,0,0,0.296521739,0,0.143478261,0,2.73E-13,1.35E-06,0,1.06E-06,0
21/03/2018,18,0.72,0,0,0.485217391,0,0.234782609,0,6.24E-14,7.95E-07,0,6.22E-07,0
21/03/2018,19,0.64,0,0,0.431304348,0,0.208695652,0,4.80E-14,6.62E-07,0,5.15E-07,0
21/03/2018,20,0.52,0,0,0.350434783,0,0.169565217,0,8.97E-14,8.49E-07,0,6.61E-07,0
21/03/2018,21,0.45,0,0,0.30326087,0,0.14673913,0,1.90E-13,1.14E-06,0,8.86E-07,0
21/03/2018,22,0.52,0,0,0.350434783,0,0.169565217,0,8.97E-14,8.49E-07,0,6.61E-07,0
21/03/2018,23,0.34,0,0,0.229130435,0,0.110869565,0,6.68E-14,5.46E-07,0,4.22E-07,0
22/03/2018,0,1.62,0,0,1.098159079,0,0.521840921,0,5.36E-20,0.006767695,0,0.005906352,0
22/03/2018,1,1.66,0,0,1.130707168,0,0.529292832,0,5.73E-25,0.01266214,0,0.011050595,0
22/03/2018,2,1.56,0,0,1.051304348,0,0.508695652,0,2.32E-14,6.82E-07,0,5.19E-07,0
22/03/2018,3,0.45,0,0,0.30326087,0,0.14673913,0,1.90E-13,1.14E-06,0,8.86E-07,0
22/03/2018,4,0.39,0,0,0.262826087,0,0.127173913,0,3.46E-13,1.38E-06,0,1.08E-06,0
22/03/2018,5,0.36,0,0,0.242608696,0,0.117391304,0,2.18E-13,1.07E-06,0,8.27E-07,0
22/03/2018,6,0.37,0,0,0.249347826,0,0.120652174,0,6.10E-14,5.67E-07,0,4.41E-07,0
22/03/2018,7,0.4,0.006137,0.006137,0.265429413,0,0.128433587,0,1.47E-13,9.45E-07,0,7.32E-07,0
22/03/2018,8,0.56,0.283183,0.283183,0.186550587,0,0.090266413,0,1.40E-13,8.47E-07,0,6.62E-07,0
22/03/2018,9,0.41,0.296755,0.290763307,0.080355163,0,0.03888153,0,3.77E-13,8.99E-07,0,7.00E-07,0
22/03/2018,10,1.09,1.216548,0.886278492,0.203721508,0.330269508,0,7.47E-14,0,0,5.05E-07,0,6.83E-07
22/03/2018,11,1.24,0.390504,0.390504,0.572486435,0,0.277009565,0,2.98E-14,6.71E-07,0,5.22E-07,0
22/03/2018,12,3.71,0.282424,0.282424,2.568987717,0,0.858588283,0,4.99E-25,0.273134101,0,0.238371579,0
22/03/2018,13,1.2,0.294812,0.294812,0.610018,0,0.29517,0,1.06E-13,1.22E-06,0,9.53E-07,0
22/03/2018,14,1.54,0.252415,0.252415,0.867720326,0,0.419864674,0,6.70E-14,1.16E-06,0,9.04E-07,0
22/03/2018,15,0.53,0.268604,0.268604,0.176158174,0,0.085237826,0,1.78E-13,9.28E-07,0,7.27E-07,0
22/03/2018,16,0.45,0,0,0.30326087,0,0.14673913,0,1.90E-13,1.14E-06,0,8.86E-07,0
22/03/2018,17,0.46,0,0,0.31,0,0.15,0,2.00E-13,1.17E-06,0,9.06E-07,0
22/03/2018,18,1.46,0,0,0.983913043,0,0.476086957,0,2.86E-14,7.97E-07,0,6.09E-07,0
22/03/2018,19,0.56,0,0,0.377391304,0,0.182608696,0,7.91E-14,8.14E-07,0,6.30E-07,0
22/03/2018,20,0.69,0,0,0.465,0,0.225,0,7.73E-14,8.62E-07,0,6.75E-07,0
22/03/2018,21,0.49,0,0,0.330217391,0,0.159782609,0,1.04E-13,8.89E-07,0,6.95E-07,0
22/03/2018,22,1.47,0,0,0.990652174,0,0.479347826,0,2.66E-14,7.59E-07,0,5.81E-07,0
22/03/2018,23,1.74,0,0,1.195803347,0,0.544196653,0,7.70E-21,0.024451029,0,0.02133908,0
23/03/2018,0,1.41,0,0,0.950217391,0,0.459782609,0,2.32E-14,7.43E-07,0,5.72E-07,0
23/03/2018,1,1.02,0,0,0.687391304,0,0.332608696,0,2.23E-14,5.86E-07,0,4.56E-07,0
23/03/2018,2,0.89,0,0,0.599782609,0,0.290217391,0,3.26E-14,6.12E-07,0,4.66E-07,0
23/03/2018,3,0.42,0,0,0.283043478,0,0.136956522,0,3.20E-13,1.40E-06,0,1.09E-06,0
23/03/2018,4,0.36,0,0,0.242608696,0,0.117391304,0,2.18E-13,1.07E-06,0,8.27E-07,0
23/03/2018,5,0.44,0,0,0.296521739,0,0.143478261,0,2.73E-13,1.35E-06,0,1.06E-06,0
23/03/2018,6,0.34,0,0,0.229130435,0,0.110869565,0,6.68E-14,5.46E-07,0,4.22E-07,0
23/03/2018,7,0.34,0.037967,0.037967,0.203543978,0,0.098489022,0,2.34E-13,1.08E-06,0,8.36E-07,0
23/03/2018,8,0.59,0.06469,0.06469,0.354013261,0,0.171296739,0,1.21E-13,9.67E-07,0,7.52E-07,0
23/03/2018,9,0.76,0.289623,0.289623,0.316993196,0,0.153383804,0,6.21E-14,6.97E-07,0,5.37E-07,0
23/03/2018,10,1.28,0.563041,0.563041,0.483168022,0,0.233790978,0,1.42E-13,1.33E-06,0,1.04E-06,0
23/03/2018,11,0.52,0.363105,0.357519914,0.109497449,0,0.052982637,0,1.19E-13,5.54E-07,0,4.26E-07,0
23/03/2018,12,0.56,0.472606,0.454207916,0.071294665,0,0.034497419,0,2.79E-13,7.22E-07,0,5.61E-07,0
23/03/2018,13,0.53,1.317933,0.53,3.23E-14,0.675749732,0,3.88E-14,0,0,4.84E-07,0,5.86E-07
23/03/2018,14,0.43,0.350027,0.337853264,0.062098888,0,0.030047849,0,3.09E-13,6.88E-07,0,5.31E-07,0
23/03/2018,15,0.37,0.868439,0.37,1.14E-14,0.430263482,0,1.29E-14,0,0,2.84E-07,0,3.10E-07
23/03/2018,16,0.31,0.060982,0.060982,0.167816478,0,0.081201522,0,2.54E-13,9.70E-07,0,7.60E-07,0
23/03/2018,17,0.41,0,0,0.276304348,0,0.133695652,0,9.39E-14,7.50E-07,0,5.84E-07,0
23/03/2018,18,1.66,0,0,1.130707168,0,0.529292832,0,5.73E-25,0.01266214,0,0.011050595,0
23/03/2018,19,0.5,0,0,0.336956522,0,0.163043478,0,9.90E-14,8.94E-07,0,7.00E-07,0
23/03/2018,20,0.49,0,0,0.330217391,0,0.159782609,0,1.04E-13,8.89E-07,0,6.95E-07,0
23/03/2018,21,0.49,0,0,0.330217391,0,0.159782609,0,1.04E-13,8.89E-07,0,6.95E-07,0
23/03/2018,22,0.46,0,0,0.31,0,0.15,0,2.00E-13,1.17E-06,0,9.06E-07,0
23/03/2018,23,1.23,0,0,0.828913043,0,0.401086957,0,2.88E-14,7.20E-07,0,5.55E-07,0
24/03/2018,0,1.24,0,0,0.835652174,0,0.404347826,0,2.88E-14,7.23E-07,0,5.53E-07,0
24/03/2018,1,0.43,0,0,0.289782609,0,0.140217391,0,1.24E-13,8.81E-07,0,6.85E-07,0
24/03/2018,2,0.49,0,0,0.330217391,0,0.159782609,0,1.04E-13,8.89E-07,0,6.95E-07,0
24/03/2018,3,0.44,0,0,0.296521739,0,0.143478261,0,2.73E-13,1.35E-06,0,1.06E-06,0
24/03/2018,4,0.36,0,0,0.242608696,0,0.117391304,0,2.18E-13,1.07E-06,0,8.27E-07,0
24/03/2018,5,0.35,0,0,0.235869565,0,0.114130435,0,1.79E-13,9.39E-07,0,7.27E-07,0
24/03/2018,6,0.35,0,0,0.235869565,0,0.114130435,0,1.79E-13,9.39E-07,0,7.27E-07,0
24/03/2018,7,0.54,0.002832,0.002832,0.362004522,0,0.175163478,0,5.88E-14,7.08E-07,0,5.47E-07,0
24/03/2018,8,0.66,0.0989,0.0989,0.378132609,0,0.182967391,0,3.65E-14,5.63E-07,0,4.39E-07,0
24/03/2018,9,0.61,0.11736,0.11736,0.331996522,0,0.160643478,0,7.48E-14,7.75E-07,0,6.06E-07,0
24/03/2018,10,0.71,0.182474,0.182474,0.355506652,0,0.172019348,0,8.09E-14,8.69E-07,0,6.76E-07,0
24/03/2018,11,0.39,0.279536,0.27425303,0.078003393,0,0.037743577,0,4.09E-13,9.37E-07,0,7.33E-07,0
24/03/2018,12,0.46,0.305248,0.302730326,0.105986085,0,0.051283589,0,2.27E-13,7.91E-07,0,6.14E-07,0
24/03/2018,13,0.4,0.172156,0.172156,0.153547043,0,0.074296957,0,4.16E-13,1.19E-06,0,9.27E-07,0
24/03/2018,14,0.44,0.58074,0.401884619,0.038115381,0.176017374,0,8.78E-14,0,0,6.32E-07,0,6.11E-07
24/03/2018,15,0.4,0.929396,0.4,4.88E-14,0.457550357,0,5.46E-14,0,0,8.50E-07,0,7.57E-07
24/03/2018,16,0.33,0.06505,0.06505,0.178553261,0,0.086396739,0,2.12E-13,9.35E-07,0,7.29E-07,0
24/03/2018,17,0.53,0,0,0.357173913,0,0.172826087,0,7.95E-14,8.04E-07,0,6.26E-07,0
24/03/2018,18,0.52,0,0,0.350434783,0,0.169565217,0,8.97E-14,8.49E-07,0,6.61E-07,0
24/03/2018,19,0.59,0,0,0.397608696,0,0.192391304,0,8.91E-14,8.65E-07,0,6.80E-07,0
24/03/2018,20,0.62,0,0,0.417826087,0,0.202173913,0,7.85E-14,8.25E-07,0,6.43E-07,0
24/03/2018,21,0.76,0,0,0.512173913,0,0.247826087,0,1.64E-13,1.32E-06,0,1.03E-06,0
24/03/2018,22,0.62,0,0,0.417826087,0,0.202173913,0,7.85E-14,8.25E-07,0,6.43E-07,0
24/03/2018,23,0.49,0,0,0.330217391,0,0.159782609,0,1.04E-13,8.89E-07,0,6.95E-07,0
25/03/2018,0,1.35,0,0,0.909782609,0,0.440217391,0,2.28E-14,7.14E-07,0,5.47E-07,0
25/03/2018,1,1.77,0,0,1.220214414,0,0.549785586,0,1.88E-24,0.028871862,0,0.025197261,0
25/03/2018,2,0.85,0,0,0.572826087,0,0.277173913,0,3.04E-14,5.75E-07,0,4.39E-07,0
25/03/2018,3,0.48,0,0,0.323478261,0,0.156521739,0,1.16E-13,9.20E-07,0,7.15E-07,0
25/03/2018,4,0.42,0,0,0.283043478,0,0.136956522,0,3.20E-13,1.40E-06,0,1.09E-06,0
25/03/2018,5,0.38,0,0,0.256086957,0,0.123913043,0,3.49E-13,1.35E-06,0,1.06E-06,0
25/03/2018,6,0.37,0,0,0.249347826,0,0.120652174,0,6.10E-14,5.67E-07,0,4.41E-07,0
25/03/2018,7,0.36,0.052862,0.052862,0.206984304,0,0.100153696,0,1.55E-13,8.70E-07,0,6.72E-07,0
25/03/2018,8,0.68,0.206711,0.206711,0.31895563,0,0.15433337,0,8.91E-14,8.70E-07,0,6.77E-07,0
25/03/2018,9,0.67,0.346729,0.346729,0.217856543,0,0.105414457,0,8.48E-14,6.69E-07,0,5.15E-07,0
25/03/2018,10,0.68,0.520125,0.505944991,0.117297941,0,0.056757068,0,1.87E-13,7.26E-07,0,5.59E-07,0
25/03/2018,11,0.53,0.89682,0.53,6.37E-14,0.337355357,0,2.96E-14,0,0,6.48E-07,0,5.28E-07
25/03/2018,12,0.36,2.324733,0.36,8.44E-14,1.573572094,0,1.45E-13,0,0,0.1781667,0,0.10690002
25/03/2018,13,0.48,2.156852,0.48,1.58E-27,1.372492468,0,1.76E-27,0,0,0.07066899,0,0.042401394
25/03/2018,14,0.36,1.655368,0.36,1.39E-14,1.069849286,0,2.26E-14,0,0,8.38E-07,0,7.35E-07
25/03/2018,15,0.45,1.023046,0.45,8.84E-15,0.496644107,0,9.62E-15,0,0,2.94E-07,0,2.83E-07
25/03/2018,16,0.69,0.074314,0.074314,0.414918826,0,0.200767174,0,1.31E-13,1.09E-06,0,8.40E-07,0
25/03/2018,17,0.5,0,0,0.336956522,0,0.163043478,0,9.90E-14,8.94E-07,0,7.00E-07,0
25/03/2018,18,0.69,0,0,0.465,0,0.225,0,7.73E-14,8.62E-07,0,6.75E-07,0
25/03/2018,19,0.41,0,0,0.276304348,0,0.133695652,0,9.39E-14,7.50E-07,0,5.84E-07,0
25/03/2018,20,0.67,0,0,0.451521739,0,0.218478261,0,7.63E-14,8.42E-07,0,6.59E-07,0
25/03/2018,21,0.56,0,0,0.377391304,0,0.182608696,0,7.91E-14,8.14E-07,0,6.30E-07,0
25/03/2018,22,0.48,0,0,0.323478261,0,0.156521739,0,1.16E-13,9.20E-07,0,7.15E-07,0
25/03/2018,23,0.49,0,0,0.330217391,0,0.159782609,0,1.04E-13,8.89E-07,0,6.95E-07,0
26/03/2018,0,1.08,0,0,0.727826087,0,0.352173913,0,7.98E-14,1.17E-06,0,9.01E-07,0
26/03/2018,1,0.45,0,0,0.30326087,0,0.14673913,0,1.90E-13,1.14E-06,0,8.86E-07,0
26/03/2018,2,0.42,0,0,0.283043478,0,0.136956522,0,3.20E-13,1.40E-06,0,1.09E-06,0
26/03/2018,3,0.49,0,0,0.330217391,0,0.159782609,0,1.04E-13,8.89E-07,0,6.95E-07,0
26/03/2018,4,0.47,0,0,0.31673913,0,0.15326087,0,1.52E-13,1.03E-06,0,7.99E-07,0
26/03/2018,5,0.42,0,0,0.283043478,0,0.136956522,0,3.20E-13,1.40E-06,0,1.09E-06,0
26/03/2018,6,0.37,0,0,0.249347826,0,0.120652174,0,6.10E-14,5.67E-07,0,4.41E-07,0
26/03/2018,7,0.65,0,0,0.438043478,0,0.211956522,0,4.98E-14,6.79E-07,0,5.29E-07,0
26/03/2018,8,0.85,0.112512,0.112512,0.497002783,0,0.240485217,0,4.89E-14,7.63E-07,0,5.96E-07,0
26/03/2018,9,4.06,0.782842,0.782842,2.446592253,0,0.830565747,0,2.54E-16,0.250968338,0,0.219026913,0
26/03/2018,10,1.56,1.111714,1.091558279,0.315688986,0,0.152752735,0,3.74E-14,5.48E-07,0,4.21E-07,0
26/03/2018,11,2.52,0.526914,0.526914,1.401739992,0,0.591346008,0,9.38E-16,0.061746063,0,0.053887473,0
26/03/2018,12,1.79,0.958884,0.958884,0.560099913,0,0.271016087,0,6.87E-14,1.02E-06,0,7.94E-07,0
26/03/2018,13,0.45,0.443478,0.41902252,0.020876128,0,0.010101352,0,9.16E-13,6.72E-07,0,5.12E-07,0
26/03/2018,14,0.5,0.605955,0.430895164,0.069104836,0.175059836,0,3.99E-14,0,0,3.04E-07,0,3.22E-07
26/03/2018,15,0.71,0.030548,0.030548,0.457891565,0,0.221560435,0,6.71E-14,8.58E-07,0,6.67E-07,0
26/03/2018,16,0.57,0,0,0.384130435,0,0.185869565,0,7.42E-14,7.91E-07,0,6.10E-07,0
26/03/2018,17,0.56,0,0,0.377391304,0,0.182608696,0,7.91E-14,8.14E-07,0,6.30E-07,0
26/03/2018,18,0.56,0,0,0.377391304,0,0.182608696,0,7.91E-14,8.14E-07,0,6.30E-07,0
26/03/2018,19,0.64,0,0,0.431304348,0,0.208695652,0,4.80E-14,6.62E-07,0,5.15E-07,0
26/03/2018,20,0.59,0,0,0.397608696,0,0.192391304,0,8.91E-14,8.65E-07,0,6.80E-07,0
26/03/2018,21,0.56,0,0,0.377391304,0,0.182608696,0,7.91E-14,8.14E-07,0,6.30E-07,0
26/03/2018,22,1.95,0,0,1.366680817,0,0.583319183,0,4.93E-20,0.055396862,0,0.048346352,0
26/03/2018,23,0.62,0,0,0.417826087,0,0.202173913,0,7.85E-14,8.25E-07,0,6.43E-07,0
27/03/2018,0,1.85,0,0,1.285310594,0,0.564689406,0,6.81E-24,0.040660751,0,0.035485746,0
27/03/2018,1,1.71,0,0,1.17139228,0,0.53860772,0,1.79E-24,0.020030195,0,0.017480898,0
27/03/2018,2,0.57,0,0,0.384130435,0,0.185869565,0,7.42E-14,7.91E-07,0,6.10E-07,0
27/03/2018,3,0.48,0,0,0.323478261,0,0.156521739,0,1.16E-13,9.20E-07,0,7.15E-07,0
27/03/2018,4,0.46,0,0,0.31,0,0.15,0,2.00E-13,1.17E-06,0,9.06E-07,0
27/03/2018,5,0.36,0,0,0.242608696,0,0.117391304,0,2.18E-13,1.07E-06,0,8.27E-07,0
27/03/2018,6,0.35,0,0,0.235869565,0,0.114130435,0,1.79E-13,9.39E-07,0,7.27E-07,0
27/03/2018,7,0.35,0.071357,0.071357,0.187781152,0,0.090861848,0,3.20E-13,1.19E-06,0,9.26E-07,0
27/03/2018,8,0.4,0.877114,0.4,1.35E-14,0.415538036,0,1.40E-14,0,0,3.07E-07,0,3.18E-07
27/03/2018,9,0.57,0.246294,0.246294,0.218149696,0,0.105556304,0,1.25E-13,8.58E-07,0,6.71E-07,0
27/03/2018,10,2.76,0.25746,0.25746,1.816283852,0,0.686256148,0,9.63E-16,0.136819769,0,0.119406344,0
27/03/2018,11,2.16,0.342787,0.342787,1.258631738,0,0.558581262,0,3.13E-20,0.035829222,0,0.031269139,0
27/03/2018,12,0.49,0.949515,0.49,2.06E-14,0.408628125,0,1.68E-14,0,0,4.50E-07,0,3.52E-07
27/03/2018,13,2.47,1.579224,1.574787412,0.603295439,0,0.291917148,0,3.66E-14,6.99E-07,0,5.29E-07,0
27/03/2018,14,2.23,1.39988,1.399806023,0.559478549,0,0.270715427,0,3.69E-14,6.85E-07,0,5.20E-07,0
27/03/2018,15,2.19,0.841329,0.841329,0.908886978,0,0.439784022,0,5.02E-14,1.04E-06,0,8.07E-07,0
27/03/2018,16,2.21,0.041976,0.041976,1.544087434,0,0.623936566,0,1.39E-21,0.08752512,0,0.07638556,0
27/03/2018,17,2.24,0,0,1.602654467,0,0.637345533,0,2.47E-25,0.098131584,0,0.085642109,0
27/03/2018,18,2.15,0,0,1.529421265,0,0.620578735,0,1.50E-25,0.084869084,0,0.074067564,0
27/03/2018,19,2.11,0,0,1.496873176,0,0.613126824,0,4.21E-20,0.078974639,0,0.068923322,0
27/03/2018,20,2.03,0,0,1.431776997,0,0.598223003,0,3.98E-18,0.067185751,0,0.058634837,0
27/03/2018,21,2.13,0,0,1.51314722,0,0.61685278,0,5.83E-20,0.081921862,0,0.071495443,0
27/03/2018,22,2.5,0,0,1.814217049,0,0.685782951,0,3.70E-23,0.136445472,0,0.119079685,0
27/03/2018,23,2.15,0,0,1.529421265,0,0.620578735,0,1.50E-25,0.084869084,0,0.074067564,0
28/03/2018,0,2.03,0,0,1.431776997,0,0.598223003,0,3.98E-18,0.067185751,0,0.058634837,0
28/03/2018,1,1.09,0,0,0.734565217,0,0.355434783,0,7.98E-14,1.17E-06,0,9.03E-07,0
28/03/2018,2,0.51,0,0,0.343695652,0,0.166304348,0,9.48E-14,8.79E-07,0,6.87E-07,0
28/03/2018,3,0.52,0,0,0.350434783,0,0.169565217,0,8.97E-14,8.49E-07,0,6.61E-07,0
28/03/2018,4,0.44,0,0,0.296521739,0,0.143478261,0,2.73E-13,1.35E-06,0,1.06E-06,0
28/03/2018,5,0.43,0,0,0.289782609,0,0.140217391,0,1.24E-13,8.81E-07,0,6.85E-07,0
28/03/2018,6,0.4,0,0,0.269565217,0,0.130434783,0,9.36E-14,7.27E-07,0,5.71E-07,0
28/03/2018,7,0.58,0,0,0.390869565,0,0.189130435,0,8.14E-14,8.18E-07,0,6.47E-07,0
28/03/2018,8,0.53,0.049428,0.049428,0.323863739,0,0.156708261,0,1.43E-13,1.05E-06,0,8.10E-07,0
28/03/2018,9,0.49,0.113682,0.113682,0.253605609,0,0.122712391,0,2.37E-13,1.16E-06,0,8.92E-07,0
28/03/2018,10,0.52,0.146823,0.146823,0.251488848,0,0.121688152,0,2.02E-13,1.05E-06,0,8.25E-07,0
28/03/2018,11,0.55,0.214897,0.214897,0.225830283,0,0.109272717,0,1.74E-13,1.03E-06,0,8.09E-07,0
28/03/2018,12,0.39,0.173528,0.173528,0.145883304,0,0.070588696,0,4.54E-13,1.21E-06,0,9.43E-07,0
28/03/2018,13,0.55,0.152927,0.152927,0.267592674,0,0.129480326,0,1.77E-13,1.04E-06,0,8.18E-07,0
28/03/2018,14,0.41,0.109272,0.109272,0.202664522,0,0.098063478,0,6.41E-14,5.68E-07,0,4.39E-07,0
28/03/2018,15,0.37,0.516428,0.351291794,0.018708206,0.160927542,0,4.28E-14,0,0,2.62E-07,0,2.57E-07
28/03/2018,16,0.32,0,0,0.215652174,0,0.104347826,0,7.97E-14,5.84E-07,0,4.49E-07,0
28/03/2018,17,0.45,0,0,0.30326087,0,0.14673913,0,1.90E-13,1.14E-06,0,8.86E-07,0
28/03/2018,18,0.48,0,0,0.323478261,0,0.156521739,0,1.16E-13,9.20E-07,0,7.15E-07,0
28/03/2018,19,0.6,0,0,0.404347826,0,0.195652174,0,4.03E-14,5.74E-07,0,4.48E-07,0
28/03/2018,20,0.49,0,0,0.330217391,0,0.159782609,0,1.04E-13,8.89E-07,0,6.95E-07,0
28/03/2018,21,0.59,0,0,0.397608696,0,0.192391304,0,8.91E-14,8.65E-07,0,6.80E-07,0
28/03/2018,22,0.89,0,0,0.599782609,0,0.290217391,0,3.26E-14,6.12E-07,0,4.66E-07,0
28/03/2018,23,0.7,0,0,0.47173913,0,0.22826087,0,7.01E-14,8.27E-07,0,6.48E-07,0
29/03/2018,0,0.4,0,0,0.269565217,0,0.130434783,0,9.36E-14,7.27E-07,0,5.71E-07,0
29/03/2018,1,0.38,0,0,0.256086957,0,0.123913043,0,3.49E-13,1.35E-06,0,1.06E-06,0
29/03/2018,2,0.46,0,0,0.31,0,0.15,0,2.00E-13,1.17E-06,0,9.06E-07,0
29/03/2018,3,0.4,0,0,0.269565217,0,0.130434783,0,9.36E-14,7.27E-07,0,5.71E-07,0
29/03/2018,4,0.35,0,0,0.235869565,0,0.114130435,0,1.79E-13,9.39E-07,0,7.27E-07,0
29/03/2018,5,0.37,0,0,0.249347826,0,0.120652174,0,6.10E-14,5.67E-07,0,4.41E-07,0
29/03/2018,6,0.35,0,0,0.235869565,0,0.114130435,0,1.79E-13,9.39E-07,0,7.27E-07,0
29/03/2018,7,0.39,0,0,0.262826087,0,0.127173913,0,3.46E-13,1.38E-06,0,1.08E-06,0
29/03/2018,8,0.73,0.036338,0.036338,0.46746787,0,0.22619413,0,1.47E-13,1.25E-06,0,9.72E-07,0
29/03/2018,9,0.5,0.421213,0.404901008,0.064088451,0,0.031010541,0,4.10E-13,8.48E-07,0,6.63E-07,0
29/03/2018,10,1.31,0.181319,0.181319,0.760632848,0,0.368048152,0,2.05E-14,6.00E-07,0,4.58E-07,0
29/03/2018,11,0.94,0.196699,0.196699,0.500920239,0,0.242380761,0,2.22E-14,5.03E-07,0,3.85E-07,0
29/03/2018,12,0.3,0.216353,0.212087978,0.059245058,0,0.028666964,0,1.03E-12,1.27E-06,0,9.87E-07,0
29/03/2018,13,0.49,0.388935,0.376570559,0.07644158,0,0.036987861,0,1.75E-13,5.56E-07,0,4.29E-07,0
29/03/2018,14,0.54,0.639947,0.458005852,0.081994148,0.181941148,0,3.05E-14,0,0,2.31E-07,0,2.56E-07
29/03/2018,15,0.4,0.036023,0.036023,0.245288848,0,0.118688152,0,1.13E-13,8.27E-07,0,6.41E-07,0
29/03/2018,16,0.48,0,0,0.323478261,0,0.156521739,0,1.16E-13,9.20E-07,0,7.15E-07,0
29/03/2018,17,0.5,0,0,0.336956522,0,0.163043478,0,9.90E-14,8.94E-07,0,7.00E-07,0
29/03/2018,18,0.75,0,0,0.505434783,0,0.244565217,0,2.58E-14,5.13E-07,0,4.03E-07,0
29/03/2018,19,0.77,0,0,0.518913043,0,0.251086957,0,1.67E-13,1.32E-06,0,1.03E-06,0
29/03/2018,20,0.65,0,0,0.438043478,0,0.211956522,0,4.98E-14,6.79E-07,0,5.29E-07,0
29/03/2018,21,0.63,0,0,0.424565217,0,0.205434783,0,8.00E-14,8.41E-07,0,6.55E-07,0
29/03/2018,22,0.51,0,0,0.343695652,0,0.166304348,0,9.48E-14,8.79E-07,0,6.87E-07,0
29/03/2018,23,0.57,0,0,0.384130435,0,0.185869565,0,7.42E-14,7.91E-07,0,6.10E-07,0
30/03/2018,0,0.41,0,0,0.276304348,0,0.133695652,0,9.39E-14,7.50E-07,0,5.84E-07,0
30/03/2018,1,0.93,0,0,0.62673913,0,0.30326087,0,7.38E-14,9.64E-07,0,7.40E-07,0
30/03/2018,2,1.19,0,0,0.801956522,0,0.388043478,0,5.47E-14,9.70E-07,0,7.36E-07,0
30/03/2018,3,1.16,0,0,0.78173913,0,0.37826087,0,4.43E-14,8.71E-07,0,6.72E-07,0
30/03/2018,4,1.12,0,0,0.754782609,0,0.365217391,0,7.40E-14,1.12E-06,0,8.62E-07,0
30/03/2018,5,1.11,0,0,0.748043478,0,0.361956522,0,8.00E-14,1.17E-06,0,8.99E-07,0
30/03/2018,6,0.98,0,0,0.660434783,0,0.319565217,0,9.62E-14,1.15E-06,0,8.88E-07,0
30/03/2018,7,0.42,0.10385,0.10385,0.213057609,0,0.103092391,0,5.65E-14,5.45E-07,0,4.21E-07,0
30/03/2018,8,0.59,0.386239,0.383810584,0.138953737,0,0.067235679,0,2.93E-13,9.71E-07,0,7.52E-07,0
30/03/2018,9,0.43,0.657737,0.43,8.51E-13,0.217556518,0,7.19E-14,0,0,6.29E-07,0,5.75E-07
30/03/2018,10,0.33,1.027186,0.33,6.80E-15,0.586756607,0,9.59E-15,0,0,2.11E-07,0,2.80E-07
30/03/2018,11,0.38,1.610356,0.38,7.25E-15,1.019214643,0,1.15E-14,0,0,3.76E-07,0,4.52E-07
30/03/2018,12,0.56,0.154675,0.154675,0.273153804,0,0.132171196,0,1.71E-13,1.04E-06,0,8.15E-07,0
30/03/2018,13,0.68,0.152096,0.152096,0.355761391,0,0.172142609,0,7.63E-14,8.36E-07,0,6.50E-07,0
30/03/2018,14,0.48,0.085223,0.085223,0.26604537,0,0.12873163,0,2.33E-13,1.21E-06,0,9.31E-07,0
30/03/2018,15,0.44,0.107178,0.107178,0.224293087,0,0.108528913,0,3.28E-13,1.34E-06,0,1.03E-06,0
30/03/2018,16,0.41,0,0,0.276304348,0,0.133695652,0,9.39E-14,7.50E-07,0,5.84E-07,0
30/03/2018,17,0.35,0,0,0.235869565,0,0.114130435,0,1.79E-13,9.39E-07,0,7.27E-07,0
30/03/2018,18,0.48,0,0,0.323478261,0,0.156521739,0,1.16E-13,9.20E-07,0,7.15E-07,0
30/03/2018,19,0.48,0,0,0.323478261,0,0.156521739,0,1.16E-13,9.20E-07,0,7.15E-07,0
30/03/2018,20,0.46,0,0,0.31,0,0.15,0,2.00E-13,1.17E-06,0,9.06E-07,0
30/03/2018,21,0.63,0,0,0.424565217,0,0.205434783,0,8.00E-14,8.41E-07,0,6.55E-07,0
30/03/2018,22,0.94,0,0,0.633478261,0,0.306521739,0,3.24E-14,6.36E-07,0,4.87E-07,0
30/03/2018,23,1.38,0,0,0.93,0,0.45,0,2.17E-14,6.91E-07,0,5.29E-07,0
31/03/2018,0,0.94,0,0,0.633478261,0,0.306521739,0,3.24E-14,6.36E-07,0,4.87E-07,0
31/03/2018,1,0.42,0,0,0.283043478,0,0.136956522,0,3.20E-13,1.40E-06,0,1.09E-06,0
31/03/2018,2,0.44,0,0,0.296521739,0,0.143478261,0,2.73E-13,1.35E-06,0,1.06E-06,0
31/03/2018,3,0.36,0,0,0.242608696,0,0.117391304,0,2.18E-13,1.07E-06,0,8.27E-07,0
31/03/2018,4,0.34,0,0,0.229130435,0,0.110869565,0,6.68E-14,5.46E-07,0,4.22E-07,0
31/03/2018,5,0.36,0,0,0.242608696,0,0.117391304,0,2.18E-13,1.07E-06,0,8.27E-07,0
31/03/2018,6,0.33,0,0,0.222391304,0,0.107608696,0,6.52E-14,5.31E-07,0,4.09E-07,0
31/03/2018,7,0.41,0.114607,0.114607,0.199069196,0,0.096323804,0,6.30E-14,5.57E-07,0,4.30E-07,0
31/03/2018,8,0.59,0.407281,0.401658132,0.126926042,0,0.061415827,0,3.83E-13,1.07E-06,0,8.33E-07,0
31/03/2018,9,0.49,0.683607,0.465076398,0.024923602,0.212977159,0,3.48E-14,0,0,2.68E-07,0,2.45E-07
31/03/2018,10,0.46,0.517868,0.376293574,0.083706426,0.141574426,0,1.03E-13,0,0,5.45E-07,0,4.97E-07
31/03/2018,11,0.48,2.227805,0.48,3.86E-14,1.424207529,0,3.29E-14,0,0,0.098316001,0,0.058989601
31/03/2018,12,0.39,2.194753,0.39,7.34E-21,1.459155082,0,1.19E-20,0,0,0.116999057,0,0.070199434
31/03/2018,13,0.53,0.752134,0.509087695,0.020912305,0.236213899,0,6.97E-14,0,0,6.20E-07,0,5.63E-07
31/03/2018,14,0.47,0.84891,0.47,5.41E-14,0.342249107,0,3.52E-14,0,0,5.76E-07,0,5.36E-07
31/03/2018,15,0.37,0.816332,0.37,1.41E-14,0.388391786,0,1.47E-14,0,0,2.91E-07,0,3.07E-07
31/03/2018,16,0.36,0,0,0.242608696,0,0.117391304,0,2.18E-13,1.07E-06,0,8.27E-07,0
31/03/2018,17,0.43,0,0,0.289782609,0,0.140217391,0,1.24E-13,8.81E-07,0,6.85E-07,0
31/03/2018,18,0.57,0,0,0.384130435,0,0.185869565,0,7.42E-14,7.91E-07,0,6.10E-07,0
31/03/2018,19,0.57,0,0,0.384130435,0,0.185869565,0,7.42E-14,7.91E-07,0,6.10E-07,0
31/03/2018,20,0.47,0,0,0.31673913,0,0.15326087,0,1.52E-13,1.03E-06,0,7.99E-07,0
31/03/2018,21,1.01,0,0,0.680652174,0,0.329347826,0,9.58E-14,1.19E-06,0,9.25E-07,0
31/03/2018,22,1.62,0,0,1.098159079,0,0.521840921,0,5.36E-20,0.006767695,0,0.005906352,0
31/03/2018,23,2.04,0,0,1.439914019,0,0.600085981,0,3.92E-18,0.068659362,0,0.059920897,0
01/04/2018,0,1.4,0,0,0.943478261,0,0.456521739,0,2.44E-14,7.34E-07,0,5.62E-07,0
01/04/2018,1,0.53,0,0,0.357173913,0,0.172826087,0,7.95E-14,8.04E-07,0,6.26E-07,0
01/04/2018,2,0.52,0,0,0.350434783,0,0.169565217,0,8.97E-14,8.49E-07,0,6.61E-07,0
01/04/2018,3,0.44,0,0,0.296521739,0,0.143478261,0,2.73E-13,1.35E-06,0,1.06E-06,0
01/04/2018,4,0.43,0,0,0.289782609,0,0.140217391,0,1.24E-13,8.81E-07,0,6.85E-07,0
01/04/2018,5,0.36,0,0,0.242608696,0,0.117391304,0,2.18E-13,1.07E-06,0,8.27E-07,0
01/04/2018,6,0.44,0,0,0.296521739,0,0.143478261,0,2.73E-13,1.35E-06,0,1.06E-06,0
01/04/2018,7,0.57,0.083017,0.083017,0.328184196,0,0.158798804,0,4.45E-14,5.79E-07,0,4.51E-07,0
01/04/2018,8,0.49,0.778876,0.49,8.24E-14,0.2715075,0,2.02E-14,0,0,2.12E-07,0,2.73E-07
01/04/2018,9,0.4,0.544761,0.37334069,0.02665931,0.167749055,0,4.76E-14,0,0,2.59E-07,0,2.85E-07
01/04/2018,10,0.39,0.164396,0.164396,0.152037478,0,0.073566522,0,4.86E-13,1.29E-06,0,9.93E-07,0
01/04/2018,11,0.43,1.067318,0.43,9.01E-15,0.546684107,0,1.08E-14,0,0,2.23E-07,0,2.49E-07
01/04/2018,12,0.47,0.15647,0.15647,0.211291957,0,0.102238043,0,2.85E-13,1.16E-06,0,9.02E-07,0
01/04/2018,13,0.43,0.936241,0.43,2.31E-14,0.441354375,0,2.37E-14,0,0,5.44E-07,0,4.79E-07
01/04/2018,14,0.49,0.283468,0.283468,0.139184609,0,0.067347391,0,1.88E-13,8.40E-07,0,6.55E-07,0
01/04/2018,15,0.41,0.668784,0.41,6.10E-14,0.240897857,0,2.09E-14,0,0,3.37E-07,0,3.05E-07
01/04/2018,16,0.34,0,0,0.229130435,0,0.110869565,0,6.68E-14,5.46E-07,0,4.22E-07,0
01/04/2018,17,0.4,0,0,0.269565217,0,0.130434783,0,9.36E-14,7.27E-07,0,5.71E-07,0
01/04/2018,18,0.72,0,0,0.485217391,0,0.234782609,0,6.24E-14,7.95E-07,0,6.22E-07,0
01/04/2018,19,0.57,0,0,0.384130435,0,0.185869565,0,7.42E-14,7.91E-07,0,6.10E-07,0
01/04/2018,20,1.65,0,0,1.122570146,0,0.527429854,0,9.56E-23,0.011188529,0,0.009764534,0
01/04/2018,21,1.19,0,0,0.801956522,0,0.388043478,0,5.47E-14,9.70E-07,0,7.36E-07,0
01/04/2018,22,0.39,0,0,0.262826087,0,0.127173913,0,3.46E-13,1.38E-06,0,1.08E-06,0
01/04/2018,23,1.31,0,0,0.882826087,0,0.427173913,0,3.26E-14,7.85E-07,0,5.96E-07,0
02/04/2018,0,1.52,0,0,1.024347826,0,0.495652174,0,2.58E-14,7.00E-07,0,5.32E-07,0
02/04/2018,1,0.44,0,0,0.296521739,0,0.143478261,0,2.73E-13,1.35E-06,0,1.06E-06,0
02/04/2018,2,0.47,0,0,0.31673913,0,0.15326087,0,1.52E-13,1.03E-06,0,7.99E-07,0
02/04/2018,3,0.46,0,0,0.31,0,0.15,0,2.00E-13,1.17E-06,0,9.06E-07,0
02/04/2018,4,0.41,0,0,0.276304348,0,0.133695652,0,9.39E-14,7.50E-07,0,5.84E-07,0
02/04/2018,5,0.37,0,0,0.249347826,0,0.120652174,0,6.10E-14,5.67E-07,0,4.41E-07,0
02/04/2018,6,0.34,0,0,0.229130435,0,0.110869565,0,6.68E-14,5.46E-07,0,4.22E-07,0
02/04/2018,7,0.62,0.098382,0.098382,0.351525174,0,0.170092826,0,1.24E-13,1.00E-06,0,7.85E-07,0
02/04/2018,8,0.6,0.729299,0.518168344,0.081831656,0.211130656,0,2.43E-14,0,0,1.98E-07,0,2.24E-07
02/04/2018,9,0.54,1.66911,0.54,1.27E-14,0.950713393,0,1.78E-14,0,0,5.76E-07,0,5.87E-07
02/04/2018,10,3.9,1.940628,1.940628,1.375588318,0,0.583783682,0,5.24E-22,0.058128827,0,0.050730613,0
02/04/2018,11,0.67,1.839258,0.67,1.60E-14,0.993421607,0,2.09E-14,0,0,5.08E-07,0,6.31E-07
02/04/2018,12,2.06,0.568487,0.568487,1.005150065,0,0.486362935,0,4.62E-14,1.04E-06,0,7.99E-07,0
02/04/2018,13,3.83,0.596706,0.596706,2.410900018,0,0.822393982,0,8.63E-27,0.24450449,0,0.213385737,0
02/04/2018,14,0.45,0.32903,0.321949232,0.086295083,0,0.041755685,0,2.42E-13,7.25E-07,0,5.61E-07,0
02/04/2018,15,2.52,0.493484,0.493484,1.428942058,0,0.597573942,0,2.03E-14,0.066672344,0,0.058186773,0
02/04/2018,16,2.64,0,0,1.928135362,0,0.711864638,0,1.90E-25,0.157076028,0,0.137084533,0
02/04/2018,17,0.5,0,0,0.336956522,0,0.163043478,0,9.90E-14,8.94E-07,0,7.00E-07,0
02/04/2018,18,1.65,0,0,1.122570146,0,0.527429854,0,9.56E-23,0.011188529,0,0.009764534,0
02/04/2018,19,0.58,0,0,0.390869565,0,0.189130435,0,8.14E-14,8.18E-07,0,6.47E-07,0
02/04/2018,20,0.59,0,0,0.397608696,0,0.192391304,0,8.91E-14,8.65E-07,0,6.80E-07,0
02/04/2018,21,0.64,0,0,0.431304348,0,0.208695652,0,4.80E-14,6.62E-07,0,5.15E-07,0
02/04/2018,22,0.48,0,0,0.323478261,0,0.156521739,0,1.16E-13,9.20E-07,0,7.15E-07,0
02/04/2018,23,1.34,0,0,0.903043478,0,0.436956522,0,2.04E-14,6.78E-07,0,5.19E-07,0
03/04/2018,0,1.71,0,0,1.17139228,0,0.53860772,0,1.79E-24,0.020030195,0,0.017480898,0
03/04/2018,1,1,0,0,0.673913043,0,0.326086957,0,9.32E-14,1.16E-06,0,8.99E-07,0
03/04/2018,2,0.46,0,0,0.31,0,0.15,0,2.00E-13,1.17E-06,0,9.06E-07,0
03/04/2018,3,0.47,0,0,0.31673913,0,0.15326087,0,1.52E-13,1.03E-06,0,7.99E-07,0
03/04/2018,4,0.37,0,0,0.249347826,0,0.120652174,0,6.10E-14,5.67E-07,0,4.41E-07,0
03/04/2018,5,0.36,0,0,0.242608696,0,0.117391304,0,2.18E-13,1.07E-06,0,8.27E-07,0
03/04/2018,6,0.33,0,0,0.222391304,0,0.107608696,0,6.52E-14,5.31E-07,0,4.09E-07,0
03/04/2018,7,0.37,0,0,0.249347826,0,0.120652174,0,6.10E-14,5.67E-07,0,4.41E-07,0
03/04/2018,8,0.4,0.621784,0.4,1.91E-13,0.210362143,0,2.96E-14,0,0,4.13E-07,0,3.59E-07
03/04/2018,9,0.58,1.003393,0.58,3.41E-14,0.386833661,0,1.81E-14,0,0,4.86E-07,0,4.16E-07
03/04/2018,10,1.15,1.338973,0.963248574,0.186751426,0.375724426,0,2.58E-14,0,0,3.42E-07,0,3.28E-07
03/04/2018,11,1.13,2.270583,1.13,6.85E-15,1.007343482,0,6.07E-15,0,0,2.65E-07,0,3.00E-07
03/04/2018,12,0.51,2.393247,0.51,2.68E-22,1.525112867,0,3.51E-22,0,0,0.152260267,0,0.09135616
03/04/2018,13,0.36,2.264132,0.36,1.11E-23,1.52940223,0,1.80E-23,0,0,0.154553371,0,0.092732023
03/04/2018,14,0.42,1.728519,0.42,1.50E-14,1.085238482,0,2.37E-14,0,0,8.57E-07,0,7.51E-07
03/04/2018,15,0.36,0.524492,0.352262422,0.007737578,0.16670557,0,1.89E-13,0,0,5.51E-07,0,5.63E-07
03/04/2018,16,0.3,0,0,0.202173913,0,0.097826087,0,9.19E-14,6.14E-07,0,4.72E-07,0
03/04/2018,17,0.38,0,0,0.256086957,0,0.123913043,0,3.49E-13,1.35E-06,0,1.06E-06,0
03/04/2018,18,0.45,0,0,0.30326087,0,0.14673913,0,1.90E-13,1.14E-06,0,8.86E-07,0
03/04/2018,19,1.23,0,0,0.828913043,0,0.401086957,0,2.88E-14,7.20E-07,0,5.55E-07,0
03/04/2018,20,0.63,0,0,0.424565217,0,0.205434783,0,8.00E-14,8.41E-07,0,6.55E-07,0
03/04/2018,21,0.72,0,0,0.485217391,0,0.234782609,0,6.24E-14,7.95E-07,0,6.22E-07,0
03/04/2018,22,2.12,0,0,1.505010198,0,0.614989802,0,4.57E-20,0.08044825,0,0.070209382,0
03/04/2018,23,3.02,0,0,2.237342213,0,0.782657787,0,5.97E-27,0.213073249,0,0.185954836,0
04/04/2018,0,2.61,0,0,1.903724295,0,0.706275705,0,1.07E-27,0.152655194,0,0.133226351,0
04/04/2018,1,0.85,0,0,0.572826087,0,0.277173913,0,3.04E-14,5.75E-07,0,4.39E-07,0
04/04/2018,2,0.46,0,0,0.31,0,0.15,0,2.00E-13,1.17E-06,0,9.06E-07,0
04/04/2018,3,0.44,0,0,0.296521739,0,0.143478261,0,2.73E-13,1.35E-06,0,1.06E-06,0
04/04/2018,4,0.41,0,0,0.276304348,0,0.133695652,0,9.39E-14,7.50E-07,0,5.84E-07,0
04/04/2018,5,0.36,0,0,0.242608696,0,0.117391304,0,2.18E-13,1.07E-06,0,8.27E-07,0
04/04/2018,6,0.44,0,0,0.296521739,0,0.143478261,0,2.73E-13,1.35E-06,0,1.06E-06,0
04/04/2018,7,0.5,0,0,0.336956522,0,0.163043478,0,9.90E-14,8.94E-07,0,7.00E-07,0
04/04/2018,8,0.53,0.120864,0.120864,0.275722087,0,0.133413913,0,1.88E-13,1.07E-06,0,8.35E-07,0
04/04/2018,9,0.88,0.565434,0.563428961,0.213341352,0,0.103229687,0,1.27E-13,8.38E-07,0,6.53E-07,0
04/04/2018,10,1.24,1.922594,1.24,1.44E-13,0.648155893,0,2.08E-14,0,0,3.07E-07,0,4.69E-07
04/04/2018,11,0.41,1.507953,0.41,1.29E-14,0.915230089,0,1.96E-14,0,0,5.33E-07,0,5.71E-07
04/04/2018,12,0.41,1.930177,0.41,1.57E-14,1.253195714,0,2.54E-14,0,0,0.006892624,0,0.004135575
04/04/2018,13,0.41,0.786436,0.41,6.71E-14,0.335439643,0,5.31E-14,0,0,6.80E-07,0,6.23E-07
04/04/2018,14,0.49,0.50415,0.37669918,0.11330082,0.12745082,0,3.96E-14,0,0,2.87E-07,0,2.76E-07
04/04/2018,15,0.58,0.593178,0.444074066,0.135925934,0.149103934,0,3.72E-14,0,0,2.31E-07,0,2.46E-07
04/04/2018,16,0.61,0,0,0.411086957,0,0.198913043,0,7.71E-14,8.10E-07,0,6.32E-07,0
04/04/2018,17,0.38,0,0,0.256086957,0,0.123913043,0,3.49E-13,1.35E-06,0,1.06E-06,0
04/04/2018,18,0.54,0,0,0.363913043,0,0.176086957,0,8.84E-14,8.55E-07,0,6.64E-07,0
04/04/2018,19,0.47,0,0,0.31673913,0,0.15326087,0,1.52E-13,1.03E-06,0,7.99E-07,0
04/04/2018,20,0.65,0,0,0.438043478,0,0.211956522,0,4.98E-14,6.79E-07,0,5.29E-07,0
04/04/2018,21,0.59,0,0,0.397608696,0,0.192391304,0,8.91E-14,8.65E-07,0,6.80E-07,0
04/04/2018,22,2.56,0,0,1.863039183,0,0.696960817,0,1.19E-25,0.145287139,0,0.126796048,0
04/04/2018,23,1.56,0,0,1.051304348,0,0.508695652,0,2.32E-14,6.82E-07,0,5.19E-07,0
05/04/2018,0,1.06,0,0,0.714347826,0,0.345652174,0,9.86E-14,1.29E-06,0,9.96E-07,0
05/04/2018,1,0.54,0,0,0.363913043,0,0.176086957,0,8.84E-14,8.55E-07,0,6.64E-07,0
05/04/2018,2,0.46,0,0,0.31,0,0.15,0,2.00E-13,1.17E-06,0,9.06E-07,0
05/04/2018,3,0.45,0,0,0.30326087,0,0.14673913,0,1.90E-13,1.14E-06,0,8.86E-07,0
05/04/2018,4,0.47,0,0,0.31673913,0,0.15326087,0,1.52E-13,1.03E-06,0,7.99E-07,0
05/04/2018,5,0.34,0,0,0.229130435,0,0.110869565,0,6.68E-14,5.46E-07,0,4.22E-07,0
05/04/2018,6,0.33,0,0,0.222391304,0,0.107608696,0,6.52E-14,5.31E-07,0,4.09E-07,0
05/04/2018,7,0.36,0.024732,0.024732,0.225941478,0,0.109326522,0,2.59E-13,1.16E-06,0,9.05E-07,0
05/04/2018,8,0.35,0.066143,0.066143,0.191294935,0,0.092562065,0,1.53E-13,8.29E-07,0,6.42E-07,0
05/04/2018,9,3.79,0.276436,0.276436,2.638956345,0,0.874607655,0,6.08E-23,0.285805388,0,0.249430157,0
05/04/2018,10,1.71,0.130369,0.130369,1.065310733,0,0.514320267,0,9.89E-19,0.000818875,0,0.000714654,0
05/04/2018,11,0.44,0.377302,0.361940234,0.052605495,0,0.025454272,0,2.41E-13,5.53E-07,0,4.26E-07,0
05/04/2018,12,0.41,0.176933,0.176933,0.157066891,0,0.076000109,0,3.87E-13,1.16E-06,0,9.08E-07,0
05/04/2018,13,0.35,0.205169,0.205169,0.0976035,0,0.0472275,0,5.45E-13,1.07E-06,0,8.47E-07,0
05/04/2018,14,0.32,0.301751,0.286426785,0.022625427,0,0.010947787,0,1.19E-12,8.65E-07,0,6.76E-07,0
05/04/2018,15,0.39,0.654303,0.39,5.71E-14,0.243725625,0,2.50E-14,0,0,3.23E-07,0,3.29E-07
05/04/2018,16,0.4,0,0,0.269565217,0,0.130434783,0,9.36E-14,7.27E-07,0,5.71E-07,0
05/04/2018,17,0.46,0,0,0.31,0,0.15,0,2.00E-13,1.17E-06,0,9.06E-07,0
05/04/2018,18,0.6,0,0,0.404347826,0,0.195652174,0,4.03E-14,5.74E-07,0,4.48E-07,0
05/04/2018,19,0.43,0,0,0.289782609,0,0.140217391,0,1.24E-13,8.81E-07,0,6.85E-07,0
05/04/2018,20,1.72,0,0,1.179529303,0,0.540470697,0,4.77E-24,0.021503806,0,0.018766958,0
05/04/2018,21,0.57,0,0,0.384130435,0,0.185869565,0,7.42E-14,7.91E-07,0,6.10E-07,0
05/04/2018,22,1.62,0,0,1.098159079,0,0.521840921,0,5.36E-20,0.006767695,0,0.005906352,0
05/04/2018,23,0.57,0,0,0.384130435,0,0.185869565,0,7.42E-14,7.91E-07,0,6.10E-07,0
06/04/2018,0,0.45,0,0,0.30326087,0,0.14673913,0,1.90E-13,1.14E-06,0,8.86E-07,0
06/04/2018,1,0.89,0,0,0.599782609,0,0.290217391,0,3.26E-14,6.12E-07,0,4.66E-07,0
06/04/2018,2,1.09,0,0,0.734565217,0,0.355434783,0,7.98E-14,1.17E-06,0,9.03E-07,0
06/04/2018,3,1.13,0,0,0.761521739,0,0.368478261,0,7.57E-14,1.14E-06,0,8.70E-07,0
06/04/2018,4,1.14,0,0,0.76826087,0,0.37173913,0,3.67E-14,7.78E-07,0,5.92E-07,0
06/04/2018,5,1.09,0,0,0.734565217,0,0.355434783,0,7.98E-14,1.17E-06,0,9.03E-07,0
06/04/2018,6,1.03,0,0,0.694130435,0,0.335869565,0,1.13E-13,1.35E-06,0,1.05E-06,0
06/04/2018,7,1.04,0,0,0.700869565,0,0.339130435,0,7.50E-14,1.09E-06,0,8.49E-07,0
06/04/2018,8,1.06,0.27101,0.27101,0.531710652,0,0.257279348,0,8.80E-14,1.03E-06,0,7.99E-07,0
06/04/2018,9,0.48,0.096048,0.096048,0.258750261,0,0.125201739,0,2.44E-13,1.22E-06,0,9.36E-07,0
06/04/2018,10,0.48,0.129774,0.129774,0.23602187,0,0.11420413,0,2.56E-13,1.16E-06,0,8.93E-07,0
06/04/2018,11,0.37,0.308957,0.297302188,0.048992004,0,0.023705808,0,5.78E-13,8.70E-07,0,6.78E-07,0
06/04/2018,12,0.29,0.157525,0.157525,0.08927663,0,0.04319837,0,1.51E-13,5.69E-07,0,4.37E-07,0
06/04/2018,13,0.29,0.132145,0.132145,0.106380543,0,0.051474457,0,1.47E-13,6.28E-07,0,4.85E-07,0
06/04/2018,14,0.83,0.259091,0.259091,0.384743022,0,0.186165978,0,4.56E-14,6.51E-07,0,5.00E-07,0
06/04/2018,15,1.37,0,0,0.92326087,0,0.44673913,0,2.12E-14,6.80E-07,0,5.21E-07,0
06/04/2018,16,0.47,0,0,0.31673913,0,0.15326087,0,1.52E-13,1.03E-06,0,7.99E-07,0
06/04/2018,17,0.44,0,0,0.296521739,0,0.143478261,0,2.73E-13,1.35E-06,0,1.06E-06,0
06/04/2018,18,0.54,0,0,0.363913043,0,0.176086957,0,8.84E-14,8.55E-07,0,6.64E-07,0
06/04/2018,19,0.85,0,0,0.572826087,0,0.277173913,0,3.04E-14,5.75E-07,0,4.39E-07,0
06/04/2018,20,0.54,0,0,0.363913043,0,0.176086957,0,8.84E-14,8.55E-07,0,6.64E-07,0
06/04/2018,21,1.34,0,0,0.903043478,0,0.436956522,0,2.04E-14,6.78E-07,0,5.19E-07,0
06/04/2018,22,1.9,0,0,1.325995706,0,0.574004294,0,1.63E-26,0.048028806,0,0.041916049,0
06/04/2018,23,0.82,0,0,0.552608696,0,0.267391304,0,2.64E-14,5.24E-07,0,4.04E-07,0
07/04/2018,0,0.41,0,0,0.276304348,0,0.133695652,0,9.39E-14,7.50E-07,0,5.84E-07,0
07/04/2018,1,0.4,0,0,0.269565217,0,0.130434783,0,9.36E-14,7.27E-07,0,5.71E-07,0
07/04/2018,2,1.05,0,0,0.707608696,0,0.342391304,0,1.87E-14,5.54E-07,0,4.26E-07,0
07/04/2018,3,1.16,0,0,0.78173913,0,0.37826087,0,4.43E-14,8.71E-07,0,6.72E-07,0
07/04/2018,4,1.18,0,0,0.795217391,0,0.384782609,0,5.49E-14,9.75E-07,0,7.45E-07,0
07/04/2018,5,1.2,0,0,0.808695652,0,0.391304348,0,4.60E-14,8.90E-07,0,6.81E-07,0
07/04/2018,6,1.12,0,0,0.754782609,0,0.365217391,0,7.40E-14,1.12E-06,0,8.62E-07,0
07/04/2018,7,0.68,0,0,0.45826087,0,0.22173913,0,7.13E-14,8.21E-07,0,6.42E-07,0
07/04/2018,8,0.47,0.017382,0.017382,0.305025174,0,0.147592826,0,1.81E-13,1.15E-06,0,8.88E-07,0
07/04/2018,9,0.38,0.078575,0.078575,0.203134239,0,0.098290761,0,2.07E-13,1.04E-06,0,8.09E-07,0
07/04/2018,10,0.44,0.127583,0.127583,0.210541891,0,0.101875109,0,5.42E-14,5.21E-07,0,4.01E-07,0
07/04/2018,11,0.46,0.139788,0.139788,0.215795043,0,0.104416957,0,3.19E-13,1.27E-06,0,9.81E-07,0
07/04/2018,12,0.46,0.155108,0.155108,0.205470696,0,0.099421304,0,3.14E-13,1.20E-06,0,9.32E-07,0
07/04/2018,13,0.4,0.201401,0.201401,0.133838457,0,0.064760543,0,4.01E-13,1.09E-06,0,8.58E-07,0
07/04/2018,14,0.44,0.087233,0.087233,0.237734283,0,0.115032717,0,3.07E-13,1.33E-06,0,1.03E-06,0
07/04/2018,15,0.38,0,0,0.256086957,0,0.123913043,0,3.49E-13,1.35E-06,0,1.06E-06,0
07/04/2018,16,0.66,0,0,0.444782609,0,0.215217391,0,5.00E-14,6.87E-07,0,5.35E-07,0
07/04/2018,17,0.45,0,0,0.30326087,0,0.14673913,0,1.90E-13,1.14E-06,0,8.86E-07,0
07/04/2018,18,0.75,0,0,0.505434783,0,0.244565217,0,2.58E-14,5.13E-07,0,4.03E-07,0
07/04/2018,19,0.65,0,0,0.438043478,0,0.211956522,0,4.98E-14,6.79E-07,0,5.29E-07,0
07/04/2018,20,0.41,0,0,0.276304348,0,0.133695652,0,9.39E-14,7.50E-07,0,5.84E-07,0
07/04/2018,21,0.39,0,0,0.262826087,0,0.127173913,0,3.46E-13,1.38E-06,0,1.08E-06,0
07/04/2018,22,3.96,0,0,3.002222317,0,0.957777683,0,7.17E-19,0.351592693,0,0.306844532,0
07/04/2018,23,1.96,0,0,1.37481784,0,0.58518216,0,1.44E-19,0.056870473,0,0.049632413,0
08/04/2018,0,1.1,0,0,0.741304348,0,0.358695652,0,8.04E-14,1.18E-06,0,9.02E-07,0
08/04/2018,1,0.38,0,0,0.256086957,0,0.123913043,0,3.49E-13,1.35E-06,0,1.06E-06,0
08/04/2018,2,0.37,0,0,0.249347826,0,0.120652174,0,6.10E-14,5.67E-07,0,4.41E-07,0
08/04/2018,3,0.33,0,0,0.222391304,0,0.107608696,0,6.52E-14,5.31E-07,0,4.09E-07,0
08/04/2018,4,0.38,0,0,0.256086957,0,0.123913043,0,3.49E-13,1.35E-06,0,1.06E-06,0
08/04/2018,5,0.42,0,0,0.283043478,0,0.136956522,0,3.20E-13,1.40E-06,0,1.09E-06,0
08/04/2018,6,0.4,0,0,0.269565217,0,0.130434783,0,9.36E-14,7.27E-07,0,5.71E-07,0
08/04/2018,7,0.45,0,0,0.30326087,0,0.14673913,0,1.90E-13,1.14E-06,0,8.86E-07,0
08/04/2018,8,0.67,0.040289,0.040289,0.424370457,0,0.205340543,0,9.21E-14,9.64E-07,0,7.48E-07,0
08/04/2018,9,0.48,0.140654,0.140654,0.228689696,0,0.110656304,0,2.55E-13,1.14E-06,0,8.77E-07,0
08/04/2018,10,1.43,0.130421,0.130421,0.875803239,0,0.423775761,0,4.66E-14,9.88E-07,0,7.66E-07,0
08/04/2018,11,0.45,0.142956,0.142956,0.206920957,0,0.100123043,0,3.34E-13,1.27E-06,0,9.81E-07,0
08/04/2018,12,0.42,0.458287,0.336178639,0.083821361,0.122108361,0,2.16E-13,0,0,9.86E-07,0,8.21E-07
08/04/2018,13,0.53,0.132613,0.132613,0.267804283,0,0.129582717,0,1.61E-13,9.65E-07,0,7.57E-07,0
08/04/2018,14,0.57,0.117292,0.117292,0.305085826,0,0.147622174,0,1.47E-13,1.05E-06,0,8.15E-07,0
08/04/2018,15,0.71,0,0,0.478478261,0,0.231521739,0,7.02E-14,8.36E-07,0,6.52E-07,0
08/04/2018,16,0.64,0,0,0.431304348,0,0.208695652,0,4.80E-14,6.62E-07,0,5.15E-07,0
08/04/2018,17,0.54,0,0,0.363913043,0,0.176086957,0,8.84E-14,8.55E-07,0,6.64E-07,0
08/04/2018,18,0.62,0,0,0.417826087,0,0.202173913,0,7.85E-14,8.25E-07,0,6.43E-07,0
08/04/2018,19,0.79,0,0,0.532391304,0,0.257608696,0,3.28E-14,5.99E-07,0,4.65E-07,0
08/04/2018,20,1,0,0,0.673913043,0,0.326086957,0,9.32E-14,1.16E-06,0,8.99E-07,0
08/04/2018,21,0.53,0,0,0.357173913,0,0.172826087,0,7.95E-14,8.04E-07,0,6.26E-07,0
08/04/2018,22,0.4,0,0,0.269565217,0,0.130434783,0,9.36E-14,7.27E-07,0,5.71E-07,0
08/04/2018,23,1.56,0,0,1.051304348,0,0.508695652,0,2.32E-14,6.82E-07,0,5.19E-07,0
09/04/2018,0,0.94,0,0,0.633478261,0,0.306521739,0,3.24E-14,6.36E-07,0,4.87E-07,0
09/04/2018,1,0.48,0,0,0.323478261,0,0.156521739,0,1.16E-13,9.20E-07,0,7.15E-07,0
09/04/2018,2,0.42,0,0,0.283043478,0,0.136956522,0,3.20E-13,1.40E-06,0,1.09E-06,0
09/04/2018,3,0.37,0,0,0.249347826,0,0.120652174,0,6.10E-14,5.67E-07,0,4.41E-07,0
09/04/2018,4,0.36,0,0,0.242608696,0,0.117391304,0,2.18E-13,1.07E-06,0,8.27E-07,0
09/04/2018,5,0.43,0,0,0.289782609,0,0.140217391,0,1.24E-13,8.81E-07,0,6.85E-07,0
09/04/2018,6,0.41,0,0,0.276304348,0,0.133695652,0,9.39E-14,7.50E-07,0,5.84E-07,0
09/04/2018,7,0.65,0,0,0.438043478,0,0.211956522,0,4.98E-14,6.79E-07,0,5.29E-07,0
09/04/2018,8,0.56,0.716854,0.500906602,0.059093398,0.213780583,0,2.37E-14,0,0,2.13E-07,0,2.49E-07
09/04/2018,9,0.48,1.103385,0.48,5.03E-14,0.539505804,0,5.55E-14,0,0,9.44E-07,0,8.75E-07
09/04/2018,10,0.53,1.985214,0.53,1.39E-14,1.211957679,0,2.12E-14,0,0,9.60E-07,0,7.95E-07
09/04/2018,11,0.63,1.076094,0.63,7.81E-14,0.409093393,0,3.86E-14,0,0,7.18E-07,0,5.93E-07
09/04/2018,12,1.57,0.820226,0.820226,0.505282478,0,0.244491522,0,5.71E-14,8.37E-07,0,6.30E-07,0
09/04/2018,13,0.47,0.133097,0.133097,0.227043326,0,0.109859674,0,2.72E-13,1.19E-06,0,9.12E-07,0
09/04/2018,14,0.35,0.313264,0.299049982,0.034335882,0,0.016614136,0,6.85E-13,7.93E-07,0,6.18E-07,0
09/04/2018,15,0.38,0,0,0.256086957,0,0.123913043,0,3.49E-13,1.35E-06,0,1.06E-06,0
09/04/2018,16,0.36,0,0,0.242608696,0,0.117391304,0,2.18E-13,1.07E-06,0,8.27E-07,0
09/04/2018,17,0.62,0,0,0.417826087,0,0.202173913,0,7.85E-14,8.25E-07,0,6.43E-07,0
09/04/2018,18,0.59,0,0,0.397608696,0,0.192391304,0,8.91E-14,8.65E-07,0,6.80E-07,0
09/04/2018,19,0.53,0,0,0.357173913,0,0.172826087,0,7.95E-14,8.04E-07,0,6.26E-07,0
09/04/2018,20,0.49,0,0,0.330217391,0,0.159782609,0,1.04E-13,8.89E-07,0,6.95E-07,0
09/04/2018,21,1.4,0,0,0.943478261,0,0.456521739,0,2.44E-14,7.34E-07,0,5.62E-07,0
09/04/2018,22,1.93,0,0,1.350406773,0,0.579593227,0,2.07E-20,0.05244964,0,0.045774231,0
09/04/2018,23,2.3,0,0,1.651476601,0,0.648523399,0,1.06E-17,0.10697325,0,0.093358473,0
10/04/2018,0,0.75,0,0,0.505434783,0,0.244565217,0,2.58E-14,5.13E-07,0,4.03E-07,0
10/04/2018,1,1.17,0,0,0.788478261,0,0.381521739,0,4.26E-14,8.57E-07,0,6.61E-07,0
10/04/2018,2,0.68,0,0,0.45826087,0,0.22173913,0,7.13E-14,8.21E-07,0,6.42E-07,0
10/04/2018,3,0.38,0,0,0.256086957,0,0.123913043,0,3.49E-13,1.35E-06,0,1.06E-06,0
10/04/2018,4,0.38,0,0,0.256086957,0,0.123913043,0,3.49E-13,1.35E-06,0,1.06E-06,0
10/04/2018,5,0.38,0,0,0.256086957,0,0.123913043,0,3.49E-13,1.35E-06,0,1.06E-06,0
10/04/2018,6,0.45,0,0,0.30326087,0,0.14673913,0,1.90E-13,1.14E-06,0,8.86E-07,0
10/04/2018,7,1.7,0,0,1.163255258,0,0.536744742,0,1.23E-23,0.018556584,0,0.016194837,0
10/04/2018,8,1.17,0.06941,0.06941,0.741701957,0,0.358888043,0,1.85E-14,5.75E-07,0,4.42E-07,0
10/04/2018,9,1.75,0.110215,0.110215,1.114258177,0,0.525526823,0,3.53E-19,0.009683235,0,0.008450823,0
10/04/2018,10,0.42,0.163035,0.163035,0.173172065,0,0.083792935,0,3.81E-13,1.21E-06,0,9.41E-07,0
10/04/2018,11,0.67,0.18188,0.18188,0.328950435,0,0.159169565,0,8.93E-14,8.86E-07,0,6.90E-07,0
10/04/2018,12,0.64,0.379078,0.379078,0.175838739,0,0.085083261,0,2.12E-13,9.32E-07,0,7.21E-07,0
10/04/2018,13,0.5,1.341884,0.5,2.81E-14,0.7166925,0,3.60E-14,0,0,4.73E-07,0,5.73E-07
10/04/2018,14,0.43,1.289561,0.43,4.89E-15,0.725272232,0,6.76E-15,0,0,2.04E-07,0,2.40E-07
10/04/2018,15,0.31,0,0,0.208913043,0,0.101086957,0,8.52E-14,5.97E-07,0,4.59E-07,0
10/04/2018,16,0.38,0,0,0.256086957,0,0.123913043,0,3.49E-13,1.35E-06,0,1.06E-06,0
10/04/2018,17,0.44,0,0,0.296521739,0,0.143478261,0,2.73E-13,1.35E-06,0,1.06E-06,0
10/04/2018,18,0.43,0,0,0.289782609,0,0.140217391,0,1.24E-13,8.81E-07,0,6.85E-07,0
10/04/2018,19,0.42,0,0,0.283043478,0,0.136956522,0,3.20E-13,1.40E-06,0,1.09E-06,0
10/04/2018,20,0.74,0,0,0.498695652,0,0.241304348,0,1.49E-13,1.26E-06,0,9.82E-07,0
10/04/2018,21,1.68,0,0,1.146981213,0,0.533018787,0,2.21E-15,0.015609362,0,0.013622716,0
10/04/2018,22,0.74,0,0,0.498695652,0,0.241304348,0,1.49E-13,1.26E-06,0,9.82E-07,0
10/04/2018,23,0.93,0,0,0.62673913,0,0.30326087,0,7.38E-14,9.64E-07,0,7.40E-07,0
11/04/2018,0,1.39,0,0,0.93673913,0,0.45326087,0,2.28E-14,7.09E-07,0,5.43E-07,0
11/04/2018,1,0.45,0,0,0.30326087,0,0.14673913,0,1.90E-13,1.14E-06,0,8.86E-07,0
11/04/2018,2,0.44,0,0,0.296521739,0,0.143478261,0,2.73E-13,1.35E-06,0,1.06E-06,0
11/04/2018,3,0.37,0,0,0.249347826,0,0.120652174,0,6.10E-14,5.67E-07,0,4.41E-07,0
11/04/2018,4,0.37,0,0,0.249347826,0,0.120652174,0,6.10E-14,5.67E-07,0,4.41E-07,0
11/04/2018,5,0.35,0,0,0.235869565,0,0.114130435,0,1.79E-13,9.39E-07,0,7.27E-07,0
11/04/2018,6,0.43,0,0,0.289782609,0,0.140217391,0,1.24E-13,8.81E-07,0,6.85E-07,0
11/04/2018,7,0.66,0,0,0.444782609,0,0.215217391,0,5.00E-14,6.87E-07,0,5.35E-07,0
11/04/2018,8,0.78,0.637134,0.614717222,0.11138622,0,0.053896558,0,6.76E-13,1.35E-06,0,1.06E-06,0
11/04/2018,9,0.48,0.66449,0.453130148,0.026869852,0.206254982,0,3.37E-14,0,0,2.42E-07,0,2.31E-07
11/04/2018,10,1.02,0.129171,0.129171,0.600341283,0,0.290487717,0,1.01E-13,1.15E-06,0,8.78E-07,0
11/04/2018,11,0.91,0.807678,0.771755157,0.093165003,0,0.04507984,0,4.15E-13,1.02E-06,0,7.98E-07,0
11/04/2018,12,0.53,0.429925,0.415148433,0.077399969,0,0.037451598,0,3.33E-13,7.80E-07,0,6.08E-07,0
11/04/2018,13,0.46,0.327896,0.321940061,0.093040393,0,0.045019545,0,2.19E-13,7.16E-07,0,5.53E-07,0
11/04/2018,14,0.45,0.279764,0.279764,0.114724261,0,0.055511739,0,2.85E-13,9.47E-07,0,7.42E-07,0
11/04/2018,15,0.41,0,0,0.276304348,0,0.133695652,0,9.39E-14,7.50E-07,0,5.84E-07,0
11/04/2018,16,0.3,0,0,0.202173913,0,0.097826087,0,9.19E-14,6.14E-07,0,4.72E-07,0
11/04/2018,17,0.39,0,0,0.262826087,0,0.127173913,0,3.46E-13,1.38E-06,0,1.08E-06,0
11/04/2018,18,0.55,0,0,0.370652174,0,0.179347826,0,8.40E-14,8.37E-07,0,6.49E-07,0
11/04/2018,19,0.72,0,0,0.485217391,0,0.234782609,0,6.24E-14,7.95E-07,0,6.22E-07,0
11/04/2018,20,0.46,0,0,0.31,0,0.15,0,2.00E-13,1.17E-06,0,9.06E-07,0
11/04/2018,21,0.46,0,0,0.31,0,0.15,0,2.00E-13,1.17E-06,0,9.06E-07,0
11/04/2018,22,0.5,0,0,0.336956522,0,0.163043478,0,9.90E-14,8.94E-07,0,7.00E-07,0
11/04/2018,23,1.66,0,0,1.130707168,0,0.529292832,0,5.73E-25,0.01266214,0,0.011050595,0
12/04/2018,0,0.97,0,0,0.653695652,0,0.316304348,0,9.83E-14,1.14E-06,0,8.86E-07,0
12/04/2018,1,0.38,0,0,0.256086957,0,0.123913043,0,3.49E-13,1.35E-06,0,1.06E-06,0
12/04/2018,2,0.45,0,0,0.30326087,0,0.14673913,0,1.90E-13,1.14E-06,0,8.86E-07,0
12/04/2018,3,0.47,0,0,0.31673913,0,0.15326087,0,1.52E-13,1.03E-06,0,7.99E-07,0
12/04/2018,4,0.42,0,0,0.283043478,0,0.136956522,0,3.20E-13,1.40E-06,0,1.09E-06,0
12/04/2018,5,0.35,0,0,0.235869565,0,0.114130435,0,1.79E-13,9.39E-07,0,7.27E-07,0
12/04/2018,6,0.41,0,0,0.276304348,0,0.133695652,0,9.39E-14,7.50E-07,0,5.84E-07,0
12/04/2018,7,0.47,0,0,0.31673913,0,0.15326087,0,1.52E-13,1.03E-06,0,7.99E-07,0
12/04/2018,8,0.8,0.612867,0.596039619,0.137451561,0,0.06650882,0,2.14E-13,8.27E-07,0,6.31E-07,0
12/04/2018,9,0.62,0.714988,0.515813574,0.104186426,0.199174426,0,2.22E-14,0,0,1.80E-07,0,2.08E-07
12/04/2018,10,0.43,0.881263,0.43,4.15E-14,0.397175625,0,3.83E-14,0,0,7.62E-07,0,6.40E-07
12/04/2018,11,0.35,1.6402,0.35,1.25E-14,1.064892857,0,2.03E-14,0,0,7.73E-07,0,6.88E-07
12/04/2018,12,0.42,1.070999,0.42,8.58E-15,0.556874196,0,1.06E-14,0,0,2.21E-07,0,2.49E-07
12/04/2018,13,0.32,1.937048,0.32,4.23E-16,1.31724169,0,7.07E-16,0,0,0.041131776,0,0.024679065
12/04/2018,14,0.35,0.094847,0.094847,0.171950935,0,0.083202065,0,1.47E-13,8.13E-07,0,6.31E-07,0
12/04/2018,15,0.4,0,0,0.269565217,0,0.130434783,0,9.36E-14,7.27E-07,0,5.71E-07,0
12/04/2018,16,0.36,0,0,0.242608696,0,0.117391304,0,2.18E-13,1.07E-06,0,8.27E-07,0
12/04/2018,17,0.3,0,0,0.202173913,0,0.097826087,0,9.19E-14,6.14E-07,0,4.72E-07,0
12/04/2018,18,0.45,0,0,0.30326087,0,0.14673913,0,1.90E-13,1.14E-06,0,8.86E-07,0
12/04/2018,19,0.65,0,0,0.438043478,0,0.211956522,0,4.98E-14,6.79E-07,0,5.29E-07,0
12/04/2018,20,0.56,0,0,0.377391304,0,0.182608696,0,7.91E-14,8.14E-07,0,6.30E-07,0
12/04/2018,21,0.43,0,0,0.289782609,0,0.140217391,0,1.24E-13,8.81E-07,0,6.85E-07,0
12/04/2018,22,0.52,0,0,0.350434783,0,0.169565217,0,8.97E-14,8.49E-07,0,6.61E-07,0
12/04/2018,23,0.82,0,0,0.552608696,0,0.267391304,0,2.64E-14,5.24E-07,0,4.04E-07,0
13/04/2018,0,1.49,0,0,1.004130435,0,0.485869565,0,2.20E-14,6.76E-07,0,5.17E-07,0
13/04/2018,1,0.38,0,0,0.256086957,0,0.123913043,0,3.49E-13,1.35E-06,0,1.06E-06,0
13/04/2018,2,0.47,0,0,0.31673913,0,0.15326087,0,1.52E-13,1.03E-06,0,7.99E-07,0
13/04/2018,3,0.44,0,0,0.296521739,0,0.143478261,0,2.73E-13,1.35E-06,0,1.06E-06,0
13/04/2018,4,0.42,0,0,0.283043478,0,0.136956522,0,3.20E-13,1.40E-06,0,1.09E-06,0
13/04/2018,5,0.36,0,0,0.242608696,0,0.117391304,0,2.18E-13,1.07E-06,0,8.27E-07,0
13/04/2018,6,0.36,0,0,0.242608696,0,0.117391304,0,2.18E-13,1.07E-06,0,8.27E-07,0
13/04/2018,7,0.33,0,0,0.222391304,0,0.107608696,0,6.52E-14,5.31E-07,0,4.09E-07,0
13/04/2018,8,0.6,0.044972,0.044972,0.374040609,0,0.180987391,0,9.77E-14,9.25E-07,0,7.18E-07,0
13/04/2018,9,0.39,0.156782,0.156782,0.157168652,0,0.076049348,0,4.71E-13,1.32E-06,0,1.02E-06,0
13/04/2018,10,0.36,0.203714,0.203714,0.105323174,0,0.050962826,0,4.99E-13,1.07E-06,0,8.41E-07,0
13/04/2018,11,0.37,0.248045,0.245637431,0.083809557,0,0.040553012,0,6.11E-13,1.16E-06,0,9.03E-07,0
13/04/2018,12,0.34,0.273582,0.264439557,0.050921168,0,0.024639275,0,6.65E-13,9.68E-07,0,7.59E-07,0
13/04/2018,13,0.34,0.210192,0.210192,0.087479304,0,0.042328696,0,5.78E-13,1.09E-06,0,8.54E-07,0
13/04/2018,14,1.75,0.122899,0.122899,1.103937178,0,0.523163822,0,1.64E-18,0.007814107,0,0.006819584,0
13/04/2018,15,0.63,0,0,0.424565217,0,0.205434783,0,8.00E-14,8.41E-07,0,6.55E-07,0
13/04/2018,16,0.99,0,0,0.667173913,0,0.322826087,0,9.41E-14,1.15E-06,0,8.90E-07,0
13/04/2018,17,1.29,0,0,0.869347826,0,0.420652174,0,3.66E-14,8.29E-07,0,6.31E-07,0
13/04/2018,18,1.41,0,0,0.950217391,0,0.459782609,0,2.32E-14,7.43E-07,0,5.72E-07,0
13/04/2018,19,2.27,0,0,1.627065534,0,0.642934466,0,4.80E-27,0.102552417,0,0.089500291,0
13/04/2018,20,3.23,0,0,2.408219683,0,0.821780317,0,6.49E-21,0.244019083,0,0.212962108,0
13/04/2018,21,3.27,0,0,2.440767773,0,0.829232227,0,4.92E-21,0.249913527,0,0.218106351,0
13/04/2018,22,3.14,0,0,2.334986482,0,0.805013518,0,8.54E-21,0.230756583,0,0.201387563,0
13/04/2018,23,0,0,0,0,0,0,5.02E-07,0,0,5.73E-07,0,3.80E-07
14/04/2018,0,1.32,0,0,0.889565217,0,0.430434783,0,3.24E-14,7.84E-07,0,5.96E-07,0
14/04/2018,1,1.01,0,0,0.680652174,0,0.329347826,0,9.58E-14,1.19E-06,0,9.25E-07,0
14/04/2018,2,0.44,0,0,0.296521739,0,0.143478261,0,2.73E-13,1.35E-06,0,1.06E-06,0
14/04/2018,3,0.52,0,0,0.350434783,0,0.169565217,0,8.97E-14,8.49E-07,0,6.61E-07,0
14/04/2018,4,0.47,0,0,0.31673913,0,0.15326087,0,1.52E-13,1.03E-06,0,7.99E-07,0
14/04/2018,5,0.45,0,0,0.30326087,0,0.14673913,0,1.90E-13,1.14E-06,0,8.86E-07,0
14/04/2018,6,0.36,0,0,0.242608696,0,0.117391304,0,2.18E-13,1.07E-06,0,8.27E-07,0
14/04/2018,7,0.53,0,0,0.357173913,0,0.172826087,0,7.95E-14,8.04E-07,0,6.26E-07,0
14/04/2018,8,0.33,0.776573,0.33,1.27E-14,0.385371161,0,1.44E-14,0,0,2.72E-07,0,2.92E-07
14/04/2018,9,0.42,1.453949,0.42,1.69E-14,0.864601875,0,2.51E-14,0,0,5.01E-07,0,5.56E-07
14/04/2018,10,0.56,2.120025,0.56,3.13E-18,1.293172426,0,4.79E-18,0,0,0.028264283,0,0.01695857
14/04/2018,11,0.53,2.153324,0.53,1.02E-22,1.337122174,0,1.63E-22,0,0,0.051759936,0,0.031055962
14/04/2018,12,0.48,0.320358,0.317451776,0.109543368,0,0.053004856,0,1.93E-13,7.32E-07,0,5.66E-07,0
14/04/2018,13,0.34,0.112098,0.112098,0.15358613,0,0.07431587,0,8.69E-14,5.83E-07,0,4.51E-07,0
14/04/2018,14,0.43,0.121713,0.121713,0.20775863,0,0.10052837,0,5.29E-14,5.18E-07,0,4.00E-07,0
14/04/2018,15,0.41,0,0,0.276304348,0,0.133695652,0,9.39E-14,7.50E-07,0,5.84E-07,0
14/04/2018,16,0.47,0,0,0.31673913,0,0.15326087,0,1.52E-13,1.03E-06,0,7.99E-07,0
14/04/2018,17,0.53,0,0,0.357173913,0,0.172826087,0,7.95E-14,8.04E-07,0,6.26E-07,0
14/04/2018,18,0.59,0,0,0.397608696,0,0.192391304,0,8.91E-14,8.65E-07,0,6.80E-07,0
14/04/2018,19,0.54,0,0,0.363913043,0,0.176086957,0,8.84E-14,8.55E-07,0,6.64E-07,0
14/04/2018,20,1.49,0,0,1.004130435,0,0.485869565,0,2.20E-14,6.76E-07,0,5.17E-07,0
14/04/2018,21,0.63,0,0,0.424565217,0,0.205434783,0,8.00E-14,8.41E-07,0,6.55E-07,0
14/04/2018,22,0.73,0,0,0.491956522,0,0.238043478,0,5.13E-14,7.22E-07,0,5.65E-07,0
14/04/2018,23,0.52,0,0,0.350434783,0,0.169565217,0,8.97E-14,8.49E-07,0,6.61E-07,0
15/04/2018,0,1.23,0,0,0.828913043,0,0.401086957,0,2.88E-14,7.20E-07,0,5.55E-07,0
15/04/2018,1,1.22,0,0,0.822173913,0,0.397826087,0,3.24E-14,7.59E-07,0,5.83E-07,0
15/04/2018,2,0.46,0,0,0.31,0,0.15,0,2.00E-13,1.17E-06,0,9.06E-07,0
15/04/2018,3,0.39,0,0,0.262826087,0,0.127173913,0,3.46E-13,1.38E-06,0,1.08E-06,0
15/04/2018,4,0.4,0,0,0.269565217,0,0.130434783,0,9.36E-14,7.27E-07,0,5.71E-07,0
15/04/2018,5,0.42,0,0,0.283043478,0,0.136956522,0,3.20E-13,1.40E-06,0,1.09E-06,0
15/04/2018,6,0.35,0,0,0.235869565,0,0.114130435,0,1.79E-13,9.39E-07,0,7.27E-07,0
15/04/2018,7,0.35,0,0,0.235869565,0,0.114130435,0,1.79E-13,9.39E-07,0,7.27E-07,0
15/04/2018,8,0.47,0.06278,0.06278,0.27443087,0,0.13278913,0,2.35E-13,1.24E-06,0,9.52E-07,0
15/04/2018,9,0.42,0.135785,0.135785,0.191536196,0,0.092678804,0,5.79E-14,5.13E-07,0,3.95E-07,0
15/04/2018,10,0.54,0.202493,0.202493,0.22745037,0,0.11005663,0,1.83E-13,1.02E-06,0,7.93E-07,0
15/04/2018,11,0.63,0.1809,0.1809,0.302654348,0,0.146445652,0,1.16E-13,9.46E-07,0,7.35E-07,0
15/04/2018,12,0.35,0.249972,0.24536654,0.070513854,0,0.034119607,0,7.05E-13,1.18E-06,0,9.27E-07,0
15/04/2018,13,0.3,0.364441,0.258978213,0.041021787,0.105462787,0,2.21E-13,0,0,6.09E-07,0,6.36E-07
15/04/2018,14,0.32,0.286826,0.273767597,0.03115662,0,0.015075784,0,7.71E-13,8.12E-07,0,6.34E-07,0
15/04/2018,15,0.35,0,0,0.235869565,0,0.114130435,0,1.79E-13,9.39E-07,0,7.27E-07,0
15/04/2018,16,0.44,0,0,0.296521739,0,0.143478261,0,2.73E-13,1.35E-06,0,1.06E-06,0
15/04/2018,17,0.48,0,0,0.323478261,0,0.156521739,0,1.16E-13,9.20E-07,0,7.15E-07,0
15/04/2018,18,0.53,0,0,0.357173913,0,0.172826087,0,7.95E-14,8.04E-07,0,6.26E-07,0
15/04/2018,19,1.46,0,0,0.983913043,0,0.476086957,0,2.86E-14,7.97E-07,0,6.09E-07,0
15/04/2018,20,1.56,0,0,1.051304348,0,0.508695652,0,2.32E-14,6.82E-07,0,5.19E-07,0
15/04/2018,21,4.85,0,0,3.72641731,0,1.12358269,0,6.06E-15,0.482744081,0,0.421303925,0
15/04/2018,22,1.62,0,0,1.098159079,0,0.521840921,0,5.36E-20,0.006767695,0,0.005906352,0
15/04/2018,23,0.94,0,0,0.633478261,0,0.306521739,0,3.24E-14,6.36E-07,0,4.87E-07,0
16/04/2018,0,0.55,0,0,0.370652174,0,0.179347826,0,8.40E-14,8.37E-07,0,6.49E-07,0
16/04/2018,1,0.42,0,0,0.283043478,0,0.136956522,0,3.20E-13,1.40E-06,0,1.09E-06,0
16/04/2018,2,0.69,0,0,0.465,0,0.225,0,7.73E-14,8.62E-07,0,6.75E-07,0
16/04/2018,3,0.34,0,0,0.229130435,0,0.110869565,0,6.68E-14,5.46E-07,0,4.22E-07,0
16/04/2018,4,0.39,0,0,0.262826087,0,0.127173913,0,3.46E-13,1.38E-06,0,1.08E-06,0
16/04/2018,5,0.44,0,0,0.296521739,0,0.143478261,0,2.73E-13,1.35E-06,0,1.06E-06,0
16/04/2018,6,0.47,0,0,0.31673913,0,0.15326087,0,1.52E-13,1.03E-06,0,7.99E-07,0
16/04/2018,7,0.5,0,0,0.336956522,0,0.163043478,0,9.90E-14,8.94E-07,0,7.00E-07,0
16/04/2018,8,0.4,0.061792,0.061792,0.227922783,0,0.110285217,0,7.77E-14,6.60E-07,0,5.11E-07,0
16/04/2018,9,0.44,0.160148,0.160148,0.188595913,0,0.091256087,0,3.37E-13,1.19E-06,0,9.25E-07,0
16/04/2018,10,0.52,0.201882,0.201882,0.21438387,0,0.10373413,0,2.08E-13,1.05E-06,0,8.20E-07,0
16/04/2018,11,1.2,0.370025,0.370025,0.559330978,0,0.270644022,0,2.50E-14,5.83E-07,0,4.54E-07,0
16/04/2018,12,0.89,0.448346,0.448346,0.297636391,0,0.144017609,0,5.51E-14,6.41E-07,0,4.98E-07,0
16/04/2018,13,0.32,1.828105,0.32,5.48E-15,1.237584375,0,9.28E-15,0,0,3.96E-07,0,4.58E-07
16/04/2018,14,0.3,1.602544,0.3,1.63E-14,1.070794286,0,2.74E-14,0,0,8.85E-07,0,7.91E-07
16/04/2018,15,0.67,0,0,0.451521739,0,0.218478261,0,7.63E-14,8.42E-07,0,6.59E-07,0
16/04/2018,16,0.38,0,0,0.256086957,0,0.123913043,0,3.49E-13,1.35E-06,0,1.06E-06,0
16/04/2018,17,0.49,0,0,0.330217391,0,0.159782609,0,1.04E-13,8.89E-07,0,6.95E-07,0
16/04/2018,18,0.69,0,0,0.465,0,0.225,0,7.73E-14,8.62E-07,0,6.75E-07,0
16/04/2018,19,0.6,0,0,0.404347826,0,0.195652174,0,4.03E-14,5.74E-07,0,4.48E-07,0
16/04/2018,20,0.41,0,0,0.276304348,0,0.133695652,0,9.39E-14,7.50E-07,0,5.84E-07,0
16/04/2018,21,0.46,0,0,0.31,0,0.15,0,2.00E-13,1.17E-06,0,9.06E-07,0
16/04/2018,22,0.72,0,0,0.485217391,0,0.234782609,0,6.24E-14,7.95E-07,0,6.22E-07,0
16/04/2018,23,1.6,0,0,1.081885034,0,0.518114966,0,9.87E-23,0.003820473,0,0.003334231,0
17/04/2018,0,0.92,0,0,0.62,0,0.3,0,4.39E-14,7.38E-07,0,5.66E-07,0
17/04/2018,1,0.85,0,0,0.572826087,0,0.277173913,0,3.04E-14,5.75E-07,0,4.39E-07,0
17/04/2018,2,0.5,0,0,0.336956522,0,0.163043478,0,9.90E-14,8.94E-07,0,7.00E-07,0
17/04/2018,3,0.47,0,0,0.31673913,0,0.15326087,0,1.52E-13,1.03E-06,0,7.99E-07,0
17/04/2018,4,0.47,0,0,0.31673913,0,0.15326087,0,1.52E-13,1.03E-06,0,7.99E-07,0
17/04/2018,5,0.48,0,0,0.323478261,0,0.156521739,0,1.16E-13,9.20E-07,0,7.15E-07,0
17/04/2018,6,0.5,0,0,0.336956522,0,0.163043478,0,9.90E-14,8.94E-07,0,7.00E-07,0
17/04/2018,7,0.69,0,0,0.465,0,0.225,0,7.73E-14,8.62E-07,0,6.75E-07,0
17/04/2018,8,0.63,0.078627,0.078627,0.371577457,0,0.179795543,0,2.08E-13,1.32E-06,0,1.02E-06,0
17/04/2018,9,0.51,0.138071,0.138071,0.250647804,0,0.121281196,0,2.41E-13,1.16E-06,0,9.03E-07,0
17/04/2018,10,1.55,0.129188,0.129188,0.957503739,0,0.463308261,0,4.55E-14,1.00E-06,0,7.81E-07,0
17/04/2018,11,0.53,0.163066,0.163066,0.247281609,0,0.119652391,0,1.63E-13,9.67E-07,0,7.55E-07,0
17/04/2018,12,0.62,0.300764,0.300764,0.215137304,0,0.104098696,0,1.26E-13,8.41E-07,0,6.54E-07,0
17/04/2018,13,0.49,0.113348,0.113348,0.253830696,0,0.122821304,0,2.37E-13,1.16E-06,0,8.92E-07,0
17/04/2018,14,0.38,0.162421,0.162421,0.146629326,0,0.070949674,0,5.03E-13,1.31E-06,0,1.01E-06,0
17/04/2018,15,0.38,0,0,0.256086957,0,0.123913043,0,3.49E-13,1.35E-06,0,1.06E-06,0
17/04/2018,16,0.46,0,0,0.31,0,0.15,0,2.00E-13,1.17E-06,0,9.06E-07,0
17/04/2018,17,0.47,0,0,0.31673913,0,0.15326087,0,1.52E-13,1.03E-06,0,7.99E-07,0
17/04/2018,18,0.73,0,0,0.491956522,0,0.238043478,0,5.13E-14,7.22E-07,0,5.65E-07,0
17/04/2018,19,0.55,0,0,0.370652174,0,0.179347826,0,8.40E-14,8.37E-07,0,6.49E-07,0
17/04/2018,20,0.53,0,0,0.357173913,0,0.172826087,0,7.95E-14,8.04E-07,0,6.26E-07,0
17/04/2018,21,0.4,0,0,0.269565217,0,0.130434783,0,9.36E-14,7.27E-07,0,5.71E-07,0
17/04/2018,22,0.42,0,0,0.283043478,0,0.136956522,0,3.20E-13,1.40E-06,0,1.09E-06,0
17/04/2018,23,1.85,0,0,1.285310594,0,0.564689406,0,6.81E-24,0.040660751,0,0.035485746,0
18/04/2018,0,0.48,0,0,0.323478261,0,0.156521739,0,1.16E-13,9.20E-07,0,7.15E-07,0
18/04/2018,1,0.53,0,0,0.357173913,0,0.172826087,0,7.95E-14,8.04E-07,0,6.26E-07,0
18/04/2018,2,0.42,0,0,0.283043478,0,0.136956522,0,3.20E-13,1.40E-06,0,1.09E-06,0
18/04/2018,3,0.37,0,0,0.249347826,0,0.120652174,0,6.10E-14,5.67E-07,0,4.41E-07,0
18/04/2018,4,0.39,0,0,0.262826087,0,0.127173913,0,3.46E-13,1.38E-06,0,1.08E-06,0
18/04/2018,5,0.38,0,0,0.256086957,0,0.123913043,0,3.49E-13,1.35E-06,0,1.06E-06,0
18/04/2018,6,0.45,0,0,0.30326087,0,0.14673913,0,1.90E-13,1.14E-06,0,8.86E-07,0
18/04/2018,7,0.47,0,0,0.31673913,0,0.15326087,0,1.52E-13,1.03E-06,0,7.99E-07,0
18/04/2018,8,0.44,0.18848,0.18848,0.169502609,0,0.082017391,0,2.97E-13,1.05E-06,0,8.30E-07,0
18/04/2018,9,0.52,0.578465,0.421842869,0.098157131,0.156622131,0,3.75E-14,0,0,2.43E-07,0,2.61E-07
18/04/2018,10,0.49,0.683685,0.465113464,0.024886536,0.21301303,0,3.43E-14,0,0,2.65E-07,0,2.46E-07
18/04/2018,11,0.52,0.423691,0.408908162,0.074866238,0,0.036225599,0,9.29E-13,1.28E-06,0,9.94E-07,0
18/04/2018,12,0.44,1.884639,0.44,1.49E-14,1.196227768,0,2.38E-14,0,0,5.96E-07,0,6.64E-07
18/04/2018,13,2.05,1.952544,1.851420234,0.133825495,0,0.064754272,0,2.95E-13,1.12E-06,0,8.67E-07,0
18/04/2018,14,0.64,1.343649,0.64,5.11E-14,0.616860804,0,4.93E-14,0,0,8.76E-07,0,8.52E-07
18/04/2018,15,0.35,0,0,0.235869565,0,0.114130435,0,1.79E-13,9.39E-07,0,7.27E-07,0
18/04/2018,16,0.41,0,0,0.276304348,0,0.133695652,0,9.39E-14,7.50E-07,0,5.84E-07,0
18/04/2018,17,0.51,0,0,0.343695652,0,0.166304348,0,9.48E-14,8.79E-07,0,6.87E-07,0
18/04/2018,18,0.59,0,0,0.397608696,0,0.192391304,0,8.91E-14,8.65E-07,0,6.80E-07,0
18/04/2018,19,0.53,0,0,0.357173913,0,0.172826087,0,7.95E-14,8.04E-07,0,6.26E-07,0
18/04/2018,20,0.67,0,0,0.451521739,0,0.218478261,0,7.63E-14,8.42E-07,0,6.59E-07,0
18/04/2018,21,0.48,0,0,0.323478261,0,0.156521739,0,1.16E-13,9.20E-07,0,7.15E-07,0
18/04/2018,22,0.4,0,0,0.269565217,0,0.130434783,0,9.36E-14,7.27E-07,0,5.71E-07,0
18/04/2018,23,0.37,0,0,0.249347826,0,0.120652174,0,6.10E-14,5.67E-07,0,4.41E-07,0
19/04/2018,0,1.51,0,0,1.017608696,0,0.492391304,0,2.38E-14,6.87E-07,0,5.22E-07,0
19/04/2018,1,0.32,0,0,0.215652174,0,0.104347826,0,7.97E-14,5.84E-07,0,4.49E-07,0
19/04/2018,2,0.33,0,0,0.222391304,0,0.107608696,0,6.52E-14,5.31E-07,0,4.09E-07,0
19/04/2018,3,0.32,0,0,0.215652174,0,0.104347826,0,7.97E-14,5.84E-07,0,4.49E-07,0
19/04/2018,4,0.3,0,0,0.202173913,0,0.097826087,0,9.19E-14,6.14E-07,0,4.72E-07,0
19/04/2018,5,0.26,0,0,0.175217391,0,0.084782609,0,1.03E-13,6.25E-07,0,4.83E-07,0
19/04/2018,6,0.27,0,0,0.181956522,0,0.088043478,0,8.93E-14,5.93E-07,0,4.58E-07,0
19/04/2018,7,0.3,0,0,0.202173913,0,0.097826087,0,9.19E-14,6.14E-07,0,4.72E-07,0
19/04/2018,8,0.46,0.591242,0.412598396,0.047401604,0.176708125,0,9.14E-14,0,0,6.27E-07,0,5.65E-07
19/04/2018,9,1.2,1.029875,0.987847265,0.142972495,0,0.06918024,0,5.27E-13,1.41E-06,0,1.10E-06,0
19/04/2018,10,0.84,1.760499,0.84,2.62E-14,0.807186696,0,2.52E-14,0,0,3.25E-07,0,5.45E-07
19/04/2018,11,0.42,1.750793,0.42,1.49E-14,1.103137232,0,2.35E-14,0,0,8.55E-07,0,7.50E-07
19/04/2018,12,0.28,2.06204,0.28,6.86E-15,1.434582903,0,5.50E-15,0,0,0.103862704,0,0.062317622
19/04/2018,13,0,1.321519,0,0,1.061934911,0,5.56E-15,0,0,4.93E-07,0,1.97E-07
19/04/2018,14,0.43,1.34968,0.43,2.61E-14,0.773582143,0,3.69E-14,0,0,4.81E-07,0,5.91E-07
19/04/2018,15,0.39,0,0,0.262826087,0,0.127173913,0,3.46E-13,1.38E-06,0,1.08E-06,0
19/04/2018,16,5.49,0,0,4.247186743,0,1.242813257,0,4.92E-17,0.577055191,0,0.503611803,0
19/04/2018,17,0.4,0,0,0.269565217,0,0.130434783,0,9.36E-14,7.27E-07,0,5.71E-07,0
19/04/2018,18,1.42,0,0,0.956956522,0,0.463043478,0,2.39E-14,7.61E-07,0,5.86E-07,0
19/04/2018,19,0.44,0,0,0.296521739,0,0.143478261,0,2.73E-13,1.35E-06,0,1.06E-06,0
19/04/2018,20,0.43,0,0,0.289782609,0,0.140217391,0,1.24E-13,8.81E-07,0,6.85E-07,0
19/04/2018,21,1.74,0,0,1.195803347,0,0.544196653,0,7.70E-21,0.024451029,0,0.02133908,0
19/04/2018,22,0.69,0,0,0.465,0,0.225,0,7.73E-14,8.62E-07,0,6.75E-07,0
19/04/2018,23,0.62,0,0,0.417826087,0,0.202173913,0,7.85E-14,8.25E-07,0,6.43E-07,0
20/04/2018,0,0.68,0,0,0.45826087,0,0.22173913,0,7.13E-14,8.21E-07,0,6.42E-07,0
20/04/2018,1,0.64,0,0,0.431304348,0,0.208695652,0,4.80E-14,6.62E-07,0,5.15E-07,0
20/04/2018,2,1.04,0,0,0.700869565,0,0.339130435,0,7.50E-14,1.09E-06,0,8.49E-07,0
20/04/2018,3,0.43,0,0,0.289782609,0,0.140217391,0,1.24E-13,8.81E-07,0,6.85E-07,0
20/04/2018,4,0.33,0,0,0.222391304,0,0.107608696,0,6.52E-14,5.31E-07,0,4.09E-07,0
20/04/2018,5,0.33,0,0,0.222391304,0,0.107608696,0,6.52E-14,5.31E-07,0,4.09E-07,0
20/04/2018,6,0.33,0,0,0.222391304,0,0.107608696,0,6.52E-14,5.31E-07,0,4.09E-07,0
20/04/2018,7,0.65,0,0,0.438043478,0,0.211956522,0,4.98E-14,6.79E-07,0,5.29E-07,0
20/04/2018,8,0.38,0.502353,0.347464635,0.032535365,0.15238513,0,2.15E-13,0,0,7.48E-07,0,7.56E-07
20/04/2018,9,0.42,0.656384,0.42,1.62E-13,0.223701429,0,2.88E-14,0,0,3.83E-07,0,3.56E-07
20/04/2018,10,1.88,0.559764,0.559764,0.889724261,0,0.430511739,0,5.80E-14,1.15E-06,0,8.98E-07,0
20/04/2018,11,1.21,0.43435,0.43435,0.522720652,0,0.252929348,0,4.59E-14,7.87E-07,0,6.12E-07,0
20/04/2018,12,0.3,0.522402,0.3,7.92E-14,0.202823036,0,4.36E-14,0,0,3.86E-07,0,3.89E-07
20/04/2018,13,0.36,0.309563,0.296863516,0.0425485,0,0.020587984,0,5.68E-13,8.03E-07,0,6.26E-07,0
20/04/2018,14,0.39,0.251295,0.250299385,0.094146066,0,0.045554548,0,5.64E-13,1.19E-06,0,9.21E-07,0
20/04/2018,15,0.41,0,0,0.276304348,0,0.133695652,0,9.39E-14,7.50E-07,0,5.84E-07,0
20/04/2018,16,0.55,0,0,0.370652174,0,0.179347826,0,8.40E-14,8.37E-07,0,6.49E-07,0
20/04/2018,17,0.45,0,0,0.30326087,0,0.14673913,0,1.90E-13,1.14E-06,0,8.86E-07,0
20/04/2018,18,0.56,0,0,0.377391304,0,0.182608696,0,7.91E-14,8.14E-07,0,6.30E-07,0
20/04/2018,19,0.48,0,0,0.323478261,0,0.156521739,0,1.16E-13,9.20E-07,0,7.15E-07,0
20/04/2018,20,0.46,0,0,0.31,0,0.15,0,2.00E-13,1.17E-06,0,9.06E-07,0
20/04/2018,21,1.84,0,0,1.277173571,0,0.562826429,0,4.22E-22,0.03918714,0,0.034199686,0
20/04/2018,22,5.11,0,0,3.937979892,0,1.172020108,0,4.44E-19,0.52105797,0,0.454741501,0
20/04/2018,23,0.85,0,0,0.572826087,0,0.277173913,0,3.04E-14,5.75E-07,0,4.39E-07,0
21/04/2018,0,1.42,0,0,0.956956522,0,0.463043478,0,2.39E-14,7.61E-07,0,5.86E-07,0
21/04/2018,1,0.47,0,0,0.31673913,0,0.15326087,0,1.52E-13,1.03E-06,0,7.99E-07,0
21/04/2018,2,0.45,0,0,0.30326087,0,0.14673913,0,1.90E-13,1.14E-06,0,8.86E-07,0
21/04/2018,3,0.37,0,0,0.249347826,0,0.120652174,0,6.10E-14,5.67E-07,0,4.41E-07,0
21/04/2018,4,0.38,0,0,0.256086957,0,0.123913043,0,3.49E-13,1.35E-06,0,1.06E-06,0
21/04/2018,5,0.49,0,0,0.330217391,0,0.159782609,0,1.04E-13,8.89E-07,0,6.95E-07,0
21/04/2018,6,0.44,0,0,0.296521739,0,0.143478261,0,2.73E-13,1.35E-06,0,1.06E-06,0
21/04/2018,7,0.63,0,0,0.424565217,0,0.205434783,0,8.00E-14,8.41E-07,0,6.55E-07,0
21/04/2018,8,0.76,0.581969,0.566021647,0.130724542,0,0.063253811,0,9.84E-14,5.68E-07,0,4.43E-07,0
21/04/2018,9,0.7,1.239783,0.7,9.12E-14,0.490004196,0,5.45E-14,0,0,8.69E-07,0,7.96E-07
21/04/2018,10,0.55,1.264759,0.55,6.06E-15,0.618556339,0,6.69E-15,0,0,1.90E-07,0,2.27E-07
21/04/2018,11,0.44,1.968308,0.44,7.61E-18,1.261308695,0,1.22E-17,0,0,0.011229846,0,0.006737908
21/04/2018,12,0.5,1.191038,0.5,7.12E-15,0.595476964,0,8.19E-15,0,0,1.99E-07,0,2.36E-07
21/04/2018,13,0.36,1.610692,0.36,6.38E-15,1.033948929,0,1.03E-14,0,0,4.25E-07,0,4.23E-07
21/04/2018,14,0.38,1.065052,0.38,8.26E-15,0.581023929,0,1.09E-14,0,0,2.74E-07,0,2.78E-07
21/04/2018,15,0.45,0,0,0.30326087,0,0.14673913,0,1.90E-13,1.14E-06,0,8.86E-07,0
21/04/2018,16,0.43,0,0,0.289782609,0,0.140217391,0,1.24E-13,8.81E-07,0,6.85E-07,0
21/04/2018,17,0.36,0,0,0.242608696,0,0.117391304,0,2.18E-13,1.07E-06,0,8.27E-07,0
21/04/2018,18,0.35,0,0,0.235869565,0,0.114130435,0,1.79E-13,9.39E-07,0,7.27E-07,0
21/04/2018,19,0.46,0,0,0.31,0,0.15,0,2.00E-13,1.17E-06,0,9.06E-07,0
21/04/2018,20,0.5,0,0,0.336956522,0,0.163043478,0,9.90E-14,8.94E-07,0,7.00E-07,0
21/04/2018,21,0.42,0,0,0.283043478,0,0.136956522,0,3.20E-13,1.40E-06,0,1.09E-06,0
21/04/2018,22,0.57,0,0,0.384130435,0,0.185869565,0,7.42E-14,7.91E-07,0,6.10E-07,0
21/04/2018,23,0.56,0,0,0.377391304,0,0.182608696,0,7.91E-14,8.14E-07,0,6.30E-07,0
22/04/2018,0,0.82,0,0,0.552608696,0,0.267391304,0,2.64E-14,5.24E-07,0,4.04E-07,0
22/04/2018,1,1.1,0,0,0.741304348,0,0.358695652,0,8.04E-14,1.18E-06,0,9.02E-07,0
22/04/2018,2,0.83,0,0,0.559347826,0,0.270652174,0,2.64E-14,5.25E-07,0,4.04E-07,0
22/04/2018,3,0.38,0,0,0.256086957,0,0.123913043,0,3.49E-13,1.35E-06,0,1.06E-06,0
22/04/2018,4,0.44,0,0,0.296521739,0,0.143478261,0,2.73E-13,1.35E-06,0,1.06E-06,0
22/04/2018,5,0.44,0,0,0.296521739,0,0.143478261,0,2.73E-13,1.35E-06,0,1.06E-06,0
22/04/2018,6,0.35,0,0,0.235869565,0,0.114130435,0,1.79E-13,9.39E-07,0,7.27E-07,0
22/04/2018,7,0.34,0,0,0.229130435,0,0.110869565,0,6.68E-14,5.46E-07,0,4.22E-07,0
22/04/2018,8,0.65,0.456697,0.449288175,0.135262317,0,0.065449508,0,1.87E-13,7.97E-07,0,6.15E-07,0
22/04/2018,9,0.57,0.593837,0.441949951,0.128050049,0.151887049,0,3.68E-14,0,0,2.32E-07,0,2.47E-07
22/04/2018,10,0.35,0.291056,0.280213448,0.047030068,0,0.022756484,0,6.00E-13,8.83E-07,0,6.91E-07,0
22/04/2018,11,0.36,0.340613,0.323199717,0.024800191,0,0.012000092,0,8.73E-13,7.47E-07,0,5.79E-07,0
22/04/2018,12,0.69,0.227027,0.227027,0.312003543,0,0.150969457,0,1.01E-13,9.12E-07,0,7.10E-07,0
22/04/2018,13,0.4,0.246672,0.246672,0.103329739,0,0.049998261,0,4.84E-13,1.15E-06,0,8.91E-07,0
22/04/2018,14,0.45,0.593041,0.410591788,0.039408212,0.179604957,0,1.81E-13,0,0,7.80E-07,0,8.28E-07
22/04/2018,15,0.34,0,0,0.229130435,0,0.110869565,0,6.68E-14,5.46E-07,0,4.22E-07,0
22/04/2018,16,0.36,0,0,0.242608696,0,0.117391304,0,2.18E-13,1.07E-06,0,8.27E-07,0
22/04/2018,17,0.39,0,0,0.262826087,0,0.127173913,0,3.46E-13,1.38E-06,0,1.08E-06,0
22/04/2018,18,0.41,0,0,0.276304348,0,0.133695652,0,9.39E-14,7.50E-07,0,5.84E-07,0
22/04/2018,19,0.83,0,0,0.559347826,0,0.270652174,0,2.64E-14,5.25E-07,0,4.04E-07,0
22/04/2018,20,0.39,0,0,0.262826087,0,0.127173913,0,3.46E-13,1.38E-06,0,1.08E-06,0
22/04/2018,21,0.34,0,0,0.229130435,0,0.110869565,0,6.68E-14,5.46E-07,0,4.22E-07,0
22/04/2018,22,0.42,0,0,0.283043478,0,0.136956522,0,3.20E-13,1.40E-06,0,1.09E-06,0
22/04/2018,23,0.56,0,0,0.377391304,0,0.182608696,0,7.91E-14,8.14E-07,0,6.30E-07,0
23/04/2018,0,1.16,0,0,0.78173913,0,0.37826087,0,4.43E-14,8.71E-07,0,6.72E-07,0
23/04/2018,1,0.34,0,0,0.229130435,0,0.110869565,0,6.68E-14,5.46E-07,0,4.22E-07,0
23/04/2018,2,0.36,0,0,0.242608696,0,0.117391304,0,2.18E-13,1.07E-06,0,8.27E-07,0
23/04/2018,3,0.54,0,0,0.363913043,0,0.176086957,0,8.84E-14,8.55E-07,0,6.64E-07,0
23/04/2018,4,0.37,0,0,0.249347826,0,0.120652174,0,6.10E-14,5.67E-07,0,4.41E-07,0
23/04/2018,5,0.33,0,0,0.222391304,0,0.107608696,0,6.52E-14,5.31E-07,0,4.09E-07,0
23/04/2018,6,0.41,0,0,0.276304348,0,0.133695652,0,9.39E-14,7.50E-07,0,5.84E-07,0
23/04/2018,7,0.66,0,0,0.444782609,0,0.215217391,0,5.00E-14,6.87E-07,0,5.35E-07,0
23/04/2018,8,0.47,0.028222,0.028222,0.297719957,0,0.144058043,0,5.45E-14,6.22E-07,0,4.80E-07,0
23/04/2018,9,0.37,0.062945,0.062945,0.20692837,0,0.10012663,0,6.67E-14,5.77E-07,0,4.47E-07,0
23/04/2018,10,1.65,0.499286,0.499286,0.775481174,0,0.375232826,0,7.93E-14,1.20E-06,0,9.14E-07,0
23/04/2018,11,2.32,0.92848,0.92848,0.937763478,0,0.453756522,0,5.69E-14,1.28E-06,0,1.00E-06,0
23/04/2018,12,2.34,0.137516,0.137516,1.572127614,0,0.630356386,0,1.26E-13,0.092603184,0,0.080817324,0
23/04/2018,13,0.47,0.213558,0.213558,0.172819609,0,0.083622391,0,2.39E-13,1.02E-06,0,7.92E-07,0
23/04/2018,14,0.38,0.097467,0.097467,0.190402674,0,0.092130326,0,7.78E-14,6.15E-07,0,4.76E-07,0
23/04/2018,15,0.34,0,0,0.229130435,0,0.110869565,0,6.68E-14,5.46E-07,0,4.22E-07,0
23/04/2018,16,0.43,0,0,0.289782609,0,0.140217391,0,1.24E-13,8.81E-07,0,6.85E-07,0
23/04/2018,17,0.45,0,0,0.30326087,0,0.14673913,0,1.90E-13,1.14E-06,0,8.86E-07,0
23/04/2018,18,0.35,0,0,0.235869565,0,0.114130435,0,1.79E-13,9.39E-07,0,7.27E-07,0
23/04/2018,19,1.75,0,0,1.20394037,0,0.54605963,0,3.49E-20,0.02592464,0,0.02262514,0
23/04/2018,20,0.57,0,0,0.384130435,0,0.185869565,0,7.42E-14,7.91E-07,0,6.10E-07,0
23/04/2018,21,1.18,0,0,0.795217391,0,0.384782609,0,5.49E-14,9.75E-07,0,7.45E-07,0
23/04/2018,22,1.14,0,0,0.76826087,0,0.37173913,0,3.67E-14,7.78E-07,0,5.92E-07,0
23/04/2018,23,1.28,0,0,0.862608696,0,0.417391304,0,2.74E-14,7.16E-07,0,5.49E-07,0
24/04/2018,0,1.07,0,0,0.721086957,0,0.348913043,0,7.70E-14,1.16E-06,0,8.89E-07,0
24/04/2018,1,0.57,0,0,0.384130435,0,0.185869565,0,7.42E-14,7.91E-07,0,6.10E-07,0
24/04/2018,2,0.47,0,0,0.31673913,0,0.15326087,0,1.52E-13,1.03E-06,0,7.99E-07,0
24/04/2018,3,0.41,0,0,0.276304348,0,0.133695652,0,9.39E-14,7.50E-07,0,5.84E-07,0
24/04/2018,4,0.42,0,0,0.283043478,0,0.136956522,0,3.20E-13,1.40E-06,0,1.09E-06,0
24/04/2018,5,0.37,0,0,0.249347826,0,0.120652174,0,6.10E-14,5.67E-07,0,4.41E-07,0
24/04/2018,6,0.41,0,0,0.276304348,0,0.133695652,0,9.39E-14,7.50E-07,0,5.84E-07,0
24/04/2018,7,0.36,0,0,0.242608696,0,0.117391304,0,2.18E-13,1.07E-06,0,8.27E-07,0
24/04/2018,8,0.44,0.00941,0.00941,0.290180217,0,0.140409783,0,5.99E-14,6.32E-07,0,4.92E-07,0
24/04/2018,9,0.38,0.063145,0.063145,0.213532717,0,0.103322283,0,5.23E-14,5.11E-07,0,3.97E-07,0
24/04/2018,10,0.97,0.145732,0.145732,0.555484957,0,0.268783043,0,1.04E-13,1.13E-06,0,8.61E-07,0
24/04/2018,11,1.28,0.145687,0.145687,0.764428326,0,0.369884674,0,2.78E-14,7.33E-07,0,5.66E-07,0
24/04/2018,12,4.08,0.139312,0.139312,2.9865081,0,0.9541799,0,3.00E-13,0.348746855,0,0.304360892,0
24/04/2018,13,2.4,0.113963,0.113963,1.640114877,0,0.645922123,0,4.80E-18,0.104915647,0,0.091562747,0
24/04/2018,14,2.21,0.164742,0.164742,1.444192465,0,0.601065535,0,1.57E-28,0.069434186,0,0.060597108,0
24/04/2018,15,0.7,0,0,0.47173913,0,0.22826087,0,7.01E-14,8.27E-07,0,6.48E-07,0
24/04/2018,16,0.34,0,0,0.229130435,0,0.110869565,0,6.68E-14,5.46E-07,0,4.22E-07,0
24/04/2018,17,0.43,0,0,0.289782609,0,0.140217391,0,1.24E-13,8.81E-07,0,6.85E-07,0
24/04/2018,18,0.41,0,0,0.276304348,0,0.133695652,0,9.39E-14,7.50E-07,0,5.84E-07,0
24/04/2018,19,0.52,0,0,0.350434783,0,0.169565217,0,8.97E-14,8.49E-07,0,6.61E-07,0
24/04/2018,20,0.99,0,0,0.667173913,0,0.322826087,0,9.41E-14,1.15E-06,0,8.90E-07,0
24/04/2018,21,0.48,0,0,0.323478261,0,0.156521739,0,1.16E-13,9.20E-07,0,7.15E-07,0
24/04/2018,22,0.41,0,0,0.276304348,0,0.133695652,0,9.39E-14,7.50E-07,0,5.84E-07,0
24/04/2018,23,0.53,0,0,0.357173913,0,0.172826087,0,7.95E-14,8.04E-07,0,6.26E-07,0
25/04/2018,0,1.15,0,0,0.775,0,0.375,0,4.69E-14,8.93E-07,0,6.89E-07,0
25/04/2018,1,1.34,0,0,0.903043478,0,0.436956522,0,2.04E-14,6.78E-07,0,5.19E-07,0
25/04/2018,2,0.61,0,0,0.411086957,0,0.198913043,0,7.71E-14,8.10E-07,0,6.32E-07,0
25/04/2018,3,0.38,0,0,0.256086957,0,0.123913043,0,3.49E-13,1.35E-06,0,1.06E-06,0
25/04/2018,4,0.45,0,0,0.30326087,0,0.14673913,0,1.90E-13,1.14E-06,0,8.86E-07,0
25/04/2018,5,0.44,0,0,0.296521739,0,0.143478261,0,2.73E-13,1.35E-06,0,1.06E-06,0
25/04/2018,6,0.35,0,0,0.235869565,0,0.114130435,0,1.79E-13,9.39E-07,0,7.27E-07,0
25/04/2018,7,0.32,0,0,0.215652174,0,0.104347826,0,7.97E-14,5.84E-07,0,4.49E-07,0
25/04/2018,8,0.42,0.002628,0.002628,0.281272435,0,0.136099565,0,1.30E-13,8.89E-07,0,6.89E-07,0
25/04/2018,9,1.54,0.058672,0.058672,0.998286261,0,0.483041739,0,4.02E-14,9.89E-07,0,7.71E-07,0
25/04/2018,10,0.42,0.107958,0.107958,0.210289174,0,0.101752826,0,5.74E-14,5.46E-07,0,4.21E-07,0
25/04/2018,11,0.39,0.158272,0.158272,0.156164522,0,0.075563478,0,4.71E-13,1.31E-06,0,1.01E-06,0
25/04/2018,12,0.41,0.135716,0.135716,0.184843565,0,0.089440435,0,6.28E-14,5.26E-07,0,4.05E-07,0
25/04/2018,13,0.43,0.158278,0.158278,0.183117,0,0.088605,0,3.64E-13,1.22E-06,0,9.45E-07,0
25/04/2018,14,0.43,0.124757,0.124757,0.205707239,0,0.099535761,0,3.69E-13,1.36E-06,0,1.05E-06,0
25/04/2018,15,0.37,0,0,0.249347826,0,0.120652174,0,6.10E-14,5.67E-07,0,4.41E-07,0
25/04/2018,16,0.33,0,0,0.222391304,0,0.107608696,0,6.52E-14,5.31E-07,0,4.09E-07,0
25/04/2018,17,0.32,0,0,0.215652174,0,0.104347826,0,7.97E-14,5.84E-07,0,4.49E-07,0
25/04/2018,18,0.45,0,0,0.30326087,0,0.14673913,0,1.90E-13,1.14E-06,0,8.86E-07,0
25/04/2018,19,0.45,0,0,0.30326087,0,0.14673913,0,1.90E-13,1.14E-06,0,8.86E-07,0
25/04/2018,20,0.36,0,0,0.242608696,0,0.117391304,0,2.18E-13,1.07E-06,0,8.27E-07,0
25/04/2018,21,0.38,0,0,0.256086957,0,0.123913043,0,3.49E-13,1.35E-06,0,1.06E-06,0
25/04/2018,22,0.44,0,0,0.296521739,0,0.143478261,0,2.73E-13,1.35E-06,0,1.06E-06,0
25/04/2018,23,0.43,0,0,0.289782609,0,0.140217391,0,1.24E-13,8.81E-07,0,6.85E-07,0
26/04/2018,0,0.53,0,0,0.357173913,0,0.172826087,0,7.95E-14,8.04E-07,0,6.26E-07,0
26/04/2018,1,0.43,0,0,0.289782609,0,0.140217391,0,1.24E-13,8.81E-07,0,6.85E-07,0
26/04/2018,2,0.39,0,0,0.262826087,0,0.127173913,0,3.46E-13,1.38E-06,0,1.08E-06,0
26/04/2018,3,0.43,0,0,0.289782609,0,0.140217391,0,1.24E-13,8.81E-07,0,6.85E-07,0
26/04/2018,4,0.46,0,0,0.31,0,0.15,0,2.00E-13,1.17E-06,0,9.06E-07,0
26/04/2018,5,0.4,0,0,0.269565217,0,0.130434783,0,9.36E-14,7.27E-07,0,5.71E-07,0
26/04/2018,6,0.34,0,0,0.229130435,0,0.110869565,0,6.68E-14,5.46E-07,0,4.22E-07,0
26/04/2018,7,0.35,0,0,0.235869565,0,0.114130435,0,1.79E-13,9.39E-07,0,7.27E-07,0
26/04/2018,8,0.59,0.031698,0.031698,0.376247,0,0.182055,0,1.42E-13,1.10E-06,0,8.51E-07,0
26/04/2018,9,0.44,0.189835,0.189835,0.168589457,0,0.081575543,0,2.99E-13,1.05E-06,0,8.32E-07,0
26/04/2018,10,0.37,0.580474,0.37,2.52E-13,0.198863036,0,4.86E-14,0,0,4.45E-07,0,4.63E-07
26/04/2018,11,0.34,0.221619,0.220365224,0.080623436,0,0.03901134,0,7.52E-13,1.23E-06,0,9.60E-07,0
26/04/2018,12,0.44,0.247656,0.247656,0.12962313,0,0.06272087,0,3.27E-13,1.06E-06,0,8.24E-07,0
26/04/2018,13,0.63,0.158247,0.158247,0.3179205,0,0.1538325,0,1.13E-13,9.36E-07,0,7.26E-07,0
26/04/2018,14,0.43,0.096581,0.096581,0.224695413,0,0.108723587,0,4.94E-14,5.22E-07,0,4.03E-07,0
26/04/2018,15,0.37,0,0,0.249347826,0,0.120652174,0,6.10E-14,5.67E-07,0,4.41E-07,0
26/04/2018,16,0.36,0,0,0.242608696,0,0.117391304,0,2.18E-13,1.07E-06,0,8.27E-07,0
26/04/2018,17,0.39,0,0,0.262826087,0,0.127173913,0,3.46E-13,1.38E-06,0,1.08E-06,0
26/04/2018,18,0.45,0,0,0.30326087,0,0.14673913,0,1.90E-13,1.14E-06,0,8.86E-07,0
26/04/2018,19,0.39,0,0,0.262826087,0,0.127173913,0,3.46E-13,1.38E-06,0,1.08E-06,0
26/04/2018,20,0.34,0,0,0.229130435,0,0.110869565,0,6.68E-14,5.46E-07,0,4.22E-07,0
26/04/2018,21,0.38,0,0,0.256086957,0,0.123913043,0,3.49E-13,1.35E-06,0,1.06E-06,0
26/04/2018,22,0.61,0,0,0.411086957,0,0.198913043,0,7.71E-14,8.10E-07,0,6.32E-07,0
26/04/2018,23,0.54,0,0,0.363913043,0,0.176086957,0,8.84E-14,8.55E-07,0,6.64E-07,0
27/04/2018,0,0.42,0,0,0.283043478,0,0.136956522,0,3.20E-13,1.40E-06,0,1.09E-06,0
27/04/2018,1,0.41,0,0,0.276304348,0,0.133695652,0,9.39E-14,7.50E-07,0,5.84E-07,0
27/04/2018,2,0.4,0,0,0.269565217,0,0.130434783,0,9.36E-14,7.27E-07,0,5.71E-07,0
27/04/2018,3,0.48,0,0,0.323478261,0,0.156521739,0,1.16E-13,9.20E-07,0,7.15E-07,0
27/04/2018,4,0.47,0,0,0.31673913,0,0.15326087,0,1.52E-13,1.03E-06,0,7.99E-07,0
27/04/2018,5,0.36,0,0,0.242608696,0,0.117391304,0,2.18E-13,1.07E-06,0,8.27E-07,0
27/04/2018,6,0.33,0,0,0.222391304,0,0.107608696,0,6.52E-14,5.31E-07,0,4.09E-07,0
27/04/2018,7,0.4,0,0,0.269565217,0,0.130434783,0,9.36E-14,7.27E-07,0,5.71E-07,0
27/04/2018,8,0.52,0.008758,0.008758,0.344532652,0,0.166709348,0,5.85E-14,6.65E-07,0,5.11E-07,0
27/04/2018,9,0.51,0.05852,0.05852,0.304258261,0,0.147221739,0,1.89E-13,1.16E-06,0,8.94E-07,0
27/04/2018,10,1.05,0.123233,0.123233,0.62456037,0,0.30220663,0,1.06E-13,1.20E-06,0,9.21E-07,0
27/04/2018,11,1.14,0.17329,0.17329,0.651478478,0,0.315231522,0,2.79E-14,6.50E-07,0,5.02E-07,0
27/04/2018,12,3.92,0.134153,0.134153,2.860513631,0,0.925333369,0,8.51E-13,0.325929314,0,0.284447401,0
27/04/2018,13,1.46,0.110353,0.110353,0.909544717,0,0.440102283,0,6.74E-14,1.15E-06,0,8.82E-07,0
27/04/2018,14,0.36,0.064125,0.064125,0.199394022,0,0.096480978,0,1.38E-13,8.04E-07,0,6.21E-07,0
27/04/2018,15,0.33,0,0,0.222391304,0,0.107608696,0,6.52E-14,5.31E-07,0,4.09E-07,0
27/04/2018,16,0.39,0,0,0.262826087,0,0.127173913,0,3.46E-13,1.38E-06,0,1.08E-06,0
27/04/2018,17,0.52,0,0,0.350434783,0,0.169565217,0,8.97E-14,8.49E-07,0,6.61E-07,0
27/04/2018,18,0.59,0,0,0.397608696,0,0.192391304,0,8.91E-14,8.65E-07,0,6.80E-07,0
27/04/2018,19,1.86,0,0,1.293447616,0,0.566552384,0,1.23E-25,0.042134362,0,0.036771807,0
27/04/2018,20,1.92,0,0,1.34226975,0,0.57773025,0,7.02E-23,0.050976028,0,0.04448817,0
27/04/2018,21,0.39,0,0,0.262826087,0,0.127173913,0,3.46E-13,1.38E-06,0,1.08E-06,0
27/04/2018,22,0.53,0,0,0.357173913,0,0.172826087,0,7.95E-14,8.04E-07,0,6.26E-07,0
27/04/2018,23,0.87,0,0,0.586304348,0,0.283695652,0,2.61E-14,5.48E-07,0,4.20E-07,0
28/04/2018,0,0.44,0,0,0.296521739,0,0.143478261,0,2.73E-13,1.35E-06,0,1.06E-06,0
28/04/2018,1,0.44,0,0,0.296521739,0,0.143478261,0,2.73E-13,1.35E-06,0,1.06E-06,0
28/04/2018,2,0.46,0,0,0.31,0,0.15,0,2.00E-13,1.17E-06,0,9.06E-07,0
28/04/2018,3,0.47,0,0,0.31673913,0,0.15326087,0,1.52E-13,1.03E-06,0,7.99E-07,0
28/04/2018,4,0.43,0,0,0.289782609,0,0.140217391,0,1.24E-13,8.81E-07,0,6.85E-07,0
28/04/2018,5,0.36,0,0,0.242608696,0,0.117391304,0,2.18E-13,1.07E-06,0,8.27E-07,0
28/04/2018,6,0.36,0,0,0.242608696,0,0.117391304,0,2.18E-13,1.07E-06,0,8.27E-07,0
28/04/2018,7,0.46,0,0,0.31,0,0.15,0,2.00E-13,1.17E-06,0,9.06E-07,0
28/04/2018,8,0.54,0.455338,0.437656079,0.068970904,0,0.033373018,0,3.69E-13,8.29E-07,0,6.48E-07,0
28/04/2018,9,0.37,0.879756,0.37,1.15E-14,0.4393575,0,1.32E-14,0,0,3.19E-07,0,3.26E-07
28/04/2018,10,1.42,1.787154,1.255622494,0.164377506,0.528021768,0,4.38E-14,0,0,9.40E-07,0,7.87E-07
28/04/2018,11,3.41,0.975116,0.975116,1.761232014,0,0.673651986,0,3.60E-13,0.126849906,0,0.110705373,0
28/04/2018,12,0.38,0.157002,0.157002,0.150281261,0,0.072716739,0,5.03E-13,1.33E-06,0,1.03E-06,0
28/04/2018,13,0.39,0.136446,0.136446,0.170873348,0,0.082680652,0,7.33E-14,5.47E-07,0,4.21E-07,0
28/04/2018,14,0.3,0.093376,0.093376,0.139246609,0,0.067377391,0,1.87E-13,7.88E-07,0,6.19E-07,0
28/04/2018,15,0.29,0,0,0.195434783,0,0.094565217,0,9.60E-14,6.28E-07,0,4.83E-07,0
28/04/2018,16,0.44,0,0,0.296521739,0,0.143478261,0,2.73E-13,1.35E-06,0,1.06E-06,0
28/04/2018,17,0.47,0,0,0.31673913,0,0.15326087,0,1.52E-13,1.03E-06,0,7.99E-07,0
28/04/2018,18,0.54,0,0,0.363913043,0,0.176086957,0,8.84E-14,8.55E-07,0,6.64E-07,0
28/04/2018,19,0.48,0,0,0.323478261,0,0.156521739,0,1.16E-13,9.20E-07,0,7.15E-07,0
28/04/2018,20,0.42,0,0,0.283043478,0,0.136956522,0,3.20E-13,1.40E-06,0,1.09E-06,0
28/04/2018,21,0.64,0,0,0.431304348,0,0.208695652,0,4.80E-14,6.62E-07,0,5.15E-07,0
28/04/2018,22,0.94,0,0,0.633478261,0,0.306521739,0,3.24E-14,6.36E-07,0,4.87E-07,0
28/04/2018,23,0.78,0,0,0.525652174,0,0.254347826,0,3.72E-14,6.31E-07,0,4.91E-07,0
29/04/2018,0,1.7,0,0,1.163255258,0,0.536744742,0,1.23E-23,0.018556584,0,0.016194837,0
29/04/2018,1,0.6,0,0,0.404347826,0,0.195652174,0,4.03E-14,5.74E-07,0,4.48E-07,0
29/04/2018,2,0.54,0,0,0.363913043,0,0.176086957,0,8.84E-14,8.55E-07,0,6.64E-07,0
29/04/2018,3,0.5,0,0,0.336956522,0,0.163043478,0,9.90E-14,8.94E-07,0,7.00E-07,0
29/04/2018,4,0.44,0,0,0.296521739,0,0.143478261,0,2.73E-13,1.35E-06,0,1.06E-06,0
29/04/2018,5,0.43,0,0,0.289782609,0,0.140217391,0,1.24E-13,8.81E-07,0,6.85E-07,0
29/04/2018,6,0.46,0,0,0.31,0,0.15,0,2.00E-13,1.17E-06,0,9.06E-07,0
29/04/2018,7,0.47,0,0,0.31673913,0,0.15326087,0,1.52E-13,1.03E-06,0,7.99E-07,0
29/04/2018,8,0.42,0.006084,0.006084,0.278943391,0,0.134972609,0,1.98E-13,1.16E-06,0,8.98E-07,0
29/04/2018,9,0.64,0.217854,0.217854,0.284489696,0,0.137656304,0,1.14E-13,9.26E-07,0,7.20E-07,0
29/04/2018,10,0.47,0.266428,0.266428,0.137189826,0,0.066382174,0,4.51E-13,1.26E-06,0,9.75E-07,0
29/04/2018,11,0.61,1.66528,0.61,1.55E-14,0.897010714,0,2.01E-14,0,0,6.06E-07,0,6.18E-07
29/04/2018,12,0.42,1.215044,0.42,6.07E-15,0.672624643,0,8.21E-15,0,0,2.55E-07,0,2.79E-07
29/04/2018,13,0.44,1.906995,0.44,1.42E-14,1.214192411,0,2.27E-14,0,0,4.81E-07,0,5.93E-07
29/04/2018,14,0.38,0.065077,0.065077,0.212230717,0,0.102692283,0,9.73E-14,7.02E-07,0,5.45E-07,0
29/04/2018,15,0.44,0,0,0.296521739,0,0.143478261,0,2.73E-13,1.35E-06,0,1.06E-06,0
29/04/2018,16,0.48,0,0,0.323478261,0,0.156521739,0,1.16E-13,9.20E-07,0,7.15E-07,0
29/04/2018,17,0.62,0,0,0.417826087,0,0.202173913,0,7.85E-14,8.25E-07,0,6.43E-07,0
29/04/2018,18,0.61,0,0,0.411086957,0,0.198913043,0,7.71E-14,8.10E-07,0,6.32E-07,0
29/04/2018,19,0.53,0,0,0.357173913,0,0.172826087,0,7.95E-14,8.04E-07,0,6.26E-07,0
29/04/2018,20,0.5,0,0,0.336956522,0,0.163043478,0,9.90E-14,8.94E-07,0,7.00E-07,0
29/04/2018,21,0.62,0,0,0.417826087,0,0.202173913,0,7.85E-14,8.25E-07,0,6.43E-07,0
29/04/2018,22,0.42,0,0,0.283043478,0,0.136956522,0,3.20E-13,1.40E-06,0,1.09E-06,0
29/04/2018,23,0,0,0,0,0,0,5.02E-07,0,0,5.73E-07,0,3.80E-07
30/04/2018,0,0.44,0,0,0.296521739,0,0.143478261,0,2.73E-13,1.35E-06,0,1.06E-06,0
30/04/2018,1,1.55,0,0,1.044565217,0,0.505434783,0,2.30E-14,6.51E-07,0,4.91E-07,0
30/04/2018,2,1.02,0,0,0.687391304,0,0.332608696,0,2.23E-14,5.86E-07,0,4.56E-07,0
30/04/2018,3,0.4,0,0,0.269565217,0,0.130434783,0,9.36E-14,7.27E-07,0,5.71E-07,0
30/04/2018,4,0.39,0,0,0.262826087,0,0.127173913,0,3.46E-13,1.38E-06,0,1.08E-06,0
30/04/2018,5,0.41,0,0,0.276304348,0,0.133695652,0,9.39E-14,7.50E-07,0,5.84E-07,0
30/04/2018,6,0.45,0,0,0.30326087,0,0.14673913,0,1.90E-13,1.14E-06,0,8.86E-07,0
30/04/2018,7,0.43,0,0,0.289782609,0,0.140217391,0,1.24E-13,8.81E-07,0,6.85E-07,0
30/04/2018,8,0.49,0.022538,0.022538,0.315028739,0,0.152433261,0,5.26E-14,6.15E-07,0,4.74E-07,0
30/04/2018,9,0.53,0.102572,0.102572,0.288049304,0,0.139378696,0,1.64E-13,1.01E-06,0,7.85E-07,0
30/04/2018,10,0.45,0.111916,0.111916,0.227839217,0,0.110244783,0,3.06E-13,1.30E-06,0,1.00E-06,0
30/04/2018,11,0.58,0.227951,0.227951,0.237250413,0,0.114798587,0,1.28E-13,9.07E-07,0,7.12E-07,0
30/04/2018,12,0.6,0.823342,0.562957619,0.037042381,0.254475115,0,3.07E-14,0,0,3.28E-07,0,3.35E-07
30/04/2018,13,4.65,1.338165,1.338165,2.474809006,0,0.837025994,0,6.15E-28,0.256078379,0,0.223486585,0
30/04/2018,14,0.62,0.526749,0.505847339,0.076928967,0,0.037223694,0,3.19E-13,7.77E-07,0,5.99E-07,0
30/04/2018,15,0.53,0,0,0.357173913,0,0.172826087,0,7.95E-14,8.04E-07,0,6.26E-07,0
30/04/2018,16,0.53,0,0,0.357173913,0,0.172826087,0,7.95E-14,8.04E-07,0,6.26E-07,0
30/04/2018,17,0.72,0,0,0.485217391,0,0.234782609,0,6.24E-14,7.95E-07,0,6.22E-07,0
30/04/2018,18,0.77,0,0,0.518913043,0,0.251086957,0,1.67E-13,1.32E-06,0,1.03E-06,0
30/04/2018,19,0.58,0,0,0.390869565,0,0.189130435,0,8.14E-14,8.18E-07,0,6.47E-07,0
30/04/2018,20,0.47,0,0,0.31673913,0,0.15326087,0,1.52E-13,1.03E-06,0,7.99E-07,0
30/04/2018,21,0.43,0,0,0.289782609,0,0.140217391,0,1.24E-13,8.81E-07,0,6.85E-07,0
30/04/2018,22,0.37,0,0,0.249347826,0,0.120652174,0,6.10E-14,5.67E-07,0,4.41E-07,0
30/04/2018,23,0.57,0,0,0.384130435,0,0.185869565,0,7.42E-14,7.91E-07,0,6.10E-07,0
01/05/2018,0,1.36,0,0,0.916521739,0,0.443478261,0,8.64E-14,1.37E-06,0,1.06E-06,0
01/05/2018,1,0.92,0,0,0.62,0,0.3,0,4.39E-14,7.38E-07,0,5.66E-07,0
01/05/2018,2,0.35,0,0,0.235869565,0,0.114130435,0,1.79E-13,9.39E-07,0,7.27E-07,0
01/05/2018,3,0.35,0,0,0.235869565,0,0.114130435,0,1.79E-13,9.39E-07,0,7.27E-07,0
01/05/2018,4,0.4,0,0,0.269565217,0,0.130434783,0,9.36E-14,7.27E-07,0,5.71E-07,0
01/05/2018,5,0.45,0,0,0.30326087,0,0.14673913,0,1.90E-13,1.14E-06,0,8.86E-07,0
01/05/2018,6,0.38,0,0,0.256086957,0,0.123913043,0,3.49E-13,1.35E-06,0,1.06E-06,0
01/05/2018,7,0.34,0,0,0.229130435,0,0.110869565,0,6.68E-14,5.46E-07,0,4.22E-07,0
01/05/2018,8,0.44,0.449394,0.336577279,0.103422721,0.112816721,0,1.16E-13,0,0,4.81E-07,0,5.11E-07
01/05/2018,9,1.52,0.29103,0.29103,0.828218913,0,0.400751087,0,1.75E-14,6.24E-07,0,4.86E-07,0
01/05/2018,10,0.47,0.974893,0.47,2.71E-14,0.443485446,0,2.56E-14,0,0,6.73E-07,0,5.24E-07
01/05/2018,11,0.39,1.429452,0.39,1.86E-14,0.866613214,0,2.82E-14,0,0,5.45E-07,0,5.93E-07
01/05/2018,12,1.29,1.456089,1.05719277,0.23280723,0.39889623,0,2.01E-14,0,0,2.85E-07,0,3.01E-07
01/05/2018,13,1.22,0.112886,0.112886,0.746098565,0,0.361015435,0,2.50E-14,6.83E-07,0,5.27E-07,0
01/05/2018,14,0.59,1.404981,0.59,2.80E-14,0.702306161,0,3.22E-14,0,0,5.98E-07,0,6.35E-07
01/05/2018,15,0.47,0,0,0.31673913,0,0.15326087,0,1.52E-13,1.03E-06,0,7.99E-07,0
01/05/2018,16,0.36,0,0,0.242608696,0,0.117391304,0,2.18E-13,1.07E-06,0,8.27E-07,0
01/05/2018,17,0.37,0,0,0.249347826,0,0.120652174,0,6.10E-14,5.67E-07,0,4.41E-07,0
01/05/2018,18,0.44,0,0,0.296521739,0,0.143478261,0,2.73E-13,1.35E-06,0,1.06E-06,0
01/05/2018,19,0.64,0,0,0.431304348,0,0.208695652,0,4.80E-14,6.62E-07,0,5.15E-07,0
01/05/2018,20,0.53,0,0,0.357173913,0,0.172826087,0,7.95E-14,8.04E-07,0,6.26E-07,0
01/05/2018,21,0.65,0,0,0.438043478,0,0.211956522,0,4.98E-14,6.79E-07,0,5.29E-07,0
01/05/2018,22,0.76,0,0,0.512173913,0,0.247826087,0,1.64E-13,1.32E-06,0,1.03E-06,0
01/05/2018,23,1.02,0,0,0.687391304,0,0.332608696,0,2.23E-14,5.86E-07,0,4.56E-07,0
02/05/2018,0,0.47,0,0,0.31673913,0,0.15326087,0,1.52E-13,1.03E-06,0,7.99E-07,0
02/05/2018,1,0.82,0,0,0.552608696,0,0.267391304,0,2.64E-14,5.24E-07,0,4.04E-07,0
02/05/2018,2,0.35,0,0,0.235869565,0,0.114130435,0,1.79E-13,9.39E-07,0,7.27E-07,0
02/05/2018,3,0.43,0,0,0.289782609,0,0.140217391,0,1.24E-13,8.81E-07,0,6.85E-07,0
02/05/2018,4,0.42,0,0,0.283043478,0,0.136956522,0,3.20E-13,1.40E-06,0,1.09E-06,0
02/05/2018,5,0.36,0,0,0.242608696,0,0.117391304,0,2.18E-13,1.07E-06,0,8.27E-07,0
02/05/2018,6,0.41,0,0,0.276304348,0,0.133695652,0,9.39E-14,7.50E-07,0,5.84E-07,0
02/05/2018,7,0.39,0,0,0.262826087,0,0.127173913,0,3.46E-13,1.38E-06,0,1.08E-06,0
02/05/2018,8,0.62,0.134473,0.134473,0.327202978,0,0.158324022,0,1.00E-13,9.32E-07,0,7.27E-07,0
02/05/2018,9,0.49,0.15046,0.15046,0.228820435,0,0.110719565,0,2.67E-13,1.17E-06,0,9.07E-07,0
02/05/2018,10,0.37,0.178589,0.178589,0.12899437,0,0.06241663,0,4.81E-13,1.17E-06,0,9.07E-07,0
02/05/2018,11,0.99,1.545273,0.99,5.70E-14,0.525755089,0,9.82E-15,0,0,4.33E-07,0,3.79E-07
02/05/2018,12,2.45,0.509554,0.509554,1.358906706,0,0.581539294,0,1.83E-13,0.053988974,0,0.04711765,0
02/05/2018,13,1.06,0.240536,0.240536,0.552247478,0,0.267216522,0,7.62E-14,9.82E-07,0,7.63E-07,0
02/05/2018,14,0.42,0.201992,0.201992,0.146918435,0,0.071089565,0,3.58E-13,1.08E-06,0,8.56E-07,0
02/05/2018,15,0.4,0,0,0.269565217,0,0.130434783,0,9.36E-14,7.27E-07,0,5.71E-07,0
02/05/2018,16,0.43,0,0,0.289782609,0,0.140217391,0,1.24E-13,8.81E-07,0,6.85E-07,0
02/05/2018,17,0.47,0,0,0.31673913,0,0.15326087,0,1.52E-13,1.03E-06,0,7.99E-07,0
02/05/2018,18,0.39,0,0,0.262826087,0,0.127173913,0,3.46E-13,1.38E-06,0,1.08E-06,0
02/05/2018,19,0.34,0,0,0.229130435,0,0.110869565,0,6.68E-14,5.46E-07,0,4.22E-07,0
02/05/2018,20,0.38,0,0,0.256086957,0,0.123913043,0,3.49E-13,1.35E-06,0,1.06E-06,0
02/05/2018,21,0.55,0,0,0.370652174,0,0.179347826,0,8.40E-14,8.37E-07,0,6.49E-07,0
02/05/2018,22,0.49,0,0,0.330217391,0,0.159782609,0,1.04E-13,8.89E-07,0,6.95E-07,0
02/05/2018,23,0.42,0,0,0.283043478,0,0.136956522,0,3.20E-13,1.40E-06,0,1.09E-06,0
03/05/2018,0,1.28,0,0,0.862608696,0,0.417391304,0,2.74E-14,7.16E-07,0,5.49E-07,0
03/05/2018,1,0.84,0,0,0.566086957,0,0.273913043,0,2.93E-14,5.61E-07,0,4.28E-07,0
03/05/2018,2,0.48,0,0,0.323478261,0,0.156521739,0,1.16E-13,9.20E-07,0,7.15E-07,0
03/05/2018,3,0.43,0,0,0.289782609,0,0.140217391,0,1.24E-13,8.81E-07,0,6.85E-07,0
03/05/2018,4,0.4,0,0,0.269565217,0,0.130434783,0,9.36E-14,7.27E-07,0,5.71E-07,0
03/05/2018,5,0.38,0,0,0.256086957,0,0.123913043,0,3.49E-13,1.35E-06,0,1.06E-06,0
03/05/2018,6,0.43,0,0,0.289782609,0,0.140217391,0,1.24E-13,8.81E-07,0,6.85E-07,0
03/05/2018,7,0.48,0,0,0.323478261,0,0.156521739,0,1.16E-13,9.20E-07,0,7.15E-07,0
03/05/2018,8,0.43,0.556142,0.387333705,0.042666295,0.166774553,0,3.81E-14,0,0,3.33E-07,0,3.94E-07
03/05/2018,9,0.51,1.274892,0.51,5.82E-15,0.6556275,0,7.03E-15,0,0,1.95E-07,0,2.39E-07
03/05/2018,10,1.62,0.822914,0.822914,0.537166652,0,0.259919348,0,4.61E-14,7.91E-07,0,6.12E-07,0
03/05/2018,11,3.66,1.275612,1.275612,1.720143306,0,0.664244694,0,3.10E-26,0.11940876,0,0.104211281,0
03/05/2018,12,0.41,0.135838,0.135838,0.184761348,0,0.089400652,0,6.28E-14,5.25E-07,0,4.04E-07,0
03/05/2018,13,0.35,0.239342,0.236350313,0.076590006,0,0.03705968,0,5.41E-13,1.05E-06,0,8.22E-07,0
03/05/2018,14,0.39,0.910926,0.39,5.25E-14,0.449940536,0,5.91E-14,0,0,9.78E-07,0,8.29E-07
03/05/2018,15,0.39,0,0,0.262826087,0,0.127173913,0,3.46E-13,1.38E-06,0,1.08E-06,0
03/05/2018,16,0.38,0,0,0.256086957,0,0.123913043,0,3.49E-13,1.35E-06,0,1.06E-06,0
03/05/2018,17,1.42,0,0,0.956956522,0,0.463043478,0,2.39E-14,7.61E-07,0,5.86E-07,0
03/05/2018,18,0.41,0,0,0.276304348,0,0.133695652,0,9.39E-14,7.50E-07,0,5.84E-07,0
03/05/2018,19,0.83,0,0,0.559347826,0,0.270652174,0,2.64E-14,5.25E-07,0,4.04E-07,0
03/05/2018,20,0.5,0,0,0.336956522,0,0.163043478,0,9.90E-14,8.94E-07,0,7.00E-07,0
03/05/2018,21,0.44,0,0,0.296521739,0,0.143478261,0,2.73E-13,1.35E-06,0,1.06E-06,0
03/05/2018,22,0.62,0,0,0.417826087,0,0.202173913,0,7.85E-14,8.25E-07,0,6.43E-07,0
03/05/2018,23,0.62,0,0,0.417826087,0,0.202173913,0,7.85E-14,8.25E-07,0,6.43E-07,0
04/05/2018,0,1.01,0,0,0.680652174,0,0.329347826,0,9.58E-14,1.19E-06,0,9.25E-07,0
04/05/2018,1,0.47,0,0,0.31673913,0,0.15326087,0,1.52E-13,1.03E-06,0,7.99E-07,0
04/05/2018,2,0.42,0,0,0.283043478,0,0.136956522,0,3.20E-13,1.40E-06,0,1.09E-06,0
04/05/2018,3,0.41,0,0,0.276304348,0,0.133695652,0,9.39E-14,7.50E-07,0,5.84E-07,0
04/05/2018,4,0.46,0,0,0.31,0,0.15,0,2.00E-13,1.17E-06,0,9.06E-07,0
04/05/2018,5,0.49,0,0,0.330217391,0,0.159782609,0,1.04E-13,8.89E-07,0,6.95E-07,0
04/05/2018,6,0.39,0,0,0.262826087,0,0.127173913,0,3.46E-13,1.38E-06,0,1.08E-06,0
04/05/2018,7,0.39,0,0,0.262826087,0,0.127173913,0,3.46E-13,1.38E-06,0,1.08E-06,0
04/05/2018,8,0.59,0.281408,0.281408,0.207964174,0,0.100627826,0,1.19E-13,8.13E-07,0,6.33E-07,0
04/05/2018,9,0.45,0.225444,0.225444,0.151331217,0,0.073224783,0,2.78E-13,1.03E-06,0,8.05E-07,0
04/05/2018,10,1.66,0.811282,0.811282,0.57196213,0,0.27675587,0,6.36E-14,9.80E-07,0,7.64E-07,0
04/05/2018,11,1.31,1.065991,1.028959791,0.189396663,0,0.091643546,0,1.21E-13,7.41E-07,0,5.54E-07,0
04/05/2018,12,0.58,0.450845,0.43765587,0.095927566,0,0.046416564,0,6.99E-13,1.26E-06,0,9.69E-07,0
04/05/2018,13,0.44,0.113215,0.113215,0.220224674,0,0.106560326,0,3.35E-13,1.34E-06,0,1.03E-06,0
04/05/2018,14,0.43,0.095043,0.095043,0.225731891,0,0.109225109,0,4.92E-14,5.22E-07,0,4.03E-07,0
04/05/2018,15,0.33,0,0,0.222391304,0,0.107608696,0,6.52E-14,5.31E-07,0,4.09E-07,0
04/05/2018,16,0.34,0,0,0.229130435,0,0.110869565,0,6.68E-14,5.46E-07,0,4.22E-07,0
04/05/2018,17,0.54,0,0,0.363913043,0,0.176086957,0,8.84E-14,8.55E-07,0,6.64E-07,0
04/05/2018,18,0.69,0,0,0.465,0,0.225,0,7.73E-14,8.62E-07,0,6.75E-07,0
04/05/2018,19,0.39,0,0,0.262826087,0,0.127173913,0,3.46E-13,1.38E-06,0,1.08E-06,0
04/05/2018,20,0.45,0,0,0.30326087,0,0.14673913,0,1.90E-13,1.14E-06,0,8.86E-07,0
04/05/2018,21,0.48,0,0,0.323478261,0,0.156521739,0,1.16E-13,9.20E-07,0,7.15E-07,0
04/05/2018,22,0.44,0,0,0.296521739,0,0.143478261,0,2.73E-13,1.35E-06,0,1.06E-06,0
04/05/2018,23,0.46,0,0,0.31,0,0.15,0,2.00E-13,1.17E-06,0,9.06E-07,0
05/05/2018,0,0.93,0,0,0.62673913,0,0.30326087,0,7.38E-14,9.64E-07,0,7.40E-07,0
05/05/2018,1,0.61,0,0,0.411086957,0,0.198913043,0,7.71E-14,8.10E-07,0,6.32E-07,0
05/05/2018,2,0.46,0,0,0.31,0,0.15,0,2.00E-13,1.17E-06,0,9.06E-07,0
05/05/2018,3,0.43,0,0,0.289782609,0,0.140217391,0,1.24E-13,8.81E-07,0,6.85E-07,0
05/05/2018,4,0.36,0,0,0.242608696,0,0.117391304,0,2.18E-13,1.07E-06,0,8.27E-07,0
05/05/2018,5,0.38,0,0,0.256086957,0,0.123913043,0,3.49E-13,1.35E-06,0,1.06E-06,0
05/05/2018,6,0.51,0,0,0.343695652,0,0.166304348,0,9.48E-14,8.79E-07,0,6.87E-07,0
05/05/2018,7,0.5,0,0,0.336956522,0,0.163043478,0,9.90E-14,8.94E-07,0,7.00E-07,0
05/05/2018,8,0.41,0.210497,0.210497,0.134447674,0,0.065055326,0,3.90E-13,1.10E-06,0,8.73E-07,0
05/05/2018,9,0.49,0.132378,0.132378,0.24100613,0,0.11661587,0,2.37E-13,1.12E-06,0,8.68E-07,0
05/05/2018,10,0.38,0.17934,0.17934,0.135227391,0,0.065432609,0,4.93E-13,1.22E-06,0,9.48E-07,0
05/05/2018,11,0.45,0.124082,0.124082,0.219640391,0,0.106277609,0,5.03E-14,5.13E-07,0,3.95E-07,0
05/05/2018,12,0.47,0.302116,0.301026478,0.11387346,0,0.055100061,0,2.14E-13,7.97E-07,0,6.19E-07,0
05/05/2018,13,0.71,0.113351,0.113351,0.402089543,0,0.194559457,0,6.52E-14,7.89E-07,0,6.16E-07,0
05/05/2018,14,0.39,0.628461,0.39,8.56E-14,0.222959732,0,2.55E-14,0,0,2.47E-07,0,3.08E-07
05/05/2018,15,0.43,0,0,0.289782609,0,0.140217391,0,1.24E-13,8.81E-07,0,6.85E-07,0
05/05/2018,16,0.69,0,0,0.465,0,0.225,0,7.73E-14,8.62E-07,0,6.75E-07,0
05/05/2018,17,0.43,0,0,0.289782609,0,0.140217391,0,1.24E-13,8.81E-07,0,6.85E-07,0
05/05/2018,18,0.36,0,0,0.242608696,0,0.117391304,0,2.18E-13,1.07E-06,0,8.27E-07,0
05/05/2018,19,0.39,0,0,0.262826087,0,0.127173913,0,3.46E-13,1.38E-06,0,1.08E-06,0
05/05/2018,20,0.47,0,0,0.31673913,0,0.15326087,0,1.52E-13,1.03E-06,0,7.99E-07,0
05/05/2018,21,0.44,0,0,0.296521739,0,0.143478261,0,2.73E-13,1.35E-06,0,1.06E-06,0
05/05/2018,22,0.39,0,0,0.262826087,0,0.127173913,0,3.46E-13,1.38E-06,0,1.08E-06,0
05/05/2018,23,0.58,0,0,0.390869565,0,0.189130435,0,8.14E-14,8.18E-07,0,6.47E-07,0
06/05/2018,0,0.53,0,0,0.357173913,0,0.172826087,0,7.95E-14,8.04E-07,0,6.26E-07,0
06/05/2018,1,0.48,0,0,0.323478261,0,0.156521739,0,1.16E-13,9.20E-07,0,7.15E-07,0
06/05/2018,2,0.45,0,0,0.30326087,0,0.14673913,0,1.90E-13,1.14E-06,0,8.86E-07,0
06/05/2018,3,0.41,0,0,0.276304348,0,0.133695652,0,9.39E-14,7.50E-07,0,5.84E-07,0
06/05/2018,4,0.36,0,0,0.242608696,0,0.117391304,0,2.18E-13,1.07E-06,0,8.27E-07,0
06/05/2018,5,0.57,0,0,0.384130435,0,0.185869565,0,7.42E-14,7.91E-07,0,6.10E-07,0
06/05/2018,6,0.42,0,0,0.283043478,0,0.136956522,0,3.20E-13,1.40E-06,0,1.09E-06,0
06/05/2018,7,0.35,0,0,0.235869565,0,0.114130435,0,1.79E-13,9.39E-07,0,7.27E-07,0
06/05/2018,8,0.47,0.55758,0.398934098,0.071065902,0.158645902,0,4.44E-14,0,0,2.87E-07,0,3.06E-07
06/05/2018,9,0.36,1.418766,0.36,1.77E-14,0.879722679,0,2.75E-14,0,0,5.46E-07,0,5.91E-07
06/05/2018,10,0,1.817209,0,0,1.439808126,0,1.06E-15,0,0,0.106656122,0,0.063993673
06/05/2018,11,0.36,2.28938,0.36,7.27E-16,1.547804578,0,1.29E-15,0,0,0.164391316,0,0.09863479
06/05/2018,12,0.46,2.419069,0.46,3.54E-21,1.576732447,0,2.13E-21,0,0,0.179856233,0,0.10791374
06/05/2018,13,0.47,2.024183,0.47,5.58E-17,1.282354632,0,8.73E-17,0,0,0.022481061,0,0.013488636
06/05/2018,14,0.46,1.617948,0.46,5.75E-15,0.967458214,0,8.57E-15,0,0,4.07E-07,0,3.86E-07
06/05/2018,15,0.4,0,0,0.269565217,0,0.130434783,0,9.36E-14,7.27E-07,0,5.71E-07,0
06/05/2018,16,0.34,0,0,0.229130435,0,0.110869565,0,6.68E-14,5.46E-07,0,4.22E-07,0
06/05/2018,17,0.35,0,0,0.235869565,0,0.114130435,0,1.79E-13,9.39E-07,0,7.27E-07,0
06/05/2018,18,0.43,0,0,0.289782609,0,0.140217391,0,1.24E-13,8.81E-07,0,6.85E-07,0
06/05/2018,19,0.5,0,0,0.336956522,0,0.163043478,0,9.90E-14,8.94E-07,0,7.00E-07,0
06/05/2018,20,0.63,0,0,0.424565217,0,0.205434783,0,8.00E-14,8.41E-07,0,6.55E-07,0
06/05/2018,21,0.44,0,0,0.296521739,0,0.143478261,0,2.73E-13,1.35E-06,0,1.06E-06,0
06/05/2018,22,0.43,0,0,0.289782609,0,0.140217391,0,1.24E-13,8.81E-07,0,6.85E-07,0
06/05/2018,23,0.61,0,0,0.411086957,0,0.198913043,0,7.71E-14,8.10E-07,0,6.32E-07,0
07/05/2018,0,0.57,0,0,0.384130435,0,0.185869565,0,7.42E-14,7.91E-07,0,6.10E-07,0
07/05/2018,1,0.45,0,0,0.30326087,0,0.14673913,0,1.90E-13,1.14E-06,0,8.86E-07,0
07/05/2018,2,0.44,0,0,0.296521739,0,0.143478261,0,2.73E-13,1.35E-06,0,1.06E-06,0
07/05/2018,3,0.54,0,0,0.363913043,0,0.176086957,0,8.84E-14,8.55E-07,0,6.64E-07,0
07/05/2018,4,0.54,0,0,0.363913043,0,0.176086957,0,8.84E-14,8.55E-07,0,6.64E-07,0
07/05/2018,5,0.47,0,0,0.31673913,0,0.15326087,0,1.52E-13,1.03E-06,0,7.99E-07,0
07/05/2018,6,0.45,0,0,0.30326087,0,0.14673913,0,1.90E-13,1.14E-06,0,8.86E-07,0
07/05/2018,7,0.54,0,0,0.363913043,0,0.176086957,0,8.84E-14,8.55E-07,0,6.64E-07,0
07/05/2018,8,0.48,0.009564,0.009564,0.317032957,0,0.153403043,0,5.20E-14,6.22E-07,0,4.82E-07,0
07/05/2018,9,0.44,0.098244,0.098244,0.230313826,0,0.111442174,0,3.18E-13,1.34E-06,0,1.03E-06,0
07/05/2018,10,0.36,0.178708,0.178708,0.122175043,0,0.059116957,0,5.33E-13,1.20E-06,0,9.26E-07,0
07/05/2018,11,0.38,0.225495,0.225495,0.104122935,0,0.050382065,0,5.53E-13,1.21E-06,0,9.41E-07,0
07/05/2018,12,0.39,0.22857,0.22857,0.108789783,0,0.052640217,0,4.53E-13,1.12E-06,0,8.72E-07,0
07/05/2018,13,0.49,0.37243,0.362571235,0.085875907,0,0.041552858,0,1.41E-13,5.38E-07,0,4.15E-07,0
07/05/2018,14,0.46,0.093186,0.093186,0.247200739,0,0.119613261,0,2.68E-13,1.27E-06,0,9.77E-07,0
07/05/2018,15,0.4,0,0,0.269565217,0,0.130434783,0,9.36E-14,7.27E-07,0,5.71E-07,0
07/05/2018,16,0.39,0,0,0.262826087,0,0.127173913,0,3.46E-13,1.38E-06,0,1.08E-06,0
07/05/2018,17,0.47,0,0,0.31673913,0,0.15326087,0,1.52E-13,1.03E-06,0,7.99E-07,0
07/05/2018,18,0.51,0,0,0.343695652,0,0.166304348,0,9.48E-14,8.79E-07,0,6.87E-07,0
07/05/2018,19,0.72,0,0,0.485217391,0,0.234782609,0,6.24E-14,7.95E-07,0,6.22E-07,0
07/05/2018,20,0.4,0,0,0.269565217,0,0.130434783,0,9.36E-14,7.27E-07,0,5.71E-07,0
07/05/2018,21,0.45,0,0,0.30326087,0,0.14673913,0,1.90E-13,1.14E-06,0,8.86E-07,0
07/05/2018,22,0.47,0,0,0.31673913,0,0.15326087,0,1.52E-13,1.03E-06,0,7.99E-07,0
07/05/2018,23,0.65,0,0,0.438043478,0,0.211956522,0,4.98E-14,6.79E-07,0,5.29E-07,0
08/05/2018,0,0.42,0,0,0.283043478,0,0.136956522,0,3.20E-13,1.40E-06,0,1.09E-06,0
08/05/2018,1,0.52,0,0,0.350434783,0,0.169565217,0,8.97E-14,8.49E-07,0,6.61E-07,0
08/05/2018,2,0.46,0,0,0.31,0,0.15,0,2.00E-13,1.17E-06,0,9.06E-07,0
08/05/2018,3,0.47,0,0,0.31673913,0,0.15326087,0,1.52E-13,1.03E-06,0,7.99E-07,0
08/05/2018,4,0.45,0,0,0.30326087,0,0.14673913,0,1.90E-13,1.14E-06,0,8.86E-07,0
08/05/2018,5,0.4,0,0,0.269565217,0,0.130434783,0,9.36E-14,7.27E-07,0,5.71E-07,0
08/05/2018,6,0.39,0,0,0.262826087,0,0.127173913,0,3.46E-13,1.38E-06,0,1.08E-06,0
08/05/2018,7,0.47,0,0,0.31673913,0,0.15326087,0,1.52E-13,1.03E-06,0,7.99E-07,0
08/05/2018,8,0.54,0.008814,0.008814,0.357973174,0,0.173212826,0,1.27E-13,1.02E-06,0,7.83E-07,0
08/05/2018,9,0.42,0.083403,0.083403,0.226837109,0,0.109759891,0,5.37E-14,5.47E-07,0,4.21E-07,0
08/05/2018,10,0.46,0.173367,0.173367,0.193165717,0,0.093467283,0,3.07E-13,1.15E-06,0,9.00E-07,0
08/05/2018,11,0.43,0.157334,0.157334,0.183753174,0,0.088912826,0,3.65E-13,1.23E-06,0,9.48E-07,0
08/05/2018,12,0.75,0.197284,0.197284,0.372482522,0,0.180233478,0,6.94E-14,8.16E-07,0,6.32E-07,0
08/05/2018,13,0.9,0.238613,0.238613,0.445717326,0,0.215669674,0,2.56E-14,5.12E-07,0,3.92E-07,0
08/05/2018,14,0.91,0.195586,0.195586,0.481452913,0,0.232961087,0,2.33E-14,5.07E-07,0,3.88E-07,0
08/05/2018,15,0.35,0,0,0.235869565,0,0.114130435,0,1.79E-13,9.39E-07,0,7.27E-07,0
08/05/2018,16,0.45,0,0,0.30326087,0,0.14673913,0,1.90E-13,1.14E-06,0,8.86E-07,0
08/05/2018,17,0.48,0,0,0.323478261,0,0.156521739,0,1.16E-13,9.20E-07,0,7.15E-07,0
08/05/2018,18,0.58,0,0,0.390869565,0,0.189130435,0,8.14E-14,8.18E-07,0,6.47E-07,0
08/05/2018,19,1.02,0,0,0.687391304,0,0.332608696,0,2.23E-14,5.86E-07,0,4.56E-07,0
08/05/2018,20,3.8,0,0,2.872029959,0,0.927970041,0,1.15E-28,0.328014915,0,0.286267562,0
08/05/2018,21,1.67,0,0,1.138844191,0,0.531155809,0,5.15E-24,0.014135751,0,0.012336655,0
08/05/2018,22,0.73,0,0,0.491956522,0,0.238043478,0,5.13E-14,7.22E-07,0,5.65E-07,0
08/05/2018,23,1.26,0,0,0.849130435,0,0.410869565,0,2.77E-14,7.14E-07,0,5.47E-07,0
09/05/2018,0,2.82,0,0,2.074601765,0,0.745398235,0,1.22E-24,0.183601027,0,0.160233624,0
09/05/2018,1,0.45,0,0,0.30326087,0,0.14673913,0,1.90E-13,1.14E-06,0,8.86E-07,0
09/05/2018,2,0.52,0,0,0.350434783,0,0.169565217,0,8.97E-14,8.49E-07,0,6.61E-07,0
09/05/2018,3,0.46,0,0,0.31,0,0.15,0,2.00E-13,1.17E-06,0,9.06E-07,0
09/05/2018,4,0.43,0,0,0.289782609,0,0.140217391,0,1.24E-13,8.81E-07,0,6.85E-07,0
09/05/2018,5,0.38,0,0,0.256086957,0,0.123913043,0,3.49E-13,1.35E-06,0,1.06E-06,0
09/05/2018,6,0.43,0,0,0.289782609,0,0.140217391,0,1.24E-13,8.81E-07,0,6.85E-07,0
09/05/2018,7,0.45,0,0,0.30326087,0,0.14673913,0,1.90E-13,1.14E-06,0,8.86E-07,0
09/05/2018,8,1.31,0.384655,0.384655,0.623602065,0,0.301742935,0,3.50E-14,7.40E-07,0,5.72E-07,0
09/05/2018,9,0.49,0.776824,0.49,8.52E-14,0.269858571,0,2.00E-14,0,0,2.12E-07,0,2.71E-07
09/05/2018,10,0.4,1.789667,0.4,1.66E-14,1.148839554,0,2.68E-14,0,0,9.53E-07,0,8.65E-07
09/05/2018,11,0.53,1.684448,0.53,1.20E-14,0.970270714,0,1.71E-14,0,0,5.74E-07,0,5.85E-07
09/05/2018,12,0.92,2.282988,0.92,8.52E-15,1.169186786,0,1.02E-14,0,0,4.38E-07,0,4.42E-07
09/05/2018,13,0.37,1.60405,0.37,7.01E-15,1.021379464,0,1.12E-14,0,0,3.80E-07,0,4.46E-07
09/05/2018,14,0.34,1.111857,0.34,6.14E-15,0.647563661,0,8.88E-15,0,0,2.43E-07,0,2.53E-07
09/05/2018,15,0.5,0,0,0.336956522,0,0.163043478,0,9.90E-14,8.94E-07,0,7.00E-07,0
09/05/2018,16,0.44,0,0,0.296521739,0,0.143478261,0,2.73E-13,1.35E-06,0,1.06E-06,0
09/05/2018,17,0.41,0,0,0.276304348,0,0.133695652,0,9.39E-14,7.50E-07,0,5.84E-07,0
09/05/2018,18,0.35,0,0,0.235869565,0,0.114130435,0,1.79E-13,9.39E-07,0,7.27E-07,0
09/05/2018,19,0.68,0,0,0.45826087,0,0.22173913,0,7.13E-14,8.21E-07,0,6.42E-07,0
09/05/2018,20,0.5,0,0,0.336956522,0,0.163043478,0,9.90E-14,8.94E-07,0,7.00E-07,0
09/05/2018,21,0.48,0,0,0.323478261,0,0.156521739,0,1.16E-13,9.20E-07,0,7.15E-07,0
09/05/2018,22,0.61,0,0,0.411086957,0,0.198913043,0,7.71E-14,8.10E-07,0,6.32E-07,0
09/05/2018,23,0.51,0,0,0.343695652,0,0.166304348,0,9.48E-14,8.79E-07,0,6.87E-07,0
10/05/2018,0,1.77,0,0,1.220214414,0,0.549785586,0,1.88E-24,0.028871862,0,0.025197261,0
10/05/2018,1,1.27,0,0,0.855869565,0,0.414130435,0,2.81E-14,7.21E-07,0,5.52E-07,0
10/05/2018,2,0.43,0,0,0.289782609,0,0.140217391,0,1.24E-13,8.81E-07,0,6.85E-07,0
10/05/2018,3,0.4,0,0,0.269565217,0,0.130434783,0,9.36E-14,7.27E-07,0,5.71E-07,0
10/05/2018,4,0.37,0,0,0.249347826,0,0.120652174,0,6.10E-14,5.67E-07,0,4.41E-07,0
10/05/2018,5,0.45,0,0,0.30326087,0,0.14673913,0,1.90E-13,1.14E-06,0,8.86E-07,0
10/05/2018,6,0.4,0,0,0.269565217,0,0.130434783,0,9.36E-14,7.27E-07,0,5.71E-07,0
10/05/2018,7,0.31,0,0,0.208913043,0,0.101086957,0,8.52E-14,5.97E-07,0,4.59E-07,0
10/05/2018,8,0.35,0.164006,0.164006,0.125343783,0,0.060650217,0,5.61E-13,1.28E-06,0,9.87E-07,0
10/05/2018,9,0.62,0.290235,0.290235,0.222232935,0,0.107532065,0,1.29E-13,8.67E-07,0,6.75E-07,0
10/05/2018,10,0.46,0.104514,0.104514,0.239566652,0,0.115919348,0,2.79E-13,1.27E-06,0,9.80E-07,0
10/05/2018,11,0.39,0.138626,0.138626,0.169404217,0,0.081969783,0,7.18E-14,5.38E-07,0,4.14E-07,0
10/05/2018,12,0.34,0.7377,0.34,1.48E-14,0.346901786,0,1.51E-14,0,0,2.40E-07,0,2.78E-07
10/05/2018,13,0.28,1.334067,0.28,7.55E-15,0.869518125,0,1.23E-14,0,0,5.29E-07,0,4.58E-07
10/05/2018,14,0.38,0.993812,0.38,7.73E-15,0.5237775,0,9.72E-15,0,0,1.81E-07,0,2.57E-07
10/05/2018,15,0.42,0,0,0.283043478,0,0.136956522,0,3.20E-13,1.40E-06,0,1.09E-06,0
10/05/2018,16,3.29,0,0,2.457041817,0,0.832958183,0,1.22E-19,0.252860749,0,0.220678472,0
10/05/2018,17,0.57,0,0,0.384130435,0,0.185869565,0,7.42E-14,7.91E-07,0,6.10E-07,0
10/05/2018,18,0.41,0,0,0.276304348,0,0.133695652,0,9.39E-14,7.50E-07,0,5.84E-07,0
10/05/2018,19,0.52,0,0,0.350434783,0,0.169565217,0,8.97E-14,8.49E-07,0,6.61E-07,0
10/05/2018,20,0.41,0,0,0.276304348,0,0.133695652,0,9.39E-14,7.50E-07,0,5.84E-07,0
10/05/2018,21,0.66,0,0,0.444782609,0,0.215217391,0,5.00E-14,6.87E-07,0,5.35E-07,0
10/05/2018,22,0.41,0,0,0.276304348,0,0.133695652,0,9.39E-14,7.50E-07,0,5.84E-07,0
10/05/2018,23,0.76,0,0,0.512173913,0,0.247826087,0,1.64E-13,1.32E-06,0,1.03E-06,0
11/05/2018,0,1,0,0,0.673913043,0,0.326086957,0,9.32E-14,1.16E-06,0,8.99E-07,0
11/05/2018,1,0.38,0,0,0.256086957,0,0.123913043,0,3.49E-13,1.35E-06,0,1.06E-06,0
11/05/2018,2,0.57,0,0,0.384130435,0,0.185869565,0,7.42E-14,7.91E-07,0,6.10E-07,0
11/05/2018,3,0.41,0,0,0.276304348,0,0.133695652,0,9.39E-14,7.50E-07,0,5.84E-07,0
11/05/2018,4,0.4,0,0,0.269565217,0,0.130434783,0,9.36E-14,7.27E-07,0,5.71E-07,0
11/05/2018,5,0.33,0,0,0.222391304,0,0.107608696,0,6.52E-14,5.31E-07,0,4.09E-07,0
11/05/2018,6,0.32,0,0,0.215652174,0,0.104347826,0,7.97E-14,5.84E-07,0,4.49E-07,0
11/05/2018,7,0.47,0,0,0.31673913,0,0.15326087,0,1.52E-13,1.03E-06,0,7.99E-07,0
11/05/2018,8,0.43,0,0,0.289782609,0,0.140217391,0,1.24E-13,8.81E-07,0,6.85E-07,0
11/05/2018,9,0.37,0.129169,0.129169,0.162299152,0,0.078531848,0,7.64E-14,5.52E-07,0,4.26E-07,0
11/05/2018,10,0.69,0.198614,0.198614,0.331151435,0,0.160234565,0,9.73E-14,9.23E-07,0,7.18E-07,0
11/05/2018,11,0.7,0.143098,0.143098,0.375303522,0,0.181598478,0,7.13E-14,8.34E-07,0,6.48E-07,0
11/05/2018,12,0.61,0.159119,0.159119,0.303854587,0,0.147026413,0,1.43E-13,1.03E-06,0,7.98E-07,0
11/05/2018,13,0.56,0.29775,0.29775,0.176733696,0,0.085516304,0,1.72E-13,9.01E-07,0,7.01E-07,0
11/05/2018,14,0.55,0.278748,0.278748,0.182800261,0,0.088451739,0,1.48E-13,8.52E-07,0,6.65E-07,0
11/05/2018,15,0.52,0,0,0.350434783,0,0.169565217,0,8.97E-14,8.49E-07,0,6.61E-07,0
11/05/2018,16,0.6,0,0,0.404347826,0,0.195652174,0,4.03E-14,5.74E-07,0,4.48E-07,0
11/05/2018,17,0.62,0,0,0.417826087,0,0.202173913,0,7.85E-14,8.25E-07,0,6.43E-07,0
11/05/2018,18,0.59,0,0,0.397608696,0,0.192391304,0,8.91E-14,8.65E-07,0,6.80E-07,0
11/05/2018,19,0.42,0,0,0.283043478,0,0.136956522,0,3.20E-13,1.40E-06,0,1.09E-06,0
11/05/2018,20,0.37,0,0,0.249347826,0,0.120652174,0,6.10E-14,5.67E-07,0,4.41E-07,0
11/05/2018,21,0.41,0,0,0.276304348,0,0.133695652,0,9.39E-14,7.50E-07,0,5.84E-07,0
11/05/2018,22,0.43,0,0,0.289782609,0,0.140217391,0,1.24E-13,8.81E-07,0,6.85E-07,0
11/05/2018,23,0.49,0,0,0.330217391,0,0.159782609,0,1.04E-13,8.89E-07,0,6.95E-07,0
12/05/2018,0,0.35,0,0,0.235869565,0,0.114130435,0,1.79E-13,9.39E-07,0,7.27E-07,0
12/05/2018,1,0.48,0,0,0.323478261,0,0.156521739,0,1.16E-13,9.20E-07,0,7.15E-07,0
12/05/2018,2,0.43,0,0,0.289782609,0,0.140217391,0,1.24E-13,8.81E-07,0,6.85E-07,0
12/05/2018,3,0.33,0,0,0.222391304,0,0.107608696,0,6.52E-14,5.31E-07,0,4.09E-07,0
12/05/2018,4,0.35,0,0,0.235869565,0,0.114130435,0,1.79E-13,9.39E-07,0,7.27E-07,0
12/05/2018,5,0.37,0,0,0.249347826,0,0.120652174,0,6.10E-14,5.67E-07,0,4.41E-07,0
12/05/2018,6,0.4,0,0,0.269565217,0,0.130434783,0,9.36E-14,7.27E-07,0,5.71E-07,0
12/05/2018,7,0.5,0,0,0.336956522,0,0.163043478,0,9.90E-14,8.94E-07,0,7.00E-07,0
12/05/2018,8,0.4,0.047259,0.047259,0.237716761,0,0.115024239,0,1.06E-13,7.61E-07,0,5.86E-07,0
12/05/2018,9,0.37,1.253301,0.37,5.09E-15,0.739527589,0,7.47E-15,0,0,2.59E-07,0,2.78E-07
12/05/2018,10,0.48,1.658955,0.48,6.55E-15,0.985945982,0,9.70E-15,0,0,4.61E-07,0,4.25E-07
12/05/2018,11,0.42,0.400783,0.379951162,0.026989435,0,0.013059404,0,1.18E-12,9.31E-07,0,7.29E-07,0
12/05/2018,12,0.43,0.597372,0.406926909,0.023073091,0.185735718,0,3.35E-14,0,0,2.52E-07,0,2.71E-07
12/05/2018,13,0.33,1.736981,0.33,3.90E-15,1.157127589,0,6.51E-15,0,0,5.34E-07,0,4.43E-07
12/05/2018,14,0.39,0.732789,0.39,2.53E-14,0.306794732,0,1.89E-14,0,0,2.93E-07,0,3.08E-07
12/05/2018,15,0.46,0,0,0.31,0,0.15,0,2.00E-13,1.17E-06,0,9.06E-07,0
12/05/2018,16,0.38,0,0,0.256086957,0,0.123913043,0,3.49E-13,1.35E-06,0,1.06E-06,0
12/05/2018,17,0.34,0,0,0.229130435,0,0.110869565,0,6.68E-14,5.46E-07,0,4.22E-07,0
12/05/2018,18,0.44,0,0,0.296521739,0,0.143478261,0,2.73E-13,1.35E-06,0,1.06E-06,0
12/05/2018,19,0.45,0,0,0.30326087,0,0.14673913,0,1.90E-13,1.14E-06,0,8.86E-07,0
12/05/2018,20,0.82,0,0,0.552608696,0,0.267391304,0,2.64E-14,5.24E-07,0,4.04E-07,0
12/05/2018,21,2.34,0,0,1.684024691,0,0.655975309,0,4.97E-18,0.112867695,0,0.098502715,0
12/05/2018,22,0.63,0,0,0.424565217,0,0.205434783,0,8.00E-14,8.41E-07,0,6.55E-07,0
12/05/2018,23,0.53,0,0,0.357173913,0,0.172826087,0,7.95E-14,8.04E-07,0,6.26E-07,0
13/05/2018,0,0.47,0,0,0.31673913,0,0.15326087,0,1.52E-13,1.03E-06,0,7.99E-07,0
13/05/2018,1,0.46,0,0,0.31,0,0.15,0,2.00E-13,1.17E-06,0,9.06E-07,0
13/05/2018,2,0.41,0,0,0.276304348,0,0.133695652,0,9.39E-14,7.50E-07,0,5.84E-07,0
13/05/2018,3,0.39,0,0,0.262826087,0,0.127173913,0,3.46E-13,1.38E-06,0,1.08E-06,0
13/05/2018,4,0.44,0,0,0.296521739,0,0.143478261,0,2.73E-13,1.35E-06,0,1.06E-06,0
13/05/2018,5,0.41,0,0,0.276304348,0,0.133695652,0,9.39E-14,7.50E-07,0,5.84E-07,0
13/05/2018,6,0.37,0,0,0.249347826,0,0.120652174,0,6.10E-14,5.67E-07,0,4.41E-07,0
13/05/2018,7,0.32,0,0,0.215652174,0,0.104347826,0,7.97E-14,5.84E-07,0,4.49E-07,0
13/05/2018,8,0.47,0.046145,0.046145,0.285641413,0,0.138213587,0,4.99E-14,5.84E-07,0,4.49E-07,0
13/05/2018,9,0.42,0.056908,0.056908,0.244692435,0,0.118399565,0,4.59E-14,5.29E-07,0,4.08E-07,0
13/05/2018,10,0.4,0.107568,0.107568,0.197073739,0,0.095358261,0,7.01E-14,5.88E-07,0,4.54E-07,0
13/05/2018,11,0.33,0.123395,0.123395,0.139233804,0,0.067371196,0,8.81E-14,5.55E-07,0,4.28E-07,0
13/05/2018,12,0.41,0.326049,0.315610092,0.06361059,0,0.030779318,0,3.68E-13,7.76E-07,0,6.02E-07,0
13/05/2018,13,0.46,0.359396,0.348657947,0.075034862,0,0.036307191,0,2.25E-13,6.39E-07,0,4.92E-07,0
13/05/2018,14,0.47,0.227409,0.227409,0.163485239,0,0.079105761,0,3.11E-13,1.15E-06,0,8.94E-07,0
13/05/2018,15,0.44,0.647315,0.433522202,0.006477798,0.206634389,0,3.08E-14,0,0,2.44E-07,0,2.66E-07
13/05/2018,16,0.42,0,0,0.283043478,0,0.136956522,0,3.20E-13,1.40E-06,0,1.09E-06,0
13/05/2018,17,0.53,0,0,0.357173913,0,0.172826087,0,7.95E-14,8.04E-07,0,6.26E-07,0
13/05/2018,18,0.55,0,0,0.370652174,0,0.179347826,0,8.40E-14,8.37E-07,0,6.49E-07,0
13/05/2018,19,3.38,0,0,2.530275019,0,0.849724981,0,9.23E-20,0.266123249,0,0.232253017,0
13/05/2018,20,0.38,0,0,0.256086957,0,0.123913043,0,3.49E-13,1.35E-06,0,1.06E-06,0
13/05/2018,21,0.62,0,0,0.417826087,0,0.202173913,0,7.85E-14,8.25E-07,0,6.43E-07,0
13/05/2018,22,0.52,0,0,0.350434783,0,0.169565217,0,8.97E-14,8.49E-07,0,6.61E-07,0
13/05/2018,23,0.48,0,0,0.323478261,0,0.156521739,0,1.16E-13,9.20E-07,0,7.15E-07,0
14/05/2018,0,0.42,0,0,0.283043478,0,0.136956522,0,3.20E-13,1.40E-06,0,1.09E-06,0
14/05/2018,1,0.35,0,0,0.235869565,0,0.114130435,0,1.79E-13,9.39E-07,0,7.27E-07,0
14/05/2018,2,0.38,0,0,0.256086957,0,0.123913043,0,3.49E-13,1.35E-06,0,1.06E-06,0
14/05/2018,3,0.46,0,0,0.31,0,0.15,0,2.00E-13,1.17E-06,0,9.06E-07,0
14/05/2018,4,0.43,0,0,0.289782609,0,0.140217391,0,1.24E-13,8.81E-07,0,6.85E-07,0
14/05/2018,5,0.35,0,0,0.235869565,0,0.114130435,0,1.79E-13,9.39E-07,0,7.27E-07,0
14/05/2018,6,0.35,0,0,0.235869565,0,0.114130435,0,1.79E-13,9.39E-07,0,7.27E-07,0
14/05/2018,7,0.53,0,0,0.357173913,0,0.172826087,0,7.95E-14,8.04E-07,0,6.26E-07,0
14/05/2018,8,0.51,0.016268,0.016268,0.332732435,0,0.160999565,0,5.66E-14,6.45E-07,0,4.94E-07,0
14/05/2018,9,0.46,0.057638,0.057638,0.271157,0,0.131205,0,4.63E-14,5.46E-07,0,4.19E-07,0
14/05/2018,10,0.34,0.633154,0.34,6.22E-14,0.262891607,0,4.51E-14,0,0,4.87E-07,0,4.98E-07
14/05/2018,11,0.33,0.244661,0.238956472,0.061355421,0,0.029688107,0,8.33E-13,1.20E-06,0,9.34E-07,0
14/05/2018,12,0.43,1.078807,0.43,8.50E-15,0.555916339,0,1.03E-14,0,0,2.14E-07,0,2.43E-07
14/05/2018,13,0.48,0.8422,0.48,5.55E-14,0.329625,0,3.18E-14,0,0,5.61E-07,0,4.98E-07
14/05/2018,14,0.4,0.627075,0.4,2.40E-13,0.214613839,0,4.57E-14,0,0,3.65E-07,0,4.08E-07
14/05/2018,15,0.38,0.04706,0.04706,0.224372609,0,0.108567391,0,1.34E-13,8.33E-07,0,6.43E-07,0
14/05/2018,16,0.41,0,0,0.276304348,0,0.133695652,0,9.39E-14,7.50E-07,0,5.84E-07,0
14/05/2018,17,0.44,0,0,0.296521739,0,0.143478261,0,2.73E-13,1.35E-06,0,1.06E-06,0
14/05/2018,18,0.46,0,0,0.31,0,0.15,0,2.00E-13,1.17E-06,0,9.06E-07,0
14/05/2018,19,0.41,0,0,0.276304348,0,0.133695652,0,9.39E-14,7.50E-07,0,5.84E-07,0
14/05/2018,20,0.4,0,0,0.269565217,0,0.130434783,0,9.36E-14,7.27E-07,0,5.71E-07,0
14/05/2018,21,0.66,0,0,0.444782609,0,0.215217391,0,5.00E-14,6.87E-07,0,5.35E-07,0
14/05/2018,22,0.46,0,0,0.31,0,0.15,0,2.00E-13,1.17E-06,0,9.06E-07,0
14/05/2018,23,0.58,0,0,0.390869565,0,0.189130435,0,8.14E-14,8.18E-07,0,6.47E-07,0
